Date,High,Low,Open,Close,Volume,Adj Close
2000-01-03,19.5,18.75,19.5,18.84375,582000.0,14.619257926940918
2000-01-04,18.96875,18.0,18.8125,18.34375,863200.0,14.231346130371094
2000-01-05,19.1875,18.375,18.46875,19.0625,613600.0,14.788966178894043
2000-01-06,19.9375,18.6875,18.75,19.90625,893600.0,15.443557739257812
2000-01-07,20.375,19.59375,19.90625,19.90625,900000.0,15.443557739257812
2000-01-10,20.34375,19.8125,20.0,20.3125,848600.0,15.758729934692383
2000-01-11,20.21875,19.9375,20.1875,20.09375,518000.0,15.589016914367676
2000-01-12,19.90625,19.375,19.5,19.71875,777800.0,15.29809284210205
2000-01-13,19.9375,19.53125,19.71875,19.5625,492200.0,15.176865577697754
2000-01-14,19.75,19.4375,19.5625,19.71875,427200.0,15.29809284210205
2000-01-18,19.625,19.15625,19.59375,19.21875,569600.0,14.910184860229492
2000-01-19,19.40625,18.875,19.3125,18.96875,807200.0,14.716235160827637
2000-01-20,19.09375,18.75,19.03125,18.90625,684200.0,14.667740821838379
2000-01-21,19.0,18.5,19.0,18.53125,623800.0,14.376816749572754
2000-01-24,18.625,18.0,18.5625,18.1875,417400.0,14.110119819641113
2000-01-25,18.75,17.59375,18.3125,17.8125,729200.0,13.819190979003906
2000-01-26,18.375,17.65625,17.90625,18.09375,801800.0,14.03738784790039
2000-01-27,18.34375,17.75,17.96875,18.03125,354600.0,13.988905906677246
2000-01-28,17.90625,16.875,17.90625,17.25,724200.0,13.382795333862305
2000-01-31,17.78125,17.40625,17.5,17.59375,500200.0,13.64948558807373
2000-02-01,17.625,17.3125,17.5,17.53125,274000.0,13.600996017456055
2000-02-02,17.59375,17.0,17.59375,17.03125,690400.0,13.213088035583496
2000-02-03,17.59375,17.0,17.15625,17.375,626800.0,13.479777336120605
2000-02-04,17.875,17.25,17.375,17.5625,754600.0,13.625238418579102
2000-02-07,17.6875,17.25,17.4375,17.46875,655800.0,13.55251407623291
2000-02-08,17.4375,16.9375,17.4375,17.09375,695400.0,13.261579513549805
2000-02-09,17.0625,16.40625,17.0625,16.53125,611800.0,12.825180053710938
2000-02-10,16.75,16.3125,16.40625,16.5625,441000.0,12.849422454833984
2000-02-11,16.75,16.15625,16.6875,16.25,366600.0,12.606986045837402
2000-02-14,16.4375,16.09375,16.3125,16.25,302000.0,12.606986045837402
2000-02-15,16.6875,16.125,16.25,16.6875,683400.0,12.946407318115234
2000-02-16,16.8125,16.25,16.625,16.375,408000.0,12.703962326049805
2000-02-17,16.4375,16.1875,16.4375,16.34375,393000.0,12.679720878601074
2000-02-18,16.34375,15.125,16.21875,15.53125,849000.0,12.049365997314453
2000-02-22,16.09375,15.5,16.0,15.84375,626000.0,12.291814804077148
2000-02-23,15.9375,15.375,15.8125,15.5625,501000.0,12.07361125946045
2000-02-24,15.53125,14.1875,15.5,14.5625,1124400.0,11.29780101776123
2000-02-25,15.03125,14.53125,14.6875,14.5625,557800.0,11.29780101776123
2000-02-28,14.90625,14.0,14.6875,14.3125,720600.0,11.103842735290527
2000-02-29,14.46875,14.0625,14.375,14.125,651800.0,10.958379745483398
2000-03-01,14.625,14.25,14.375,14.4375,710400.0,11.200818061828613
2000-03-02,14.625,14.28125,14.40625,14.375,718800.0,11.152331352233887
2000-03-03,15.5,14.3125,14.375,15.34375,1126800.0,11.90390396118164
2000-03-06,15.40625,14.09375,15.34375,14.25,570200.0,11.05535888671875
2000-03-07,14.75,14.09375,14.4375,14.1875,778000.0,11.006869316101074
2000-03-08,14.71875,14.0,14.0625,14.5625,667600.0,11.29780101776123
2000-03-09,15.25,14.4375,14.625,15.125,873200.0,11.734196662902832
2000-03-10,15.34375,14.875,14.96875,15.1875,709600.0,11.782685279846191
2000-03-13,15.21875,14.75,15.21875,14.90625,614200.0,11.564486503601074
2000-03-14,15.65625,14.8125,14.8125,15.40625,907800.0,11.952388763427734
2000-03-15,16.5,15.25,15.3125,16.28125,1011600.0,12.631229400634766
2000-03-16,17.34375,16.375,16.625,17.3125,877400.0,13.43128776550293
2000-03-17,17.9375,17.03125,17.9375,17.21875,1137400.0,13.405014038085938
2000-03-20,17.46875,16.8125,17.28125,17.0625,896600.0,13.283370018005371
2000-03-21,17.6875,16.875,16.875,17.5,430200.0,13.623970031738281
2000-03-22,17.5625,17.0,17.5,17.1875,450000.0,13.380685806274414
2000-03-23,17.25,16.4375,17.0625,16.9375,1142000.0,13.186049461364746
2000-03-24,17.34375,16.6875,16.8125,17.28125,669200.0,13.45367431640625
2000-03-27,17.46875,17.09375,17.1875,17.28125,460000.0,13.45367431640625
2000-03-28,17.875,17.1875,17.21875,17.3125,505400.0,13.477997779846191
2000-03-29,17.5,17.28125,17.28125,17.46875,221800.0,13.59964370727539
2000-03-30,18.5,17.5625,17.59375,18.25,760400.0,14.20785140991211
2000-03-31,18.5,18.1875,18.21875,18.34375,706800.0,14.280839920043945
2000-04-03,19.0,18.125,18.25,18.59375,869000.0,14.475475311279297
2000-04-04,19.0,18.0,18.6875,18.46875,494200.0,14.378155708312988
2000-04-05,19.0,18.40625,18.40625,18.875,587400.0,14.69442367553711
2000-04-06,19.03125,18.8125,18.84375,18.9375,459400.0,14.743081092834473
2000-04-07,18.96875,18.65625,18.8125,18.71875,368400.0,14.572787284851074
2000-04-10,19.1875,18.65625,18.65625,18.9375,527000.0,14.743081092834473
2000-04-11,19.46875,18.8125,18.8125,19.125,556200.0,14.889056205749512
2000-04-12,19.5,19.125,19.125,19.1875,437200.0,14.937711715698242
2000-04-13,19.3125,18.84375,19.1875,18.96875,424000.0,14.767415046691895
2000-04-14,18.8125,17.9375,18.5625,18.3125,719000.0,14.256510734558105
2000-04-17,18.53125,18.0,18.0625,18.1875,467600.0,14.15919303894043
2000-04-18,18.21875,17.5,18.21875,17.78125,535800.0,13.842924118041992
2000-04-19,18.0,17.46875,17.71875,17.8125,595000.0,13.867252349853516
2000-04-20,18.78125,18.25,18.5,18.3125,1123800.0,14.256510734558105
2000-04-24,19.125,18.125,18.1875,18.96875,1053000.0,14.767415046691895
2000-04-25,19.375,18.75,18.84375,19.28125,578800.0,15.010696411132812
2000-04-26,19.84375,19.15625,19.28125,19.4375,712000.0,15.13233470916748
2000-04-27,19.625,19.125,19.1875,19.5,830200.0,15.180988311767578
2000-04-28,20.0,19.4375,19.4375,19.53125,764800.0,15.205316543579102
2000-05-01,20.09375,19.40625,19.40625,20.09375,643400.0,15.64323616027832
2000-05-02,20.03125,19.75,19.96875,20.03125,1046400.0,15.594576835632324
2000-05-03,20.125,19.625,19.75,19.9375,1325200.0,15.52159595489502
2000-05-04,20.09375,19.71875,19.9375,19.9375,819000.0,15.52159595489502
2000-05-05,20.5625,19.75,19.84375,20.125,841400.0,15.667564392089844
2000-05-08,19.9375,19.28125,19.9375,19.625,713000.0,15.278307914733887
2000-05-09,20.0,19.34375,19.5,20.0,1005400.0,15.570250511169434
2000-05-10,20.4375,19.84375,19.9375,20.0,448600.0,15.570250511169434
2000-05-11,20.625,19.875,19.875,20.34375,595000.0,15.83786678314209
2000-05-12,20.46875,20.0,20.28125,20.4375,636400.0,15.91085147857666
2000-05-15,20.5,20.21875,20.3125,20.40625,619000.0,15.886512756347656
2000-05-16,20.15625,19.75,20.15625,20.0,813600.0,15.570250511169434
2000-05-17,20.03125,19.71875,20.0,20.0,389200.0,15.570250511169434
2000-05-18,20.09375,19.5625,19.875,19.59375,515600.0,15.253974914550781
2000-05-19,19.625,19.21875,19.5,19.5,690200.0,15.180988311767578
2000-05-22,19.9375,19.59375,19.59375,19.78125,391400.0,15.399950981140137
2000-05-23,19.8125,19.28125,19.6875,19.5,519800.0,15.180988311767578
2000-05-24,19.8125,19.53125,19.625,19.625,373600.0,15.278307914733887
2000-05-25,19.5625,18.96875,19.5625,18.96875,557000.0,14.767415046691895
2000-05-26,19.25,18.96875,19.03125,19.09375,348200.0,14.86471939086914
2000-05-30,19.375,19.0,19.0,19.34375,458200.0,15.059356689453125
2000-05-31,19.21875,19.0,19.21875,19.125,419200.0,14.889056205749512
2000-06-01,19.15625,18.53125,19.0,19.09375,994800.0,14.86471939086914
2000-06-02,19.6875,19.09375,19.125,19.59375,586200.0,15.253974914550781
2000-06-05,19.40625,19.03125,19.40625,19.125,492400.0,14.889056205749512
2000-06-06,19.09375,18.8125,19.0625,18.9375,500400.0,14.743081092834473
2000-06-07,19.1875,18.875,18.90625,19.03125,387800.0,14.81606674194336
2000-06-08,19.4375,18.46875,18.90625,19.21875,411800.0,14.962039947509766
2000-06-09,19.46875,19.09375,19.28125,19.1875,367400.0,14.937711715698242
2000-06-12,19.375,18.4375,19.0625,18.5625,709200.0,14.451136589050293
2000-06-13,18.8125,18.59375,18.6875,18.65625,634000.0,14.524129867553711
2000-06-14,19.03125,18.625,18.6875,18.84375,441800.0,14.670101165771484
2000-06-15,19.1875,18.65625,18.9375,18.65625,408200.0,14.524129867553711
2000-06-16,18.71875,18.375,18.65625,18.515625,701400.0,14.461148262023926
2000-06-19,18.625,18.40625,18.4375,18.46875,559600.0,14.424546241760254
2000-06-20,18.4375,17.9375,18.375,18.28125,734800.0,14.278109550476074
2000-06-21,18.21875,17.8125,18.15625,17.90625,455400.0,13.985210418701172
2000-06-22,17.96875,17.6875,17.8125,17.875,489800.0,13.960811614990234
2000-06-23,18.21875,17.90625,17.96875,18.0,293400.0,14.058435440063477
2000-06-26,18.09375,17.71875,18.0,17.9375,447200.0,14.009625434875488
2000-06-27,18.75,17.96875,18.0,18.46875,667200.0,14.424546241760254
2000-06-28,19.09375,18.0,18.59375,18.671875,897800.0,14.583198547363281
2000-06-29,19.3125,18.53125,18.53125,19.03125,706200.0,14.863869667053223
2000-06-30,19.5625,18.65625,18.90625,19.53125,1034600.0,15.254378318786621
2000-07-03,20.0,19.53125,19.53125,20.0,512800.0,15.620485305786133
2000-07-05,20.0,19.8125,19.9375,20.0,528000.0,15.620485305786133
2000-07-06,19.8125,19.0,19.8125,19.21875,590800.0,15.0103120803833
2000-07-07,19.375,19.0625,19.0625,19.21875,445600.0,15.0103120803833
2000-07-10,19.34375,19.1875,19.25,19.3125,1173000.0,15.08353042602539
2000-07-11,19.34375,18.90625,19.25,18.9375,1101600.0,14.790650367736816
2000-07-12,18.96875,18.5,18.96875,18.6875,800600.0,14.595398902893066
2000-07-13,18.71875,18.59375,18.71875,18.6875,907200.0,14.595398902893066
2000-07-14,18.71875,18.21875,18.71875,18.5625,426800.0,14.497764587402344
2000-07-17,18.4375,17.8125,18.4375,18.03125,513800.0,14.082846641540527
2000-07-18,18.34375,18.03125,18.0625,18.25,830400.0,14.253693580627441
2000-07-19,18.5,18.25,18.3125,18.34375,488800.0,14.326919555664062
2000-07-20,18.5,17.96875,18.125,18.46875,720800.0,14.424546241760254
2000-07-21,18.53125,18.0,18.375,18.0625,401400.0,14.107251167297363
2000-07-24,17.96875,17.59375,17.8125,17.71875,386400.0,13.838777542114258
2000-07-25,18.21875,17.625,17.71875,18.09375,808000.0,14.131658554077148
2000-07-26,18.0,17.3125,18.0,17.4375,652200.0,13.619115829467773
2000-07-27,17.84375,17.375,17.375,17.734375,795200.0,13.850975036621094
2000-07-28,18.25,17.71875,17.71875,18.0625,505000.0,14.107251167297363
2000-07-31,18.25,17.90625,18.09375,17.90625,683800.0,13.985210418701172
2000-08-01,18.09375,17.9375,18.03125,17.9375,253800.0,14.009625434875488
2000-08-02,18.0,17.59375,17.90625,17.9375,451200.0,14.009625434875488
2000-08-03,18.34375,17.90625,18.0625,18.09375,422200.0,14.131658554077148
2000-08-04,18.28125,17.78125,18.03125,18.15625,268400.0,14.1804780960083
2000-08-07,18.84375,18.25,18.25,18.75,487600.0,14.644211769104004
2000-08-08,18.96875,18.375,18.625,18.875,459800.0,14.74183464050293
2000-08-09,18.8125,18.21875,18.75,18.46875,655400.0,14.424546241760254
2000-08-10,18.75,18.4375,18.46875,18.5,379200.0,14.448949813842773
2000-08-11,19.21875,18.8125,18.8125,19.0625,379400.0,14.88828182220459
2000-08-14,19.09375,18.8125,18.9375,19.0,273000.0,14.83946418762207
2000-08-15,19.3125,18.875,18.875,19.125,228200.0,14.937095642089844
2000-08-16,19.40625,19.0625,19.0625,19.25,217800.0,15.034716606140137
2000-08-17,19.40625,19.1875,19.25,19.21875,220400.0,15.0103120803833
2000-08-18,19.40625,19.125,19.15625,19.25,408400.0,15.034716606140137
2000-08-21,19.46875,19.34375,19.375,19.375,306600.0,15.132346153259277
2000-08-22,19.8125,19.125,19.3125,19.75,611600.0,15.425237655639648
2000-08-23,19.84375,19.53125,19.75,19.65625,567600.0,15.35201358795166
2000-08-24,19.59375,19.21875,19.53125,19.3125,478800.0,15.08353042602539
2000-08-25,19.5625,19.28125,19.3125,19.4375,671600.0,15.181159019470215
2000-08-28,19.4375,19.1875,19.4375,19.28125,432000.0,15.059127807617188
2000-08-29,19.25,19.03125,19.0625,19.0625,296600.0,14.88828182220459
2000-08-30,19.25,19.0,19.0,19.09375,401400.0,14.912681579589844
2000-08-31,19.59375,19.09375,19.1875,19.46875,338400.0,15.205570220947266
2000-09-01,19.5,19.3125,19.46875,19.34375,286200.0,15.107945442199707
2000-09-05,19.5,19.21875,19.34375,19.34375,300400.0,15.107945442199707
2000-09-06,19.78125,19.34375,19.375,19.53125,347800.0,15.254378318786621
2000-09-07,19.71875,19.03125,19.65625,19.21875,361200.0,15.0103120803833
2000-09-08,19.21875,18.78125,19.21875,18.96875,485000.0,14.815059661865234
2000-09-11,19.21875,18.84375,18.9375,19.0625,439400.0,14.88828182220459
2000-09-12,19.375,18.84375,18.96875,19.375,570200.0,15.132346153259277
2000-09-13,19.34375,18.96875,19.1875,18.96875,272200.0,14.815059661865234
2000-09-14,18.96875,18.0625,18.90625,18.40625,575400.0,14.375730514526367
2000-09-15,18.34375,18.0,18.0,18.09375,877000.0,14.177873611450195
2000-09-18,18.34375,17.875,18.125,18.21875,575600.0,14.275823593139648
2000-09-19,18.25,17.8125,18.21875,18.0625,334600.0,14.153389930725098
2000-09-20,18.0625,17.78125,18.0625,17.84375,280400.0,13.981986045837402
2000-09-21,18.1875,17.8125,17.875,17.96875,455800.0,14.079930305480957
2000-09-22,18.03125,17.25,17.875,17.9375,525600.0,14.055442810058594
2000-09-25,18.03125,17.6875,17.9375,17.875,281600.0,14.006465911865234
2000-09-26,17.96875,16.625,17.9375,17.125,1474000.0,13.41878604888916
2000-09-27,17.125,16.8125,17.0,17.03125,1190400.0,13.34532642364502
2000-09-28,17.875,17.09375,17.09375,17.71875,355000.0,13.884033203125
2000-09-29,18.21875,17.59375,17.625,18.03125,367000.0,14.12890625
2000-10-02,18.34375,17.59375,17.9375,17.9375,411000.0,14.055442810058594
2000-10-03,18.5,17.96875,18.03125,18.375,401600.0,14.3982572555542
2000-10-04,18.8125,18.21875,18.375,18.28125,609800.0,14.32480525970459
2000-10-05,18.3125,18.0625,18.3125,18.125,270200.0,14.202363014221191
2000-10-06,18.53125,17.875,18.25,17.9375,545200.0,14.055442810058594
2000-10-09,18.28125,17.75,17.8125,17.84375,551600.0,13.981986045837402
2000-10-10,18.28125,17.90625,17.90625,18.1875,577400.0,14.251334190368652
2000-10-11,18.46875,17.96875,18.15625,18.125,481000.0,14.202363014221191
2000-10-12,18.1875,17.75,18.09375,17.9375,543200.0,14.055442810058594
2000-10-13,17.84375,17.625,17.8125,17.75,343000.0,13.90851879119873
2000-10-16,18.1875,17.5625,17.75,17.875,335000.0,14.006465911865234
2000-10-17,18.15625,17.5,18.0,17.53125,326400.0,13.737114906311035
2000-10-18,17.5625,17.0625,17.53125,17.375,280600.0,13.614679336547852
2000-10-19,17.6875,17.03125,17.125,17.4375,464400.0,13.663656234741211
2000-10-20,17.9375,17.21875,17.3125,17.5625,560800.0,13.761598587036133
2000-10-23,17.90625,17.4375,17.59375,17.6875,539600.0,13.85954761505127
2000-10-24,18.5,17.78125,17.8125,18.40625,546200.0,14.422744750976562
2000-10-25,18.53125,18.03125,18.375,18.4375,500000.0,14.447233200073242
2000-10-26,18.96875,18.4375,18.46875,18.84375,479600.0,14.76556396484375
2000-10-27,19.15625,18.53125,18.71875,19.09375,432000.0,14.96145248413086
2000-10-30,20.125,19.09375,19.09375,20.09375,1508000.0,15.745026588439941
2000-10-31,20.0625,19.5625,20.0,19.59375,1309000.0,15.353243827819824
2000-11-01,19.5625,19.15625,19.375,19.5,733200.0,15.279779434204102
2000-11-02,20.0,19.28125,19.625,19.8125,684800.0,15.524658203125
2000-11-03,20.0,19.625,19.9375,19.78125,397400.0,15.500162124633789
2000-11-06,20.0,19.78125,19.78125,19.9375,373400.0,15.622602462768555
2000-11-07,20.375,19.75,20.0,20.03125,560000.0,15.696059226989746
2000-11-08,20.3125,19.53125,19.8125,19.78125,803400.0,15.500162124633789
2000-11-09,20.125,19.75,19.84375,20.0,530000.0,15.6715726852417
2000-11-10,20.03125,19.78125,20.0,19.875,443600.0,15.573616981506348
2000-11-13,20.0,19.40625,19.8125,19.5625,609400.0,15.328751564025879
2000-11-14,20.0,19.46875,19.46875,19.9375,954600.0,15.622602462768555
2000-11-15,20.3125,19.875,19.875,20.125,614200.0,15.769524574279785
2000-11-16,20.125,19.65625,20.125,19.8125,357000.0,15.524658203125
2000-11-17,20.25,19.75,19.75,20.03125,488400.0,15.696059226989746
2000-11-20,20.03125,19.78125,20.0,19.84375,293400.0,15.5491361618042
2000-11-21,20.59375,19.78125,19.78125,20.4375,1275200.0,16.01439094543457
2000-11-22,20.4375,20.1875,20.3125,20.34375,472600.0,15.94093132019043
2000-11-24,20.71875,20.25,20.25,20.53125,259200.0,16.08785057067871
2000-11-27,20.71875,20.34375,20.65625,20.5625,618400.0,16.11233901977539
2000-11-28,21.125,20.5625,20.5625,20.875,1276400.0,16.357208251953125
2000-11-29,21.625,20.875,20.875,21.375,1012400.0,16.748994827270508
2000-11-30,21.875,21.3125,21.375,21.71875,1512800.0,17.018352508544922
2000-12-01,21.71875,21.3125,21.59375,21.625,1071400.0,16.944887161254883
2000-12-04,22.0,21.625,21.625,21.875,1040200.0,17.14078712463379
2000-12-05,22.0,21.125,22.0,21.34375,1490800.0,16.72451400756836
2000-12-06,21.34375,20.84375,21.34375,20.9375,1189200.0,16.406187057495117
2000-12-07,21.03125,20.5625,20.5625,20.84375,560600.0,16.332719802856445
2000-12-08,22.0,21.5,21.625,21.75,1719400.0,17.042835235595703
2000-12-11,21.75,20.9375,21.71875,21.09375,1594000.0,16.528610229492188
2000-12-12,21.59375,21.0,21.1875,21.125,552200.0,16.553104400634766
2000-12-13,21.46875,21.0,21.125,21.25,933000.0,16.651046752929688
2000-12-14,21.40625,20.71875,21.3125,20.875,883800.0,16.357208251953125
2000-12-15,21.03125,20.40625,20.71875,20.46875,1803600.0,16.088970184326172
2000-12-18,20.9453125,20.5,20.59375,20.625,772800.0,16.21178436279297
2000-12-19,20.6875,20.21875,20.6875,20.25,714800.0,15.917030334472656
2000-12-20,20.28125,19.8125,20.09375,19.90625,600000.0,15.646838188171387
2000-12-21,20.5,19.96875,20.0625,20.28125,568400.0,15.94158935546875
2000-12-22,20.9375,20.1875,20.5625,20.875,769400.0,16.408300399780273
2000-12-26,20.875,20.59375,20.84375,20.6875,427800.0,16.26091957092285
2000-12-27,22.15625,20.84375,20.875,21.59375,1492400.0,16.973249435424805
2000-12-28,22.84375,20.875,21.75,22.34375,1057600.0,17.562767028808594
2000-12-29,22.40625,21.5,22.25,21.59375,625600.0,16.973249435424805
2001-01-02,21.59375,21.15625,21.59375,21.25,571600.0,16.70305633544922
2001-01-03,21.5625,21.0,21.4375,21.53125,930200.0,16.924129486083984
2001-01-04,22.09375,21.34375,21.8125,21.53125,901600.0,16.924129486083984
2001-01-05,21.65625,21.125,21.65625,21.46875,799600.0,16.8749942779541
2001-01-08,22.03125,21.4375,21.46875,21.96875,941400.0,17.26801872253418
2001-01-09,21.78125,21.1875,21.78125,21.375,494800.0,16.801307678222656
2001-01-10,21.28125,20.46875,21.25,21.15625,452200.0,16.629371643066406
2001-01-11,21.34375,20.75,21.21875,21.1875,455600.0,16.653932571411133
2001-01-12,21.375,20.6875,21.34375,20.9375,326800.0,16.457429885864258
2001-01-16,20.78125,20.28125,20.75,20.5,1178400.0,16.11353874206543
2001-01-17,20.5625,19.53125,20.5625,19.65625,899800.0,15.450326919555664
2001-01-18,19.71875,19.15625,19.6875,19.5,735600.0,15.327507972717285
2001-01-19,19.46875,19.0,19.3125,19.1875,1162800.0,15.081877708435059
2001-01-22,19.625,19.0,19.25,19.5,678200.0,15.327507972717285
2001-01-23,19.875,19.3125,19.3125,19.46875,692000.0,15.302943229675293
2001-01-24,19.71875,19.375,19.59375,19.46875,549000.0,15.302943229675293
2001-01-25,19.65625,19.25,19.4375,19.46875,1149200.0,15.302943229675293
2001-01-26,19.8125,19.40625,19.625,19.4375,896800.0,15.278380393981934
2001-01-29,20.125,19.395000457763672,19.399999618530273,19.920000076293945,547200.0,15.657641410827637
2001-01-30,20.625,19.795000076293945,19.920000076293945,20.524999618530273,777800.0,16.13319206237793
2001-01-31,21.024999618530273,20.450000762939453,20.5,20.774999618530273,868000.0,16.32969093322754
2001-02-01,21.549999237060547,20.94499969482422,21.0,21.375,1159400.0,16.801307678222656
2001-02-02,21.475000381469727,20.94499969482422,21.350000381469727,21.075000762939453,587000.0,16.565505981445312
2001-02-05,21.5,21.0,21.0,21.399999618530273,360200.0,16.820964813232422
2001-02-06,21.825000762939453,21.329999923706055,21.395000457763672,21.514999389648438,896800.0,16.911352157592773
2001-02-07,21.594999313354492,21.225000381469727,21.549999237060547,21.405000686645508,573800.0,16.824888229370117
2001-02-08,21.485000610351562,21.174999237060547,21.475000381469727,21.3799991607666,587200.0,16.80523681640625
2001-02-09,21.725000381469727,21.415000915527344,21.424999237060547,21.530000686645508,567200.0,16.923147201538086
2001-02-12,21.530000686645508,21.125,21.530000686645508,21.274999618530273,571800.0,16.72270393371582
2001-02-13,21.625,20.665000915527344,21.174999237060547,20.674999237060547,1091400.0,16.25108528137207
2001-02-14,21.844999313354492,20.770000457763672,20.799999237060547,21.229999542236328,1155200.0,16.68733787536621
2001-02-15,21.635000228881836,21.075000762939453,21.104999542236328,21.174999237060547,1169600.0,16.644102096557617
2001-02-16,21.344999313354492,20.78499984741211,21.25,20.8799991607666,519800.0,16.412221908569336
2001-02-20,21.940000534057617,20.975000381469727,21.0,21.415000915527344,626400.0,16.83275604248047
2001-02-21,21.5,20.950000762939453,21.5,21.274999618530273,612600.0,16.72270393371582
2001-02-22,21.399999618530273,20.700000762939453,21.274999618530273,21.145000457763672,421800.0,16.62052345275879
2001-02-23,20.924999237060547,20.31999969482422,20.924999237060547,20.635000228881836,527000.0,16.21965217590332
2001-02-26,21.125,20.635000228881836,20.75,21.114999771118164,556800.0,16.59694480895996
2001-02-27,21.200000762939453,20.885000228881836,21.1200008392334,21.149999618530273,520000.0,16.62445640563965
2001-02-28,21.274999618530273,20.850000381469727,21.274999618530273,20.975000381469727,497000.0,16.486906051635742
2001-03-01,21.309999465942383,20.875,20.875,21.184999465942383,631400.0,16.651968002319336
2001-03-02,21.575000762939453,20.850000381469727,21.100000381469727,21.5049991607666,653000.0,16.90348243713379
2001-03-05,21.924999237060547,21.5,21.5,21.625,648000.0,16.99781608581543
2001-03-06,21.875,21.260000228881836,21.875,21.364999771118164,1107800.0,16.793441772460938
2001-03-07,21.649999618530273,21.350000381469727,21.350000381469727,21.649999618530273,392800.0,17.01746940612793
2001-03-08,21.770000457763672,21.450000762939453,21.649999618530273,21.7549991607666,427200.0,17.100000381469727
2001-03-09,22.03499984741211,21.700000762939453,21.700000762939453,21.924999237060547,538600.0,17.23362159729004
2001-03-12,21.799999237060547,21.34000015258789,21.600000381469727,21.5,448000.0,16.899560928344727
2001-03-13,21.399999618530273,20.450000762939453,21.399999618530273,20.899999618530273,799200.0,16.427946090698242
2001-03-14,20.674999237060547,20.225000381469727,20.649999618530273,20.55500030517578,499200.0,16.156768798828125
2001-03-15,21.149999618530273,20.475000381469727,20.5,20.96500015258789,842800.0,16.479040145874023
2001-03-16,21.424999237060547,20.825000762939453,21.25,20.96500015258789,1418800.0,16.530288696289062
2001-03-19,21.274999618530273,20.514999389648438,20.850000381469727,20.75,658400.0,16.36077117919922
2001-03-20,20.905000686645508,20.149999618530273,20.649999618530273,20.604999542236328,536600.0,16.246429443359375
2001-03-21,20.604999542236328,19.80500030517578,20.604999542236328,20.165000915527344,606000.0,15.899505615234375
2001-03-22,20.0,18.940000534057617,20.0,19.479999542236328,506800.0,15.359413146972656
2001-03-23,20.299999237060547,19.239999771118164,19.549999237060547,20.209999084472656,590400.0,15.934990882873535
2001-03-26,21.270000457763672,20.174999237060547,20.174999237060547,20.875,796400.0,16.459327697753906
2001-03-27,21.325000762939453,20.725000381469727,20.799999237060547,21.309999465942383,860400.0,16.80231475830078
2001-03-28,21.299999237060547,20.600000381469727,21.184999465942383,21.114999771118164,894000.0,16.6485595703125
2001-03-29,21.375,20.75,20.850000381469727,21.014999389648438,522200.0,16.569713592529297
2001-03-30,21.25,20.875,21.149999618530273,21.209999084472656,411800.0,16.723468780517578
2001-04-02,21.600000381469727,20.75,21.2450008392334,21.05500030517578,715800.0,16.60125160217285
2001-04-03,21.0,20.0,21.0,20.375,1048000.0,16.065086364746094
2001-04-04,20.475000381469727,20.104999542236328,20.25,20.334999084472656,1003400.0,16.033554077148438
2001-04-05,20.850000381469727,20.200000762939453,20.360000610351562,20.844999313354492,703800.0,16.4356689453125
2001-04-06,20.844999313354492,19.899999618530273,20.844999313354492,20.450000762939453,626600.0,16.124223709106445
2001-04-09,21.100000381469727,20.450000762939453,20.450000762939453,20.850000381469727,385200.0,16.439617156982422
2001-04-10,21.280000686645508,20.709999084472656,20.899999618530273,21.260000228881836,553000.0,16.762889862060547
2001-04-11,21.03499984741211,20.325000762939453,21.03499984741211,20.469999313354492,632000.0,16.140005111694336
2001-04-12,20.625,19.924999237060547,20.5,20.405000686645508,514600.0,16.088754653930664
2001-04-16,20.899999618530273,20.024999618530273,20.530000686645508,20.5,587400.0,16.16364860534668
2001-04-17,20.78499984741211,20.225000381469727,20.549999237060547,20.78499984741211,297000.0,16.38836669921875
2001-04-18,21.149999618530273,20.625,20.975000381469727,21.0,622200.0,16.557886123657227
2001-04-19,20.825000762939453,20.43000030517578,20.799999237060547,20.489999771118164,821200.0,16.1557674407959
2001-04-20,20.524999618530273,19.774999618530273,20.399999618530273,20.065000534057617,679800.0,15.820664405822754
2001-04-23,19.899999618530273,19.2450008392334,19.875,19.31999969482422,1191400.0,15.233263969421387
2001-04-24,19.200000762939453,18.600000381469727,19.100000381469727,18.75,1902200.0,14.783823013305664
2001-04-25,18.815000534057617,18.174999237060547,18.815000534057617,18.56999969482422,1187400.0,14.641899108886719
2001-04-26,19.0,18.575000762939453,18.625,18.905000686645508,1296200.0,14.906044006347656
2001-04-27,19.30500030517578,18.75,19.020000457763672,19.010000228881836,726600.0,14.988826751708984
2001-04-30,19.125,18.875,19.110000610351562,18.915000915527344,901200.0,14.913921356201172
2001-05-01,19.100000381469727,18.81999969482422,19.024999618530273,18.924999237060547,910400.0,14.92180347442627
2001-05-02,19.2450008392334,18.80500030517578,19.049999237060547,19.184999465942383,865200.0,15.126802444458008
2001-05-03,19.094999313354492,18.825000762939453,19.094999313354492,19.0,928200.0,14.980942726135254
2001-05-04,19.2450008392334,18.795000076293945,18.950000762939453,19.200000762939453,689000.0,15.138639450073242
2001-05-07,19.514999389648438,19.200000762939453,19.225000381469727,19.235000610351562,612400.0,15.166237831115723
2001-05-08,19.53499984741211,19.299999237060547,19.5,19.395000457763672,645800.0,15.292386054992676
2001-05-09,19.674999237060547,19.174999237060547,19.200000762939453,19.510000228881836,378200.0,15.383068084716797
2001-05-10,19.875,19.690000534057617,19.799999237060547,19.854999542236328,733200.0,15.655089378356934
2001-05-11,20.299999237060547,19.700000762939453,20.25,19.799999237060547,1025200.0,15.611715316772461
2001-05-14,20.049999237060547,19.665000915527344,19.899999618530273,19.8700008392334,542000.0,15.666913986206055
2001-05-15,20.149999618530273,19.850000381469727,19.8700008392334,19.989999771118164,326800.0,15.761529922485352
2001-05-16,20.75,19.975000381469727,19.975000381469727,20.69499969482422,481800.0,16.317399978637695
2001-05-17,21.149999618530273,20.635000228881836,20.875,20.8799991607666,747600.0,16.463275909423828
2001-05-18,21.024999618530273,20.450000762939453,20.8799991607666,20.7549991607666,1043200.0,16.364713668823242
2001-05-21,20.774999618530273,20.28499984741211,20.725000381469727,20.610000610351562,784200.0,16.250375747680664
2001-05-22,20.75,20.325000762939453,20.75,20.434999465942383,1038000.0,16.112403869628906
2001-05-23,20.5,20.100000381469727,20.350000381469727,20.18000030517578,551800.0,15.911340713500977
2001-05-24,20.299999237060547,20.0,20.18000030517578,20.135000228881836,481200.0,15.875860214233398
2001-05-25,20.415000915527344,20.094999313354492,20.174999237060547,20.149999618530273,203400.0,15.887683868408203
2001-05-29,20.524999618530273,20.094999313354492,20.200000762939453,20.239999771118164,362800.0,15.95865535736084
2001-05-30,20.485000610351562,19.979999542236328,20.149999618530273,20.049999237060547,540800.0,15.808849334716797
2001-05-31,20.584999084472656,20.200000762939453,20.225000381469727,20.440000534057617,510400.0,16.116350173950195
2001-06-01,20.549999237060547,20.075000762939453,20.44499969482422,20.44499969482422,681800.0,16.12027359008789
2001-06-04,20.684999465942383,20.440000534057617,20.44499969482422,20.575000762939453,512400.0,16.2227840423584
2001-06-05,20.735000610351562,20.489999771118164,20.649999618530273,20.604999542236328,851600.0,16.246429443359375
2001-06-06,20.774999618530273,20.575000762939453,20.649999618530273,20.700000762939453,862000.0,16.321346282958984
2001-06-07,20.924999237060547,20.639999389648438,20.790000915527344,20.80500030517578,353600.0,16.404132843017578
2001-06-08,20.950000762939453,20.674999237060547,20.875,20.885000228881836,341400.0,16.46721076965332
2001-06-11,20.899999618530273,20.549999237060547,20.799999237060547,20.56999969482422,304400.0,16.218843460083008
2001-06-12,20.649999618530273,20.475000381469727,20.5,20.520000457763672,570400.0,16.179418563842773
2001-06-13,20.649999618530273,20.325000762939453,20.395000457763672,20.479999542236328,465800.0,16.14788818359375
2001-06-14,20.614999771118164,20.25,20.604999542236328,20.475000381469727,562200.0,16.14394187927246
2001-06-15,20.424999237060547,20.075000762939453,20.225000381469727,20.270000457763672,604200.0,16.033201217651367
2001-06-18,20.264999389648438,19.975000381469727,20.174999237060547,20.15999984741211,330400.0,15.94619369506836
2001-06-19,20.5,20.0049991607666,20.049999237060547,20.30500030517578,701800.0,16.06088638305664
2001-06-20,20.665000915527344,20.21500015258789,20.299999237060547,20.6200008392334,490800.0,16.310049057006836
2001-06-21,20.55500030517578,20.1200008392334,20.549999237060547,20.2549991607666,645000.0,16.021337509155273
2001-06-22,20.274999618530273,19.815000534057617,20.225000381469727,19.8700008392334,332000.0,15.716801643371582
2001-06-25,20.100000381469727,19.625,19.8700008392334,19.674999237060547,618800.0,15.562566757202148
2001-06-26,20.174999237060547,19.5,19.600000381469727,20.040000915527344,507600.0,15.851269721984863
2001-06-27,20.424999237060547,19.96500015258789,20.024999618530273,20.135000228881836,440400.0,15.926426887512207
2001-06-28,20.600000381469727,20.200000762939453,20.350000381469727,20.395000457763672,599000.0,16.13207244873047
2001-06-29,20.600000381469727,20.174999237060547,20.549999237060547,20.485000610351562,849800.0,16.203256607055664
2001-07-02,20.860000610351562,20.424999237060547,20.475000381469727,20.625,600400.0,16.313997268676758
2001-07-03,20.725000381469727,20.34000015258789,20.600000381469727,20.684999465942383,294400.0,16.361461639404297
2001-07-05,20.969999313354492,20.670000076293945,20.700000762939453,20.78499984741211,695400.0,16.440553665161133
2001-07-06,20.600000381469727,19.905000686645508,20.584999084472656,19.924999237060547,966800.0,15.760308265686035
2001-07-09,20.299999237060547,19.940000534057617,20.0,20.204999923706055,528600.0,15.981781959533691
2001-07-10,20.225000381469727,19.875,20.100000381469727,20.0049991607666,408400.0,15.82359504699707
2001-07-11,20.399999618530273,19.915000915527344,20.049999237060547,20.2549991607666,564200.0,16.021337509155273
2001-07-12,20.625,20.125,20.350000381469727,20.575000762939453,320800.0,16.274452209472656
2001-07-13,20.700000762939453,20.25,20.549999237060547,20.40999984741211,370600.0,16.14394760131836
2001-07-16,20.625,20.28499984741211,20.299999237060547,20.360000610351562,260200.0,16.104389190673828
2001-07-17,20.399999618530273,20.174999237060547,20.364999771118164,20.260000228881836,468600.0,16.025287628173828
2001-07-18,20.270000457763672,19.875,20.260000228881836,20.075000762939453,867000.0,15.878959655761719
2001-07-19,19.850000381469727,19.389999389648438,19.625,19.770000457763672,1527000.0,15.637713432312012
2001-07-20,19.850000381469727,19.46500015258789,19.825000762939453,19.69499969482422,1293800.0,15.578384399414062
2001-07-23,19.899999618530273,19.575000762939453,19.875,19.709999084472656,957800.0,15.590245246887207
2001-07-24,19.655000686645508,19.125,19.549999237060547,19.3700008392334,864400.0,15.321319580078125
2001-07-25,19.75,19.325000762939453,19.475000381469727,19.735000610351562,624400.0,15.610025405883789
2001-07-26,19.875,19.424999237060547,19.850000381469727,19.825000762939453,457800.0,15.681208610534668
2001-07-27,19.844999313354492,19.549999237060547,19.84000015258789,19.635000228881836,225000.0,15.530930519104004
2001-07-30,19.770000457763672,19.479999542236328,19.635000228881836,19.75,544400.0,15.621895790100098
2001-07-31,20.079999923706055,19.649999618530273,19.649999618530273,20.020000457763672,589400.0,15.835457801818848
2001-08-01,20.139999389648438,19.75,20.125,19.854999542236328,580400.0,15.70495319366455
2001-08-02,20.149999618530273,19.825000762939453,20.075000762939453,19.940000534057617,428000.0,15.77218246459961
2001-08-03,20.024999618530273,19.690000534057617,20.0,19.969999313354492,243600.0,15.795912742614746
2001-08-06,20.0,19.600000381469727,19.950000762939453,19.850000381469727,446600.0,15.700987815856934
2001-08-07,19.975000381469727,19.75,19.950000762939453,19.90999984741211,322600.0,15.748448371887207
2001-08-08,19.985000610351562,19.725000381469727,19.899999618530273,19.80500030517578,352800.0,15.665390968322754
2001-08-09,19.774999618530273,19.524999618530273,19.65999984741211,19.649999618530273,462600.0,15.54279899597168
2001-08-10,19.975000381469727,19.600000381469727,19.625,19.854999542236328,313400.0,15.70495319366455
2001-08-13,19.989999771118164,19.799999237060547,19.875,19.94499969482422,472800.0,15.776141166687012
2001-08-14,20.024999618530273,19.799999237060547,19.875,19.940000534057617,195200.0,15.77218246459961
2001-08-15,20.075000762939453,19.729999542236328,19.899999618530273,20.045000076293945,251400.0,15.855230331420898
2001-08-16,20.229999542236328,19.889999389648438,20.049999237060547,20.184999465942383,208400.0,15.965963363647461
2001-08-17,20.5,20.165000915527344,20.25,20.364999771118164,395800.0,16.10834503173828
2001-08-20,20.325000762939453,20.059999465942383,20.235000610351562,20.209999084472656,592400.0,15.985743522644043
2001-08-21,20.600000381469727,20.309999465942383,20.325000762939453,20.450000762939453,354000.0,16.175575256347656
2001-08-22,20.684999465942383,20.299999237060547,20.450000762939453,20.549999237060547,623200.0,16.254674911499023
2001-08-23,20.80500030517578,20.489999771118164,20.649999618530273,20.670000076293945,643600.0,16.349594116210938
2001-08-24,20.989999771118164,20.625,20.625,20.954999923706055,601000.0,16.575021743774414
2001-08-27,21.0,20.674999237060547,20.899999618530273,20.709999084472656,664200.0,16.381237030029297
2001-08-28,20.674999237060547,20.149999618530273,20.674999237060547,20.295000076293945,570200.0,16.052982330322266
2001-08-29,20.450000762939453,20.094999313354492,20.274999618530273,20.274999618530273,436800.0,16.03715705871582
2001-08-30,20.424999237060547,19.975000381469727,20.25,20.020000457763672,364000.0,15.835457801818848
2001-08-31,20.25,19.80500030517578,20.075000762939453,20.040000915527344,849000.0,15.851269721984863
2001-09-04,20.114999771118164,19.950000762939453,20.049999237060547,19.979999542236328,586000.0,15.803817749023438
2001-09-05,19.975000381469727,19.674999237060547,19.950000762939453,19.93000030517578,844200.0,15.764261245727539
2001-09-06,19.875,19.690000534057617,19.774999618530273,19.774999618530273,1267600.0,15.641670227050781
2001-09-07,19.799999237060547,19.524999618530273,19.799999237060547,19.549999237060547,1353400.0,15.463685989379883
2001-09-10,19.575000762939453,19.280000686645508,19.549999237060547,19.424999237060547,697200.0,15.364821434020996
2001-09-17,18.235000610351562,17.149999618530273,17.25,17.5,2181400.0,13.98222827911377
2001-09-18,17.645000457763672,17.200000762939453,17.5,17.239999771118164,821800.0,13.774493217468262
2001-09-19,17.125,16.399999618530273,17.049999237060547,16.674999237060547,1660000.0,13.323074340820312
2001-09-20,16.725000381469727,15.5,16.725000381469727,15.5,1438800.0,12.384260177612305
2001-09-21,15.574999809265137,14.25,14.25,15.484999656677246,2260400.0,12.372272491455078
2001-09-24,17.25,15.875,15.875,17.0049991607666,1847400.0,13.5867338180542
2001-09-25,17.399999618530273,16.774999618530273,16.924999237060547,17.05500030517578,1193200.0,13.626687049865723
2001-09-26,17.299999237060547,16.68000030517578,17.05500030517578,16.915000915527344,1175800.0,13.514827728271484
2001-09-27,17.674999237060547,16.78499984741211,17.059999465942383,17.639999389648438,938400.0,14.094090461730957
2001-09-28,18.625,17.950000762939453,18.125,18.165000915527344,1398000.0,14.513556480407715
2001-10-01,17.975000381469727,17.25,17.875,17.424999237060547,869200.0,13.922310829162598
2001-10-02,18.024999618530273,17.25,17.274999618530273,17.989999771118164,2123200.0,14.373732566833496
2001-10-03,18.0049991607666,17.524999618530273,17.75,17.7450008392334,2129000.0,14.177982330322266
2001-10-04,17.809999465942383,17.399999618530273,17.760000228881836,17.399999618530273,1110000.0,13.90233325958252
2001-10-05,18.145000457763672,17.475000381469727,17.625,18.065000534057617,5520400.0,14.4336576461792
2001-10-08,17.975000381469727,17.364999771118164,17.975000381469727,17.5,1333400.0,13.98222827911377
2001-10-09,17.774999618530273,17.424999237060547,17.424999237060547,17.559999465942383,714600.0,14.03017807006836
2001-10-10,18.174999237060547,17.520000457763672,17.625,18.135000228881836,373400.0,14.48958969116211
2001-10-11,18.774999618530273,18.149999618530273,18.149999618530273,18.614999771118164,593600.0,14.873099327087402
2001-10-12,18.5049991607666,18.094999313354492,18.5,18.225000381469727,741800.0,14.561498641967773
2001-10-15,18.25,17.850000381469727,18.25,18.1299991607666,551600.0,14.485589027404785
2001-10-16,18.299999237060547,17.975000381469727,18.299999237060547,18.15999984741211,495200.0,14.509552955627441
2001-10-17,18.200000762939453,17.329999923706055,18.200000762939453,17.46500015258789,1135400.0,13.954269409179688
2001-10-18,17.75,17.100000381469727,17.399999618530273,17.420000076293945,910400.0,13.918310165405273
2001-10-19,17.450000762939453,17.135000228881836,17.424999237060547,17.2549991607666,561800.0,13.786480903625488
2001-10-22,17.514999389648438,17.21500015258789,17.354999542236328,17.450000762939453,633400.0,13.94228458404541
2001-10-23,17.75,17.2450008392334,17.475000381469727,17.709999084472656,549200.0,14.150017738342285
2001-10-24,17.905000686645508,17.674999237060547,17.700000762939453,17.799999237060547,790000.0,14.221922874450684
2001-10-25,17.950000762939453,17.700000762939453,17.700000762939453,17.924999237060547,702000.0,14.321795463562012
2001-10-26,18.135000228881836,17.80500030517578,17.899999618530273,18.125,279200.0,14.481595039367676
2001-10-29,18.024999618530273,17.700000762939453,18.024999618530273,17.71500015258789,427000.0,14.154010772705078
2001-10-30,17.790000915527344,17.549999237060547,17.549999237060547,17.684999465942383,968000.0,14.13004207611084
2001-10-31,17.795000076293945,17.5049991607666,17.625,17.59000015258789,401800.0,14.054134368896484
2001-11-01,17.989999771118164,17.5,17.510000228881836,17.81999969482422,544600.0,14.23790454864502
2001-11-02,18.209999084472656,17.59000015258789,17.899999618530273,17.895000457763672,642800.0,14.297834396362305
2001-11-05,18.049999237060547,17.579999923706055,17.950000762939453,17.799999237060547,634800.0,14.221922874450684
2001-11-06,18.274999618530273,17.575000762939453,17.80500030517578,18.264999389648438,656800.0,14.593453407287598
2001-11-07,18.325000762939453,17.924999237060547,18.100000381469727,18.315000534057617,575800.0,14.633400917053223
2001-11-08,18.360000610351562,18.209999084472656,18.315000534057617,18.260000228881836,418600.0,14.589465141296387
2001-11-09,18.5,18.149999618530273,18.299999237060547,18.440000534057617,368400.0,14.733283042907715
2001-11-12,18.325000762939453,17.850000381469727,18.325000762939453,17.975000381469727,634200.0,14.361747741699219
2001-11-13,18.420000076293945,17.975000381469727,17.975000381469727,18.375,631400.0,14.681342124938965
2001-11-14,18.69499969482422,18.25,18.399999618530273,18.520000457763672,490600.0,14.797201156616211
2001-11-15,19.125,18.375,18.375,19.030000686645508,1002600.0,15.204683303833008
2001-11-16,19.19499969482422,18.899999618530273,19.149999618530273,19.094999313354492,860000.0,15.256613731384277
2001-11-19,19.53499984741211,19.0,19.024999618530273,19.510000228881836,648400.0,15.588194847106934
2001-11-20,19.475000381469727,19.184999465942383,19.475000381469727,19.2549991607666,745200.0,15.38444709777832
2001-11-21,18.834999084472656,18.325000762939453,18.75,18.665000915527344,1813400.0,14.913054466247559
2001-11-23,19.049999237060547,18.69499969482422,18.700000762939453,18.989999771118164,548200.0,15.172722816467285
2001-11-26,19.149999618530273,18.850000381469727,18.950000762939453,18.885000228881836,2072600.0,15.088824272155762
2001-11-27,19.135000228881836,18.649999618530273,18.825000762939453,18.834999084472656,766200.0,15.048874855041504
2001-11-28,18.915000915527344,18.469999313354492,18.899999618530273,18.540000915527344,748200.0,14.813178062438965
2001-11-29,18.575000762939453,18.25,18.545000076293945,18.4950008392334,423000.0,14.777219772338867
2001-11-30,18.81999969482422,18.450000762939453,18.450000762939453,18.700000762939453,761400.0,14.941018104553223
2001-12-03,18.4950008392334,18.0049991607666,18.25,18.165000915527344,922800.0,14.513556480407715
2001-12-04,18.674999237060547,18.079999923706055,18.174999237060547,18.600000381469727,2372000.0,14.861114501953125
2001-12-05,19.0,18.600000381469727,18.600000381469727,18.959999084472656,1182200.0,15.148748397827148
2001-12-06,19.06999969482422,18.850000381469727,18.959999084472656,19.0,635400.0,15.18071174621582
2001-12-07,19.0,18.71500015258789,18.850000381469727,18.725000381469727,997200.0,14.960983276367188
2001-12-10,18.850000381469727,18.450000762939453,18.825000762939453,18.53499984741211,505400.0,14.809170722961426
2001-12-11,19.049999237060547,18.5,18.530000686645508,18.93000030517578,1098000.0,15.124783515930176
2001-12-12,18.94499969482422,18.75,18.80500030517578,18.78499984741211,744000.0,15.008928298950195
2001-12-13,18.825000762939453,18.440000534057617,18.725000381469727,18.450000762939453,681800.0,14.74127197265625
2001-12-14,18.5,18.020000457763672,18.350000381469727,18.274999618530273,1083000.0,14.65505599975586
2001-12-17,18.665000915527344,18.299999237060547,18.399999618530273,18.575000762939453,631800.0,14.895633697509766
2001-12-18,19.209999084472656,18.575000762939453,18.575000762939453,19.200000762939453,489600.0,15.396828651428223
2001-12-19,19.600000381469727,18.924999237060547,19.135000228881836,19.440000534057617,1098000.0,15.589296340942383
2001-12-20,19.875,19.3700008392334,19.440000534057617,19.55500030517578,721600.0,15.681511878967285
2001-12-21,19.850000381469727,19.489999771118164,19.850000381469727,19.610000610351562,997000.0,15.725627899169922
2001-12-24,20.075000762939453,19.649999618530273,19.649999618530273,19.905000686645508,560800.0,15.962186813354492
2001-12-26,20.094999313354492,19.69499969482422,19.780000686645508,19.825000762939453,607200.0,15.898033142089844
2001-12-27,20.125,19.7450008392334,20.010000228881836,19.81999969482422,586000.0,15.894027709960938
2001-12-28,20.149999618530273,19.809999465942383,19.864999771118164,20.075000762939453,558000.0,16.0985164642334
2001-12-31,20.524999618530273,20.0,20.0,20.125,863600.0,16.13860511779785
2002-01-02,20.079999923706055,19.649999618530273,20.0,20.065000534057617,924800.0,16.090490341186523
2002-01-03,20.360000610351562,19.924999237060547,19.950000762939453,20.260000228881836,994600.0,16.246871948242188
2002-01-04,20.68000030517578,20.135000228881836,20.139999389648438,20.545000076293945,696800.0,16.475418090820312
2002-01-07,20.614999771118164,20.434999465942383,20.450000762939453,20.4950008392334,878400.0,16.435321807861328
2002-01-08,20.3799991607666,20.075000762939453,20.350000381469727,20.200000762939453,973600.0,16.19875717163086
2002-01-09,20.575000762939453,20.299999237060547,20.299999237060547,20.420000076293945,1592600.0,16.375173568725586
2002-01-10,20.475000381469727,19.899999618530273,20.475000381469727,20.0,1279800.0,16.03836441040039
2002-01-11,20.149999618530273,19.600000381469727,19.625,20.1200008392334,1734000.0,16.13460350036621
2002-01-14,20.299999237060547,20.0,20.075000762939453,20.1200008392334,1009800.0,16.13460350036621
2002-01-15,20.25,19.950000762939453,20.049999237060547,20.100000381469727,1650200.0,16.118568420410156
2002-01-16,20.0,19.6299991607666,19.924999237060547,19.670000076293945,781800.0,15.773735046386719
2002-01-17,19.979999542236328,19.43000030517578,19.625,19.924999237060547,793600.0,15.978226661682129
2002-01-18,20.4950008392334,19.899999618530273,19.924999237060547,20.125,1204400.0,16.13860511779785
2002-01-22,20.424999237060547,20.204999923706055,20.325000762939453,20.270000457763672,646600.0,16.254894256591797
2002-01-23,20.540000915527344,20.270000457763672,20.270000457763672,20.5049991607666,713000.0,16.44333267211914
2002-01-24,20.600000381469727,20.364999771118164,20.399999618530273,20.524999618530273,952800.0,16.459367752075195
2002-01-25,20.9950008392334,20.424999237060547,20.530000686645508,20.96500015258789,1338600.0,16.812219619750977
2002-01-28,21.0,20.700000762939453,20.850000381469727,20.889999389648438,801000.0,16.752077102661133
2002-01-29,20.889999389648438,20.575000762939453,20.764999389648438,20.799999237060547,798400.0,16.679914474487305
2002-01-30,21.25,20.600000381469727,20.725000381469727,21.235000610351562,866000.0,17.028743743896484
2002-01-31,21.40999984741211,21.010000228881836,21.024999618530273,21.395000457763672,1044200.0,17.15704917907715
2002-02-01,21.725000381469727,21.450000762939453,21.489999771118164,21.55500030517578,897400.0,17.28534507751465
2002-02-04,21.625,21.325000762939453,21.55500030517578,21.350000381469727,756800.0,17.120956420898438
2002-02-05,21.524999618530273,20.825000762939453,21.299999237060547,21.0049991607666,852400.0,16.844297409057617
2002-02-06,21.075000762939453,20.81999969482422,20.924999237060547,20.834999084472656,981400.0,16.707969665527344
2002-02-07,20.950000762939453,20.610000610351562,20.950000762939453,20.844999313354492,741200.0,16.71599006652832
2002-02-08,21.325000762939453,20.875,21.125,21.325000762939453,443000.0,17.100910186767578
2002-02-11,21.985000610351562,21.475000381469727,21.5,21.790000915527344,1270800.0,17.47380256652832
2002-02-12,21.725000381469727,21.274999618530273,21.674999237060547,21.514999389648438,519200.0,17.253278732299805
2002-02-13,21.59000015258789,21.149999618530273,21.399999618530273,21.479999542236328,885600.0,17.225208282470703
2002-02-14,21.44499969482422,21.139999389648438,21.200000762939453,21.375,867800.0,17.141008377075195
2002-02-15,22.200000762939453,21.399999618530273,21.399999618530273,22.184999465942383,1109400.0,17.79056739807129
2002-02-19,22.420000076293945,21.924999237060547,22.125,21.975000381469727,1263800.0,17.622159957885742
2002-02-20,22.15999984741211,21.954999923706055,22.0,22.15999984741211,792400.0,17.770503997802734
2002-02-21,22.450000762939453,22.03499984741211,22.075000762939453,22.375,1244800.0,17.942930221557617
2002-02-22,22.549999237060547,22.184999465942383,22.274999618530273,22.450000762939453,925400.0,18.003070831298828
2002-02-25,22.829999923706055,22.2549991607666,22.489999771118164,22.545000076293945,1507200.0,18.079252243041992
2002-02-26,23.350000381469727,22.575000762939453,22.575000762939453,23.03499984741211,1676600.0,18.472187042236328
2002-02-27,23.489999771118164,23.010000228881836,23.049999237060547,23.235000610351562,828000.0,18.63258171081543
2002-02-28,23.4950008392334,23.075000762939453,23.200000762939453,23.415000915527344,991600.0,18.776926040649414
2002-03-01,23.575000762939453,22.600000381469727,23.415000915527344,23.25,1333600.0,18.64460563659668
2002-03-04,23.655000686645508,23.149999618530273,23.2549991607666,23.475000381469727,1101400.0,18.82503890991211
2002-03-05,23.184999465942383,22.799999237060547,23.079999923706055,22.815000534057617,1208600.0,18.2957706451416
2002-03-06,23.364999771118164,22.8799991607666,22.899999618530273,23.329999923706055,1417000.0,18.70876121520996
2002-03-07,23.649999618530273,23.350000381469727,23.399999618530273,23.524999618530273,903600.0,18.86513328552246
2002-03-08,23.875,23.5,23.5,23.6200008392334,605000.0,18.941314697265625
2002-03-11,23.940000534057617,23.565000534057617,23.924999237060547,23.600000381469727,654200.0,18.925277709960938
2002-03-12,23.704999923706055,23.295000076293945,23.475000381469727,23.655000686645508,436600.0,18.96937370300293
2002-03-13,23.520000457763672,23.145000457763672,23.5,23.31999969482422,605400.0,18.700742721557617
2002-03-14,23.299999237060547,23.145000457763672,23.25,23.25,828800.0,18.64460563659668
2002-03-15,23.295000076293945,23.100000381469727,23.149999618530273,23.260000228881836,1272200.0,18.70693588256836
2002-03-18,23.440000534057617,23.100000381469727,23.260000228881836,23.270000457763672,684200.0,18.7149715423584
2002-03-19,23.524999618530273,23.100000381469727,23.149999618530273,23.450000762939453,887600.0,18.859745025634766
2002-03-20,23.780000686645508,23.309999465942383,23.424999237060547,23.520000457763672,629000.0,18.91603660583496
2002-03-21,23.5,23.100000381469727,23.475000381469727,23.334999084472656,539400.0,18.767253875732422
2002-03-22,23.4950008392334,23.270000457763672,23.424999237060547,23.274999618530273,725800.0,18.71900177001953
2002-03-25,23.299999237060547,23.084999084472656,23.299999237060547,23.135000228881836,470800.0,18.60640525817871
2002-03-26,23.114999771118164,22.350000381469727,22.875,22.725000381469727,1632800.0,18.276655197143555
2002-03-27,23.084999084472656,22.684999465942383,22.729999542236328,23.0049991607666,645000.0,18.501846313476562
2002-03-28,23.0,22.825000762939453,22.975000381469727,22.860000610351562,459200.0,18.385234832763672
2002-04-01,22.75,22.2549991607666,22.75,22.649999618530273,444000.0,18.216339111328125
2002-04-02,22.725000381469727,22.475000381469727,22.700000762939453,22.4950008392334,921200.0,18.0916805267334
2002-04-03,22.520000457763672,22.024999618530273,22.5,22.06999969482422,661200.0,17.749876022338867
2002-04-04,21.774999618530273,21.625,21.774999618530273,21.700000762939453,1222400.0,17.452302932739258
2002-04-05,22.020000457763672,21.584999084472656,21.725000381469727,21.639999389648438,943600.0,17.404037475585938
2002-04-08,21.75,21.360000610351562,21.639999389648438,21.719999313354492,627200.0,17.4683837890625
2002-04-09,22.209999084472656,21.774999618530273,22.200000762939453,22.0049991607666,684400.0,17.697595596313477
2002-04-10,22.645000457763672,22.170000076293945,22.25,22.639999389648438,726800.0,18.20829200744629
2002-04-11,22.739999771118164,22.584999084472656,22.625,22.600000381469727,656000.0,18.176124572753906
2002-04-12,22.6200008392334,22.28499984741211,22.610000610351562,22.4950008392334,520800.0,18.0916805267334
2002-04-15,22.584999084472656,22.170000076293945,22.524999618530273,22.2450008392334,408800.0,17.89061164855957
2002-04-16,22.610000610351562,22.299999237060547,22.299999237060547,22.510000228881836,398800.0,18.103742599487305
2002-04-17,22.594999313354492,22.15999984741211,22.549999237060547,22.174999237060547,325400.0,17.83432388305664
2002-04-18,22.25,21.770000457763672,22.200000762939453,21.950000762939453,414800.0,17.653356552124023
2002-04-19,22.104999542236328,21.885000228881836,22.075000762939453,22.014999389648438,334400.0,17.705631256103516
2002-04-22,22.094999313354492,21.625,22.075000762939453,21.645000457763672,326200.0,17.40806770324707
2002-04-23,21.649999618530273,21.25,21.649999618530273,21.30500030517578,609600.0,17.13461685180664
2002-04-24,21.80500030517578,21.260000228881836,21.325000762939453,21.549999237060547,983800.0,17.33165740966797
2002-04-25,21.799999237060547,21.424999237060547,21.549999237060547,21.704999923706055,992200.0,17.45631980895996
2002-04-26,22.024999618530273,21.725000381469727,21.75,21.764999389648438,395600.0,17.50457191467285
2002-04-29,21.799999237060547,21.424999237060547,21.799999237060547,21.5049991607666,451000.0,17.295469284057617
2002-04-30,22.020000457763672,21.454999923706055,21.549999237060547,21.954999923706055,650400.0,17.657377243041992
2002-05-01,22.25,21.68000030517578,22.0,22.1299991607666,610000.0,17.798131942749023
2002-05-02,22.690000534057617,22.045000076293945,22.049999237060547,22.56999969482422,658400.0,18.152000427246094
2002-05-03,22.844999313354492,22.549999237060547,22.600000381469727,22.68000030517578,969000.0,18.24047088623047
2002-05-06,22.725000381469727,22.440000534057617,22.649999618530273,22.5,732800.0,18.09569549560547
2002-05-07,22.760000228881836,22.200000762939453,22.200000762939453,22.635000228881836,788400.0,18.204273223876953
2002-05-08,22.924999237060547,22.700000762939453,22.899999618530273,22.844999313354492,616400.0,18.3731746673584
2002-05-09,23.075000762939453,22.809999465942383,22.825000762939453,22.860000610351562,654000.0,18.385234832763672
2002-05-10,22.7549991607666,22.549999237060547,22.75,22.584999084472656,453600.0,18.1640567779541
2002-05-13,22.7549991607666,22.415000915527344,22.674999237060547,22.7549991607666,469000.0,18.3007869720459
2002-05-14,22.969999313354492,22.7549991607666,22.875,22.93000030517578,726200.0,18.4415340423584
2002-05-15,23.684999465942383,22.825000762939453,22.825000762939453,23.329999923706055,1078800.0,18.76323699951172
2002-05-16,23.68000030517578,23.405000686645508,23.424999237060547,23.559999465942383,975200.0,18.94820213317871
2002-05-17,23.719999313354492,23.385000228881836,23.559999465942383,23.649999618530273,371000.0,19.020587921142578
2002-05-20,23.625,23.270000457763672,23.625,23.44499969482422,458400.0,18.85572624206543
2002-05-21,23.700000762939453,23.260000228881836,23.549999237060547,23.405000686645508,478800.0,18.823556900024414
2002-05-22,23.5,23.270000457763672,23.424999237060547,23.350000381469727,644000.0,18.779314041137695
2002-05-23,23.81999969482422,23.264999389648438,23.274999618530273,23.774999618530273,1105200.0,19.12112808227539
2002-05-24,23.9950008392334,23.649999618530273,23.825000762939453,23.670000076293945,677000.0,19.03667640686035
2002-05-28,23.68000030517578,23.399999618530273,23.670000076293945,23.475000381469727,558400.0,18.879844665527344
2002-05-29,23.850000381469727,23.510000228881836,23.549999237060547,23.524999618530273,1214200.0,18.920068740844727
2002-05-30,23.625,23.165000915527344,23.524999618530273,23.165000915527344,1110600.0,18.630525588989258
2002-05-31,23.924999237060547,23.260000228881836,23.274999618530273,23.84000015258789,712400.0,19.173398971557617
2002-06-03,23.9950008392334,23.260000228881836,23.799999237060547,23.260000228881836,763200.0,18.70693588256836
2002-06-04,23.229999542236328,22.924999237060547,23.200000762939453,23.19499969482422,1024000.0,18.6546630859375
2002-06-05,23.31999969482422,23.094999313354492,23.219999313354492,23.295000076293945,1248400.0,18.735084533691406
2002-06-06,23.299999237060547,23.040000915527344,23.299999237060547,23.125,622800.0,18.598356246948242
2002-06-07,23.174999237060547,22.8799991607666,23.100000381469727,23.0,719800.0,18.497827529907227
2002-06-10,23.200000762939453,23.024999618530273,23.100000381469727,23.110000610351562,909400.0,18.586301803588867
2002-06-11,23.25,22.75,23.235000610351562,22.854999542236328,1064800.0,18.381216049194336
2002-06-12,22.954999923706055,22.75,22.875,22.915000915527344,1020600.0,18.42946434020996
2002-06-13,22.924999237060547,22.600000381469727,22.915000915527344,22.6200008392334,621400.0,18.192216873168945
2002-06-14,22.899999618530273,21.875,22.424999237060547,22.514999389648438,911800.0,18.161958694458008
2002-06-17,23.219999313354492,22.6200008392334,22.639999389648438,23.219999313354492,599000.0,18.73065948486328
2002-06-18,23.200000762939453,22.795000076293945,23.149999618530273,22.875,814800.0,18.45236587524414
2002-06-19,23.149999618530273,22.825000762939453,22.875,22.954999923706055,1126200.0,18.51690101623535
2002-06-20,23.344999313354492,22.850000381469727,22.850000381469727,23.049999237060547,530000.0,18.59351921081543
2002-06-21,23.19499969482422,22.674999237060547,22.774999618530273,22.704999923706055,865000.0,18.315229415893555
2002-06-24,23.049999237060547,22.549999237060547,22.725000381469727,22.770000457763672,765200.0,18.367664337158203
2002-06-25,23.280000686645508,22.635000228881836,22.844999313354492,22.635000228881836,769000.0,18.258764266967773
2002-06-26,23.0,22.125,22.510000228881836,22.69499969482422,993200.0,18.307165145874023
2002-06-27,22.969999313354492,22.575000762939453,22.81999969482422,22.915000915527344,847600.0,18.484622955322266
2002-06-28,23.5,22.799999237060547,22.799999237060547,23.114999771118164,752800.0,18.645954132080078
2002-07-01,23.125,22.635000228881836,23.049999237060547,22.7450008392334,813200.0,18.34749984741211
2002-07-02,22.719999313354492,21.56999969482422,22.6200008392334,21.75,1223400.0,17.54486846923828
2002-07-03,21.7450008392334,20.825000762939453,21.700000762939453,21.549999237060547,1235200.0,17.383541107177734
2002-07-05,22.399999618530273,21.549999237060547,21.55500030517578,22.274999618530273,511600.0,17.968360900878906
2002-07-08,22.5,21.940000534057617,22.274999618530273,21.969999313354492,654600.0,17.72233009338379
2002-07-09,21.975000381469727,21.540000915527344,21.969999313354492,21.540000915527344,1026200.0,17.375465393066406
2002-07-10,21.25,20.700000762939453,21.174999237060547,20.725000381469727,880600.0,16.718048095703125
2002-07-11,20.825000762939453,19.875,20.375,20.135000228881836,1268000.0,16.24211311340332
2002-07-12,20.354999542236328,19.975000381469727,20.135000228881836,20.114999771118164,928200.0,16.225976943969727
2002-07-15,20.174999237060547,18.90999984741211,20.165000915527344,20.040000915527344,1451600.0,16.165475845336914
2002-07-16,19.979999542236328,19.200000762939453,19.924999237060547,19.405000686645508,1094400.0,15.653249740600586
2002-07-17,19.9950008392334,19.5,19.524999618530273,19.790000915527344,1186400.0,15.963817596435547
2002-07-18,20.1200008392334,19.174999237060547,19.790000915527344,19.225000381469727,986600.0,15.508052825927734
2002-07-19,19.225000381469727,18.520000457763672,19.100000381469727,18.610000610351562,1317800.0,15.011953353881836
2002-07-22,19.3700008392334,18.264999389648438,18.549999237060547,18.364999771118164,1518400.0,14.814323425292969
2002-07-23,19.399999618530273,18.459999084472656,18.489999771118164,18.530000686645508,969000.0,14.947418212890625
2002-07-24,21.09000015258789,18.530000686645508,18.530000686645508,20.875,2518800.0,16.83904266357422
2002-07-25,21.75,20.485000610351562,20.5,21.704999923706055,1994600.0,17.50856590270996
2002-07-26,22.020000457763672,20.889999389648438,22.0,21.2450008392334,1753000.0,17.137500762939453
2002-07-29,22.625,21.2549991607666,21.2549991607666,22.549999237060547,1415800.0,18.19019889831543
2002-07-30,22.954999923706055,22.25,22.549999237060547,22.549999237060547,2083200.0,18.19019889831543
2002-07-31,23.350000381469727,22.450000762939453,22.450000762939453,22.975000381469727,2003400.0,18.533023834228516
2002-08-01,23.424999237060547,22.549999237060547,23.110000610351562,23.0049991607666,1589800.0,18.557218551635742
2002-08-02,22.93000030517578,22.03499984741211,22.924999237060547,22.235000610351562,2025000.0,17.936098098754883
2002-08-05,22.655000686645508,22.1200008392334,22.235000610351562,22.360000610351562,2272200.0,18.036930084228516
2002-08-06,23.190000534057617,22.524999618530273,22.524999618530273,22.93000030517578,1865200.0,18.49673080444336
2002-08-07,23.780000686645508,23.0049991607666,23.375,23.719999313354492,1609200.0,19.13397979736328
2002-08-08,23.799999237060547,22.889999389648438,23.0,23.795000076293945,2737400.0,19.194490432739258
2002-08-09,24.0,23.514999389648438,23.725000381469727,23.80500030517578,1636000.0,19.202550888061523
2002-08-12,24.114999771118164,23.3799991607666,23.68000030517578,23.8799991607666,1492800.0,19.2630558013916
2002-08-13,24.375,23.5,23.8799991607666,23.5049991607666,2035800.0,18.960556030273438
2002-08-14,23.850000381469727,22.704999923706055,23.325000762939453,23.815000534057617,2219000.0,19.21061897277832
2002-08-15,24.125,23.450000762939453,23.799999237060547,23.899999618530273,1978200.0,19.279193878173828
2002-08-16,24.200000762939453,23.604999542236328,23.889999389648438,23.934999465942383,1031400.0,19.30742835998535
2002-08-19,24.510000228881836,23.875,23.934999465942383,24.364999771118164,1121000.0,19.654285430908203
2002-08-20,24.225000381469727,23.875,24.125,23.959999084472656,1178800.0,19.327579498291016
2002-08-21,24.0,23.200000762939453,23.975000381469727,23.420000076293945,1769600.0,18.891986846923828
2002-08-22,23.594999313354492,23.075000762939453,23.489999771118164,23.469999313354492,1642000.0,18.932323455810547
2002-08-23,23.440000534057617,22.600000381469727,23.399999618530273,22.790000915527344,1691400.0,18.383804321289062
2002-08-26,22.915000915527344,22.145000457763672,22.915000915527344,22.7549991607666,1630600.0,18.355560302734375
2002-08-27,22.899999618530273,22.614999771118164,22.799999237060547,22.760000228881836,924600.0,18.35959243774414
2002-08-28,22.7549991607666,22.25,22.75,22.399999618530273,935000.0,18.069198608398438
2002-08-29,22.834999084472656,22.25,22.274999618530273,22.415000915527344,1744600.0,18.081298828125
2002-08-30,23.364999771118164,22.3799991607666,22.415000915527344,22.520000457763672,702800.0,18.16599464416504
2002-09-03,22.399999618530273,21.625,22.399999618530273,21.655000686645508,1028000.0,17.46823501586914
2002-09-04,22.09000015258789,21.604999542236328,21.700000762939453,22.045000076293945,974000.0,17.7828369140625
2002-09-05,22.045000076293945,21.584999084472656,22.045000076293945,21.614999771118164,1012000.0,17.435964584350586
2002-09-06,22.30500030517578,21.760000228881836,21.864999771118164,22.100000381469727,712600.0,17.82719612121582
2002-09-09,22.1200008392334,21.559999465942383,21.875,21.989999771118164,1123600.0,17.73847007751465
2002-09-10,23.0,21.959999084472656,22.149999618530273,22.950000762939453,1516200.0,18.512868881225586
2002-09-11,23.399999618530273,22.905000686645508,23.399999618530273,22.954999923706055,937200.0,18.51690101623535
2002-09-12,22.75,22.125,22.75,22.1299991607666,775800.0,17.85140037536621
2002-09-13,21.850000381469727,21.450000762939453,21.674999237060547,21.825000762939453,898400.0,17.659229278564453
2002-09-16,22.0,21.600000381469727,21.829999923706055,21.905000686645508,910000.0,17.723966598510742
2002-09-17,22.155000686645508,21.375,22.030000686645508,21.389999389648438,608000.0,17.307260513305664
2002-09-18,21.579999923706055,21.100000381469727,21.125,21.489999771118164,1108400.0,17.388154983520508
2002-09-19,21.399999618530273,20.864999771118164,21.350000381469727,20.864999771118164,662400.0,16.882463455200195
2002-09-20,21.19499969482422,20.850000381469727,20.850000381469727,21.079999923706055,1061600.0,17.05643081665039
2002-09-23,21.024999618530273,20.450000762939453,21.024999618530273,20.719999313354492,888400.0,16.76514434814453
2002-09-24,20.575000762939453,20.0,20.475000381469727,20.360000610351562,1202600.0,16.47385597229004
2002-09-25,21.15999984741211,20.260000228881836,20.5,21.065000534057617,1176800.0,17.044294357299805
2002-09-26,21.729999542236328,21.135000228881836,21.149999618530273,21.610000610351562,1019400.0,17.485261917114258
2002-09-27,21.834999084472656,20.96500015258789,21.575000762939453,20.9950008392334,734400.0,16.98764991760254
2002-09-30,21.065000534057617,20.5,20.9950008392334,20.864999771118164,1038400.0,16.882463455200195
2002-10-01,21.80500030517578,20.704999923706055,20.899999618530273,21.80500030517578,1189400.0,17.643047332763672
2002-10-02,21.600000381469727,20.825000762939453,21.549999237060547,20.875,1285400.0,16.890554428100586
2002-10-03,21.59000015258789,21.125,21.25,21.405000686645508,1424600.0,17.31939125061035
2002-10-04,21.700000762939453,21.094999313354492,21.530000686645508,21.514999389648438,1513400.0,17.408395767211914
2002-10-07,21.6200008392334,21.09000015258789,21.514999389648438,21.229999542236328,1149400.0,17.177799224853516
2002-10-08,22.25,20.905000686645508,21.325000762939453,21.854999542236328,1298600.0,17.68350601196289
2002-10-09,21.799999237060547,21.2549991607666,21.774999618530273,21.450000762939453,1154400.0,17.35580062866211
2002-10-10,22.299999237060547,21.364999771118164,21.375,22.299999237060547,1364400.0,18.04356575012207
2002-10-11,23.315000534057617,22.420000076293945,22.514999389648438,23.110000610351562,832000.0,18.698965072631836
2002-10-14,23.149999618530273,22.889999389648438,23.049999237060547,23.075000762939453,925400.0,18.6706485748291
2002-10-15,23.84000015258789,23.28499984741211,23.375,23.479999542236328,1717000.0,18.998336791992188
2002-10-16,23.420000076293945,22.5049991607666,23.350000381469727,22.5049991607666,1189800.0,18.209436416625977
2002-10-17,23.7450008392334,23.06999969482422,23.075000762939453,23.565000534057617,1170000.0,19.067113876342773
2002-10-18,23.6200008392334,22.75,23.600000381469727,22.959999084472656,1426600.0,18.57758903503418
2002-10-21,24.014999389648438,22.684999465942383,22.959999084472656,23.959999084472656,993200.0,19.386716842651367
2002-10-22,23.96500015258789,22.864999771118164,23.96500015258789,23.010000228881836,2301600.0,18.618045806884766
2002-10-23,23.625,23.100000381469727,23.100000381469727,23.375,1687200.0,18.913375854492188
2002-10-24,23.690000534057617,23.18000030517578,23.5,23.299999237060547,2778400.0,18.85269546508789
2002-10-25,24.2450008392334,23.325000762939453,23.325000762939453,24.219999313354492,1591600.0,19.597095489501953
2002-10-28,24.915000915527344,23.975000381469727,24.25,24.454999923706055,1993000.0,19.787233352661133
2002-10-29,24.5,23.729999542236328,24.350000381469727,24.075000762939453,1474000.0,19.479764938354492
2002-10-30,24.395000457763672,23.8700008392334,24.200000762939453,24.125,1344800.0,19.52022361755371
2002-10-31,24.4950008392334,23.959999084472656,24.274999618530273,24.125,1052400.0,19.52022361755371
2002-11-01,24.25,23.81999969482422,23.950000762939453,24.190000534057617,1179200.0,19.572813034057617
2002-11-04,24.375,23.610000610351562,24.299999237060547,23.6200008392334,954600.0,19.111616134643555
2002-11-05,24.440000534057617,23.614999771118164,23.614999771118164,24.290000915527344,1002200.0,19.653738021850586
2002-11-06,24.84000015258789,24.200000762939453,24.350000381469727,24.774999618530273,865200.0,20.046157836914062
2002-11-07,24.780000686645508,24.225000381469727,24.780000686645508,24.385000228881836,715000.0,19.730606079101562
2002-11-08,24.75,24.19499969482422,24.385000228881836,24.229999542236328,878200.0,19.605175018310547
2002-11-11,24.469999313354492,23.770000457763672,24.2450008392334,23.770000457763672,606400.0,19.232982635498047
2002-11-12,24.315000534057617,23.725000381469727,23.774999618530273,23.889999389648438,723200.0,19.330080032348633
2002-11-13,24.350000381469727,23.649999618530273,23.895000457763672,24.110000610351562,664400.0,19.50809097290039
2002-11-14,24.825000762939453,24.235000610351562,24.235000610351562,24.799999237060547,956800.0,20.06638526916504
2002-11-15,25.114999771118164,24.6299991607666,24.799999237060547,24.895000457763672,1050000.0,20.143260955810547
2002-11-18,24.989999771118164,24.375,24.975000381469727,24.485000610351562,528800.0,19.811519622802734
2002-11-19,24.625,24.334999084472656,24.489999771118164,24.440000534057617,743800.0,19.775102615356445
2002-11-20,24.75,24.100000381469727,24.4950008392334,24.649999618530273,888800.0,19.945016860961914
2002-11-21,24.93000030517578,24.665000915527344,24.75,24.905000686645508,1225600.0,20.151342391967773
2002-11-22,25.200000762939453,24.690000534057617,24.725000381469727,24.989999771118164,1060400.0,20.220117568969727
2002-11-25,25.174999237060547,24.700000762939453,25.049999237060547,25.075000762939453,762800.0,20.288896560668945
2002-11-26,24.684999465942383,24.125,24.649999618530273,24.479999542236328,1099200.0,19.80746078491211
2002-11-27,24.875,24.229999542236328,24.424999237060547,24.674999237060547,1822600.0,19.965248107910156
2002-11-29,24.950000762939453,24.6200008392334,24.68000030517578,24.834999084472656,326400.0,20.094715118408203
2002-12-02,24.989999771118164,24.235000610351562,24.975000381469727,24.389999389648438,1477200.0,19.734643936157227
2002-12-03,24.575000762939453,24.165000915527344,24.389999389648438,24.21500015258789,855200.0,19.593050003051758
2002-12-04,24.53499984741211,23.7450008392334,24.21500015258789,24.299999237060547,1707200.0,19.661815643310547
2002-12-05,24.600000381469727,24.079999923706055,24.344999313354492,24.389999389648438,1080400.0,19.734643936157227
2002-12-06,24.75,24.225000381469727,24.225000381469727,24.645000457763672,1013200.0,19.940975189208984
2002-12-09,24.850000381469727,24.309999465942383,24.625,24.454999923706055,1398800.0,19.787233352661133
2002-12-10,24.55500030517578,24.149999618530273,24.40999984741211,24.545000076293945,637600.0,19.860057830810547
2002-12-11,24.530000686645508,24.200000762939453,24.5,24.43000030517578,776800.0,19.767017364501953
2002-12-12,24.469999313354492,23.969999313354492,24.450000762939453,24.03499984741211,778000.0,19.447412490844727
2002-12-13,23.950000762939453,23.65999984741211,23.90999984741211,23.7450008392334,1028200.0,19.2127628326416
2002-12-16,24.190000534057617,23.850000381469727,23.924999237060547,24.190000534057617,1397800.0,19.572813034057617
2002-12-17,24.190000534057617,23.899999618530273,24.190000534057617,23.90999984741211,663000.0,19.34626579284668
2002-12-18,23.899999618530273,23.610000610351562,23.875,23.709999084472656,736400.0,19.184431076049805
2002-12-19,23.850000381469727,23.43000030517578,23.71500015258789,23.485000610351562,505400.0,19.060667037963867
2002-12-20,24.600000381469727,23.610000610351562,23.610000610351562,24.5,1701400.0,19.884456634521484
2002-12-23,24.899999618530273,24.34000015258789,24.450000762939453,24.829999923706055,1227000.0,20.152284622192383
2002-12-24,24.954999923706055,24.600000381469727,24.625,24.834999084472656,628600.0,20.156349182128906
2002-12-26,25.114999771118164,24.7450008392334,25.0,24.81999969482422,719200.0,20.144166946411133
2002-12-27,24.844999313354492,24.469999313354492,24.75,24.5049991607666,819800.0,19.888505935668945
2002-12-30,24.959999084472656,24.385000228881836,24.510000228881836,24.850000381469727,1077000.0,20.168514251708984
2002-12-31,24.954999923706055,24.625,24.875,24.75,936000.0,20.087358474731445
2003-01-02,25.125,24.649999618530273,24.75,25.024999618530273,1686000.0,20.310550689697266
2003-01-03,25.125,24.864999771118164,25.045000076293945,24.950000762939453,843600.0,20.249666213989258
2003-01-06,25.485000610351562,25.0,25.0,25.44499969482422,1177000.0,20.651426315307617
2003-01-07,25.774999618530273,25.389999389648438,25.44499969482422,25.690000534057617,1642600.0,20.850269317626953
2003-01-08,25.899999618530273,25.424999237060547,25.690000534057617,25.459999084472656,1358800.0,20.663597106933594
2003-01-09,25.799999237060547,25.399999618530273,25.459999084472656,25.75,1007000.0,20.89896011352539
2003-01-10,25.75,25.3799991607666,25.625,25.579999923706055,1037600.0,20.7609920501709
2003-01-13,25.649999618530273,25.334999084472656,25.5,25.40999984741211,710200.0,20.623016357421875
2003-01-14,25.469999313354492,25.21500015258789,25.415000915527344,25.405000686645508,1146800.0,20.618967056274414
2003-01-15,25.450000762939453,25.0,25.450000762939453,25.05500030517578,1067000.0,20.334890365600586
2003-01-16,25.270000457763672,24.815000534057617,25.149999618530273,24.924999237060547,1205800.0,20.229389190673828
2003-01-17,24.979999542236328,24.69499969482422,24.920000076293945,24.75,619200.0,20.087358474731445
2003-01-21,24.790000915527344,24.354999542236328,24.774999618530273,24.375,884200.0,19.78300666809082
2003-01-22,24.514999389648438,24.03499984741211,24.350000381469727,24.03499984741211,1087600.0,19.50705909729004
2003-01-23,24.875,24.024999618530273,24.024999618530273,24.80500030517578,1211200.0,20.13199234008789
2003-01-24,24.84000015258789,24.28499984741211,24.829999923706055,24.28499984741211,1180200.0,19.70995330810547
2003-01-27,24.290000915527344,23.5,24.290000915527344,23.68000030517578,1446600.0,19.218931198120117
2003-01-28,24.125,23.68000030517578,23.68000030517578,24.1200008392334,1010800.0,19.576045989990234
2003-01-29,24.315000534057617,23.600000381469727,24.100000381469727,24.149999618530273,870600.0,19.600383758544922
2003-01-30,24.290000915527344,23.950000762939453,24.225000381469727,24.03499984741211,1086600.0,19.50705909729004
2003-01-31,24.75,23.90999984741211,23.90999984741211,24.649999618530273,1015800.0,20.006193161010742
2003-02-03,24.850000381469727,24.540000915527344,24.684999465942383,24.674999237060547,629000.0,20.02648162841797
2003-02-04,24.5,24.25,24.5,24.450000762939453,567600.0,19.8438720703125
2003-02-05,24.96500015258789,24.299999237060547,24.5,24.34000015258789,1259000.0,19.754592895507812
2003-02-06,24.375,24.0,24.274999618530273,24.1200008392334,762400.0,19.576045989990234
2003-02-07,24.325000762939453,24.06999969482422,24.2450008392334,24.075000762939453,525600.0,19.539512634277344
2003-02-10,24.31999969482422,23.875,24.075000762939453,24.200000762939453,644200.0,19.64096450805664
2003-02-11,24.375,23.829999923706055,24.325000762939453,23.90999984741211,1142400.0,19.405603408813477
2003-02-12,24.049999237060547,23.625,23.850000381469727,23.674999237060547,684600.0,19.21487045288086
2003-02-13,23.84000015258789,23.075000762939453,23.774999618530273,23.479999542236328,1348800.0,19.056604385375977
2003-02-14,23.774999618530273,23.209999084472656,23.5,23.700000762939453,902200.0,19.235166549682617
2003-02-18,24.549999237060547,23.75,23.75,24.549999237060547,1535600.0,19.92502784729004
2003-02-19,24.545000076293945,24.1200008392334,24.524999618530273,24.389999389648438,1007600.0,19.7951717376709
2003-02-20,24.434999465942383,24.075000762939453,24.424999237060547,24.075000762939453,1113800.0,19.539512634277344
2003-02-21,24.604999542236328,23.940000534057617,24.075000762939453,24.475000381469727,976200.0,19.86415672302246
2003-02-24,24.479999542236328,24.149999618530273,24.479999542236328,24.149999618530273,689800.0,19.600383758544922
2003-02-25,24.079999923706055,23.59000015258789,24.049999237060547,24.049999237060547,875400.0,19.519227981567383
2003-02-26,24.350000381469727,24.05500030517578,24.059999465942383,24.084999084472656,530200.0,19.547630310058594
2003-02-27,24.415000915527344,24.09000015258789,24.09000015258789,24.329999923706055,799000.0,19.746479034423828
2003-02-28,24.579999923706055,24.264999389648438,24.354999542236328,24.524999618530273,904200.0,19.904741287231445
2003-03-03,24.795000076293945,24.309999465942383,24.649999618530273,24.389999389648438,763800.0,19.7951717376709
2003-03-04,24.40999984741211,23.780000686645508,24.399999618530273,23.790000915527344,596000.0,19.308208465576172
2003-03-05,24.024999618530273,23.6200008392334,23.774999618530273,24.020000457763672,791800.0,19.49488067626953
2003-03-06,23.9950008392334,23.514999389648438,23.950000762939453,23.565000534057617,1039400.0,19.125591278076172
2003-03-07,24.049999237060547,23.354999542236328,23.399999618530273,23.96500015258789,1017000.0,19.450237274169922
2003-03-10,23.96500015258789,23.514999389648438,23.96500015258789,23.514999389648438,790400.0,19.08501434326172
2003-03-11,23.709999084472656,23.329999923706055,23.5049991607666,23.489999771118164,1146200.0,19.064722061157227
2003-03-12,23.549999237060547,23.149999618530273,23.489999771118164,23.360000610351562,787400.0,18.9592227935791
2003-03-13,24.270000457763672,23.360000610351562,23.360000610351562,24.270000457763672,1491200.0,19.697782516479492
2003-03-14,24.450000762939453,24.225000381469727,24.274999618530273,24.360000610351562,914600.0,19.830068588256836
2003-03-17,24.940000534057617,24.184999465942383,24.364999771118164,24.924999237060547,1268800.0,20.28999900817871
2003-03-18,25.274999618530273,24.8700008392334,24.924999237060547,25.274999618530273,1251400.0,20.574913024902344
2003-03-19,25.350000381469727,24.979999542236328,25.274999618530273,25.334999084472656,1234200.0,20.623750686645508
2003-03-20,25.395000457763672,24.854999542236328,25.274999618530273,25.31999969482422,1263400.0,20.611547470092773
2003-03-21,25.9950008392334,25.34000015258789,25.364999771118164,25.854999542236328,1936600.0,21.047060012817383
2003-03-24,25.854999542236328,24.899999618530273,25.854999542236328,25.125,1317400.0,20.45279884338379
2003-03-25,25.604999542236328,25.155000686645508,25.25,25.344999313354492,1005800.0,20.631893157958984
2003-03-26,25.375,25.010000228881836,25.274999618530273,25.149999618530273,851200.0,20.47315216064453
2003-03-27,25.200000762939453,24.770000457763672,25.125,25.0049991607666,531800.0,20.355119705200195
2003-03-28,25.290000915527344,24.790000915527344,24.899999618530273,25.25,1177600.0,20.5545654296875
2003-03-31,25.2549991607666,24.424999237060547,25.2549991607666,24.665000915527344,1763000.0,20.078350067138672
2003-04-01,24.735000610351562,24.209999084472656,24.670000076293945,24.725000381469727,2175000.0,20.127187728881836
2003-04-02,25.344999313354492,24.8799991607666,24.905000686645508,25.145000457763672,1425000.0,20.469083786010742
2003-04-03,25.235000610351562,24.93000030517578,25.204999923706055,25.05500030517578,1053200.0,20.39582061767578
2003-04-04,25.3799991607666,25.110000610351562,25.149999618530273,25.260000228881836,1783600.0,20.562698364257812
2003-04-07,25.899999618530273,25.524999618530273,25.625,25.68000030517578,2369200.0,20.904598236083984
2003-04-08,25.7450008392334,25.469999313354492,25.690000534057617,25.600000381469727,1463800.0,20.83946990966797
2003-04-09,25.700000762939453,25.09000015258789,25.600000381469727,25.170000076293945,2090400.0,20.48944091796875
2003-04-10,25.170000076293945,24.55500030517578,25.170000076293945,24.684999465942383,2961000.0,20.09461784362793
2003-04-11,25.020000457763672,24.524999618530273,24.850000381469727,24.655000686645508,1564600.0,20.07019805908203
2003-04-14,25.125,24.649999618530273,24.725000381469727,25.125,1007600.0,20.45279884338379
2003-04-15,25.524999618530273,24.864999771118164,25.225000381469727,25.524999618530273,1547600.0,20.778425216674805
2003-04-16,25.610000610351562,25.014999389648438,25.5,25.049999237060547,1134600.0,20.391752243041992
2003-04-17,25.44499969482422,25.020000457763672,25.024999618530273,25.395000457763672,961000.0,20.672592163085938
2003-04-21,25.600000381469727,25.149999618530273,25.3700008392334,25.295000076293945,902800.0,20.591196060180664
2003-04-22,26.0049991607666,24.864999771118164,25.100000381469727,26.0,1996200.0,21.16509437561035
2003-04-23,26.375,25.799999237060547,26.0,26.0049991607666,1361800.0,21.169166564941406
2003-04-24,26.0049991607666,25.739999771118164,26.0049991607666,25.875,1000400.0,21.063337326049805
2003-04-25,25.81999969482422,25.204999923706055,25.815000534057617,25.385000228881836,1150800.0,20.664453506469727
2003-04-28,25.774999618530273,25.424999237060547,25.44499969482422,25.7450008392334,1279000.0,20.95751190185547
2003-04-29,25.8700008392334,25.43000030517578,25.75,25.670000076293945,944600.0,20.896459579467773
2003-04-30,25.674999237060547,25.43000030517578,25.670000076293945,25.545000076293945,1536800.0,20.794696807861328
2003-05-01,25.545000076293945,25.030000686645508,25.545000076293945,25.260000228881836,1472400.0,20.562698364257812
2003-05-02,25.334999084472656,24.860000610351562,25.28499984741211,25.274999618530273,2331800.0,20.574913024902344
2003-05-05,25.350000381469727,24.975000381469727,25.350000381469727,25.065000534057617,1800000.0,20.40395736694336
2003-05-06,25.135000228881836,24.885000228881836,25.049999237060547,25.059999465942383,1417800.0,20.39989471435547
2003-05-07,25.059999465942383,24.844999313354492,25.0,24.8700008392334,878400.0,20.245220184326172
2003-05-08,24.795000076293945,24.4950008392334,24.700000762939453,24.6200008392334,858000.0,20.041711807250977
2003-05-09,25.0,24.665000915527344,24.774999618530273,24.905000686645508,981000.0,20.273712158203125
2003-05-12,25.31999969482422,24.78499984741211,24.950000762939453,25.170000076293945,1298400.0,20.48944091796875
2003-05-13,25.174999237060547,24.975000381469727,25.174999237060547,25.065000534057617,2221600.0,20.40395736694336
2003-05-14,25.125,24.985000610351562,25.100000381469727,25.110000610351562,1645800.0,20.440597534179688
2003-05-15,25.5049991607666,25.114999771118164,25.114999771118164,25.3700008392334,1744000.0,20.652244567871094
2003-05-16,25.329999923706055,25.075000762939453,25.280000686645508,25.1200008392334,1645600.0,20.44873046875
2003-05-19,25.149999618530273,24.969999313354492,25.06999969482422,25.030000686645508,1156000.0,20.375471115112305
2003-05-20,25.1299991607666,24.885000228881836,25.075000762939453,25.040000915527344,1197800.0,20.383607864379883
2003-05-21,25.25,24.950000762939453,25.030000686645508,25.184999465942383,1438000.0,20.501646041870117
2003-05-22,25.56999969482422,25.155000686645508,25.174999237060547,25.44499969482422,1341800.0,20.713300704956055
2003-05-23,25.799999237060547,25.434999465942383,25.44499969482422,25.649999618530273,1636000.0,20.880186080932617
2003-05-27,26.165000915527344,25.549999237060547,25.649999618530273,26.100000381469727,1406200.0,21.24648666381836
2003-05-28,26.360000610351562,26.075000762939453,26.100000381469727,26.075000762939453,1659200.0,21.226144790649414
2003-05-29,26.389999389648438,26.05500030517578,26.075000762939453,26.155000686645508,1946400.0,21.291271209716797
2003-05-30,26.959999084472656,26.399999618530273,26.424999237060547,26.875,3149800.0,21.877378463745117
2003-06-02,27.725000381469727,26.950000762939453,27.0,27.329999923706055,1848600.0,22.247758865356445
2003-06-03,27.489999771118164,27.200000762939453,27.325000762939453,27.364999771118164,1203000.0,22.2762508392334
2003-06-04,27.915000915527344,27.225000381469727,27.2549991607666,27.915000915527344,1087000.0,22.72397804260254
2003-06-05,27.825000762939453,27.334999084472656,27.334999084472656,27.6200008392334,1617200.0,22.483844757080078
2003-06-06,27.844999313354492,27.209999084472656,27.625,27.2549991607666,1530800.0,22.186708450317383
2003-06-09,27.6200008392334,26.5,27.399999618530273,26.719999313354492,1674100.0,21.751209259033203
2003-06-10,27.0,26.649999618530273,26.649999618530273,26.829999923706055,894900.0,21.84075355529785
2003-06-11,26.969999313354492,26.6200008392334,26.809999465942383,26.81999969482422,947500.0,21.83260726928711
2003-06-12,27.229999542236328,26.700000762939453,27.0,27.0,883300.0,21.979135513305664
2003-06-13,27.299999237060547,26.450000762939453,27.100000381469727,26.600000381469727,970900.0,21.712215423583984
2003-06-16,27.229999542236328,26.510000228881836,26.600000381469727,27.100000381469727,876100.0,22.120346069335938
2003-06-17,27.170000076293945,26.579999923706055,27.100000381469727,27.0,1453400.0,22.038726806640625
2003-06-18,27.149999618530273,26.75,27.049999237060547,26.860000610351562,772500.0,21.924440383911133
2003-06-19,27.290000915527344,26.520000457763672,26.920000076293945,26.649999618530273,1091200.0,21.753036499023438
2003-06-20,27.100000381469727,26.520000457763672,26.770000457763672,26.540000915527344,1203600.0,21.66324234008789
2003-06-23,26.530000686645508,25.93000030517578,26.520000457763672,26.0,890000.0,21.22246551513672
2003-06-24,26.3700008392334,26.059999465942383,26.06999969482422,26.270000457763672,1077500.0,21.442855834960938
2003-06-25,26.520000457763672,26.020000457763672,26.299999237060547,26.030000686645508,781900.0,21.24696159362793
2003-06-26,26.399999618530273,25.510000228881836,25.969999313354492,26.239999771118164,996500.0,21.418373107910156
2003-06-27,26.280000686645508,25.8700008392334,26.280000686645508,25.959999084472656,504300.0,21.189817428588867
2003-06-30,26.139999389648438,25.600000381469727,25.979999542236328,25.600000381469727,2312000.0,20.895967483520508
2003-07-01,25.899999618530273,24.899999618530273,25.549999237060547,25.40999984741211,1545200.0,20.740882873535156
2003-07-02,25.760000228881836,25.420000076293945,25.510000228881836,25.709999084472656,1149900.0,20.985761642456055
2003-07-03,25.75,25.450000762939453,25.709999084472656,25.579999923706055,1221500.0,20.879648208618164
2003-07-07,26.309999465942383,25.649999618530273,25.700000762939453,25.75,918600.0,21.018407821655273
2003-07-08,25.989999771118164,25.510000228881836,25.700000762939453,25.950000762939453,1605200.0,21.181659698486328
2003-07-09,25.90999984741211,25.260000228881836,25.75,25.610000610351562,1140600.0,20.904136657714844
2003-07-10,25.600000381469727,24.979999542236328,25.549999237060547,25.1200008392334,1430700.0,20.504175186157227
2003-07-11,25.299999237060547,24.899999618530273,25.100000381469727,24.950000762939453,1352700.0,20.36540412902832
2003-07-14,25.06999969482422,24.899999618530273,25.0,24.979999542236328,1559800.0,20.389904022216797
2003-07-15,25.149999618530273,24.700000762939453,25.1299991607666,24.809999465942383,1357500.0,20.25113868713379
2003-07-16,24.93000030517578,24.440000534057617,24.850000381469727,24.489999771118164,1060500.0,19.989925384521484
2003-07-17,24.389999389648438,23.780000686645508,24.100000381469727,24.0,1831100.0,19.5899715423584
2003-07-18,24.43000030517578,24.059999465942383,24.350000381469727,24.280000686645508,1093600.0,19.818527221679688
2003-07-21,24.610000610351562,24.270000457763672,24.399999618530273,24.5,1121000.0,19.998104095458984
2003-07-22,24.489999771118164,24.06999969482422,24.450000762939453,24.3799991607666,1529700.0,19.900144577026367
2003-07-23,24.610000610351562,24.06999969482422,24.5,24.530000686645508,1718200.0,20.022594451904297
2003-07-24,25.399999618530273,24.5,24.530000686645508,24.690000534057617,2067200.0,20.153186798095703
2003-07-25,25.139999389648438,24.649999618530273,24.700000762939453,25.059999465942383,730200.0,20.4552001953125
2003-07-28,25.170000076293945,24.860000610351562,25.059999465942383,24.899999618530273,973500.0,20.324600219726562
2003-07-29,24.920000076293945,24.43000030517578,24.920000076293945,24.5,988400.0,19.998104095458984
2003-07-30,24.559999465942383,24.170000076293945,24.510000228881836,24.40999984741211,728300.0,19.924636840820312
2003-07-31,25.239999771118164,24.610000610351562,24.65999984741211,24.709999084472656,889200.0,20.169506072998047
2003-08-01,24.719999313354492,24.260000228881836,24.719999313354492,24.600000381469727,656500.0,20.079729080200195
2003-08-04,25.0,24.399999618530273,24.5,24.93000030517578,1087200.0,20.349090576171875
2003-08-05,25.06999969482422,24.6299991607666,24.850000381469727,24.719999313354492,1055500.0,20.177669525146484
2003-08-06,25.43000030517578,24.920000076293945,25.399999618530273,24.989999771118164,1523200.0,20.398056030273438
2003-08-07,25.489999771118164,24.809999465942383,24.969999313354492,25.239999771118164,1115000.0,20.60211181640625
2003-08-08,25.510000228881836,25.020000457763672,25.219999313354492,25.020000457763672,1345500.0,20.422544479370117
2003-08-11,25.020000457763672,24.59000015258789,24.950000762939453,24.790000915527344,863700.0,20.23480224609375
2003-08-12,25.09000015258789,24.600000381469727,24.709999084472656,25.079999923706055,1499900.0,20.471525192260742
2003-08-13,25.389999389648438,25.1299991607666,25.1299991607666,25.239999771118164,791400.0,20.60211181640625
2003-08-14,25.790000915527344,25.190000534057617,25.190000534057617,25.719999313354492,930500.0,20.99392318725586
2003-08-15,25.75,25.25,25.709999084472656,25.639999389648438,466900.0,20.928621292114258
2003-08-18,26.15999984741211,25.600000381469727,25.600000381469727,26.0,1194600.0,21.22246551513672
2003-08-19,26.139999389648438,25.799999237060547,25.899999618530273,26.079999923706055,555800.0,21.287765502929688
2003-08-20,26.399999618530273,26.040000915527344,26.040000915527344,26.149999618530273,664000.0,21.344907760620117
2003-08-21,26.420000076293945,26.09000015258789,26.149999618530273,26.350000381469727,703500.0,21.50815773010254
2003-08-22,26.399999618530273,25.8799991607666,26.309999465942383,26.0,777700.0,21.22246551513672
2003-08-25,26.049999237060547,25.799999237060547,26.049999237060547,25.8700008392334,433000.0,21.116363525390625
2003-08-26,26.0,25.399999618530273,25.649999618530273,25.959999084472656,564500.0,21.189817428588867
2003-08-27,26.0,25.850000381469727,25.850000381469727,25.889999389648438,847600.0,21.132680892944336
2003-08-28,25.90999984741211,25.479999542236328,25.850000381469727,25.889999389648438,1168400.0,21.132680892944336
2003-08-29,25.829999923706055,25.540000915527344,25.770000457763672,25.790000915527344,628400.0,21.051063537597656
2003-09-02,26.3799991607666,25.799999237060547,25.829999923706055,26.329999923706055,760300.0,21.49183464050293
2003-09-03,26.5,26.200000762939453,26.329999923706055,26.43000030517578,581900.0,21.573461532592773
2003-09-04,26.299999237060547,25.920000076293945,26.299999237060547,26.170000076293945,612200.0,21.361238479614258
2003-09-05,26.170000076293945,25.899999618530273,26.170000076293945,26.06999969482422,666100.0,21.27960205078125
2003-09-08,26.459999084472656,25.989999771118164,26.100000381469727,26.299999237060547,379700.0,21.467334747314453
2003-09-09,26.350000381469727,25.899999618530273,26.25,26.0,525800.0,21.22246551513672
2003-09-10,26.18000030517578,25.84000015258789,26.010000228881836,26.049999237060547,999000.0,21.263288497924805
2003-09-11,26.190000534057617,26.0,26.06999969482422,26.100000381469727,775500.0,21.304092407226562
2003-09-12,26.15999984741211,25.940000534057617,25.989999771118164,26.100000381469727,735900.0,21.363853454589844
2003-09-15,26.350000381469727,26.0,26.079999923706055,26.079999923706055,620600.0,21.347475051879883
2003-09-16,26.40999984741211,26.020000457763672,26.020000457763672,26.40999984741211,670300.0,21.617597579956055
2003-09-17,26.43000030517578,25.90999984741211,26.40999984741211,26.0,494200.0,21.281999588012695
2003-09-18,26.479999542236328,25.969999313354492,26.100000381469727,26.479999542236328,564700.0,21.67488670349121
2003-09-19,26.799999237060547,26.420000076293945,26.479999542236328,26.799999237060547,1077400.0,21.936832427978516
2003-09-22,26.75,25.979999542236328,26.75,26.049999237060547,1348700.0,21.322919845581055
2003-09-23,26.5,25.989999771118164,26.5,26.31999969482422,1304700.0,21.543933868408203
2003-09-24,26.239999771118164,25.100000381469727,26.200000762939453,25.549999237060547,1287300.0,20.91365623474121
2003-09-25,25.59000015258789,25.079999923706055,25.530000686645508,25.360000610351562,936700.0,20.758127212524414
2003-09-26,25.700000762939453,25.360000610351562,25.440000534057617,25.579999923706055,662300.0,20.938207626342773
2003-09-29,25.799999237060547,25.40999984741211,25.579999923706055,25.610000610351562,646800.0,20.962770462036133
2003-09-30,25.510000228881836,25.010000228881836,25.5,25.25,874000.0,20.668092727661133
2003-10-01,25.68000030517578,25.149999618530273,25.25,25.68000030517578,659500.0,21.020069122314453
2003-10-02,25.799999237060547,25.489999771118164,25.68000030517578,25.739999771118164,500700.0,21.06917381286621
2003-10-03,26.389999389648438,26.0,26.040000915527344,26.1299991607666,673600.0,21.388408660888672
2003-10-06,26.309999465942383,26.020000457763672,26.040000915527344,26.200000762939453,381200.0,21.445697784423828
2003-10-07,26.360000610351562,25.979999542236328,26.079999923706055,26.360000610351562,451600.0,21.576675415039062
2003-10-08,27.25,26.540000915527344,27.219999313354492,26.670000076293945,1111000.0,21.830415725708008
2003-10-09,27.0,26.5,26.899999618530273,26.709999084472656,818600.0,21.8631591796875
2003-10-10,26.940000534057617,26.600000381469727,26.829999923706055,26.84000015258789,476600.0,21.969566345214844
2003-10-13,27.350000381469727,26.959999084472656,26.969999313354492,27.239999771118164,510000.0,22.296977996826172
2003-10-14,27.600000381469727,27.149999618530273,27.280000686645508,27.469999313354492,806500.0,22.485239028930664
2003-10-15,27.799999237060547,27.559999465942383,27.600000381469727,27.739999771118164,817100.0,22.706249237060547
2003-10-16,27.780000686645508,27.469999313354492,27.65999984741211,27.639999389648438,672000.0,22.624399185180664
2003-10-17,27.639999389648438,26.969999313354492,27.639999389648438,26.969999313354492,858300.0,22.075969696044922
2003-10-20,27.520000457763672,26.969999313354492,27.200000762939453,27.5,693600.0,22.509801864624023
2003-10-21,27.700000762939453,26.440000534057617,27.700000762939453,26.6200008392334,1891900.0,21.789493560791016
2003-10-22,26.6299991607666,26.209999084472656,26.399999618530273,26.299999237060547,1113100.0,21.527549743652344
2003-10-23,26.350000381469727,26.049999237060547,26.100000381469727,26.31999969482422,972300.0,21.543933868408203
2003-10-24,26.450000762939453,26.06999969482422,26.18000030517578,26.3700008392334,890700.0,21.584857940673828
2003-10-27,27.0,26.5,26.520000457763672,26.649999618530273,642300.0,21.814048767089844
2003-10-28,26.969999313354492,26.549999237060547,26.799999237060547,26.969999313354492,747200.0,22.075969696044922
2003-10-29,27.280000686645508,26.639999389648438,26.950000762939453,27.149999618530273,674500.0,22.22331428527832
2003-10-30,27.420000076293945,27.059999465942383,27.219999313354492,27.3700008392334,627300.0,22.403392791748047
2003-10-31,27.309999465942383,26.829999923706055,27.280000686645508,26.889999389648438,802400.0,22.010499954223633
2003-11-03,27.149999618530273,26.780000686645508,26.799999237060547,27.049999237060547,781900.0,22.14145851135254
2003-11-04,27.40999984741211,26.90999984741211,27.049999237060547,27.350000381469727,754700.0,22.38701820373535
2003-11-05,27.290000915527344,26.8799991607666,27.25,27.1299991607666,473100.0,22.20694351196289
2003-11-06,27.200000762939453,26.540000915527344,27.15999984741211,26.950000762939453,842300.0,22.059614181518555
2003-11-07,27.239999771118164,26.950000762939453,27.100000381469727,27.1299991607666,479500.0,22.20694351196289
2003-11-10,27.100000381469727,26.540000915527344,27.0,26.719999313354492,444400.0,21.8713436126709
2003-11-11,26.579999923706055,26.350000381469727,26.579999923706055,26.530000686645508,386100.0,21.715822219848633
2003-11-12,26.350000381469727,26.100000381469727,26.280000686645508,26.270000457763672,871900.0,21.50299835205078
2003-11-13,26.549999237060547,26.079999923706055,26.100000381469727,26.549999237060547,785400.0,21.732189178466797
2003-11-14,26.440000534057617,26.020000457763672,26.350000381469727,26.139999389648438,638500.0,21.39659881591797
2003-11-17,26.09000015258789,25.3700008392334,26.079999923706055,25.760000228881836,914500.0,21.08554458618164
2003-11-18,25.950000762939453,25.299999237060547,25.90999984741211,25.40999984741211,662200.0,20.799057006835938
2003-11-19,25.8799991607666,25.3799991607666,25.5,25.8799991607666,860800.0,21.183765411376953
2003-11-20,25.760000228881836,25.309999465942383,25.6299991607666,25.399999618530273,753800.0,20.790874481201172
2003-11-21,25.59000015258789,25.31999969482422,25.5,25.5,530800.0,20.872718811035156
2003-11-24,25.860000610351562,25.299999237060547,25.469999313354492,25.3700008392334,1267800.0,20.766321182250977
2003-11-25,25.899999618530273,25.3700008392334,25.5,25.799999237060547,1084800.0,21.118284225463867
2003-11-26,26.290000915527344,25.75,25.799999237060547,26.270000457763672,1251100.0,21.50299835205078
2003-11-28,26.389999389648438,26.020000457763672,26.020000457763672,26.219999313354492,349200.0,21.462072372436523
2003-12-01,27.170000076293945,26.360000610351562,26.3700008392334,27.15999984741211,995900.0,22.23149871826172
2003-12-02,27.15999984741211,26.940000534057617,27.049999237060547,27.030000686645508,904100.0,22.125089645385742
2003-12-03,27.530000686645508,27.049999237060547,27.06999969482422,27.329999923706055,962800.0,22.370647430419922
2003-12-04,27.799999237060547,27.25,27.329999923706055,27.799999237060547,734000.0,22.755361557006836
2003-12-05,27.670000076293945,27.079999923706055,27.649999618530273,27.219999313354492,586600.0,22.280611038208008
2003-12-08,27.690000534057617,27.100000381469727,27.100000381469727,27.68000030517578,752200.0,22.657146453857422
2003-12-09,27.829999923706055,27.399999618530273,27.799999237060547,27.43000030517578,721100.0,22.4525089263916
2003-12-10,27.450000762939453,27.1299991607666,27.299999237060547,27.25,483100.0,22.3051700592041
2003-12-11,27.610000610351562,27.170000076293945,27.200000762939453,27.610000610351562,518300.0,22.59984016418457
2003-12-12,27.889999389648438,27.31999969482422,27.68000030517578,27.84000015258789,486400.0,22.788110733032227
2003-12-15,27.84000015258789,27.06999969482422,27.84000015258789,27.270000457763672,1492300.0,22.3215389251709
2003-12-16,27.389999389648438,27.030000686645508,27.25,27.389999389648438,729900.0,22.419757843017578
2003-12-17,27.290000915527344,26.829999923706055,27.139999389648438,26.829999923706055,1293800.0,21.961381912231445
2003-12-18,27.200000762939453,26.770000457763672,26.850000381469727,27.15999984741211,1124600.0,22.23149871826172
2003-12-19,27.309999465942383,26.639999389648438,27.18000030517578,26.84000015258789,924900.0,22.034469604492188
2003-12-22,27.670000076293945,26.93000030517578,26.940000534057617,27.399999618530273,847400.0,22.494205474853516
2003-12-23,27.56999969482422,27.260000228881836,27.299999237060547,27.350000381469727,586400.0,22.453155517578125
2003-12-24,27.440000534057617,26.799999237060547,27.25,26.959999084472656,633400.0,22.132980346679688
2003-12-26,27.43000030517578,26.959999084472656,26.959999084472656,27.239999771118164,240300.0,22.36284828186035
2003-12-29,27.399999618530273,27.110000610351562,27.25,27.329999923706055,622300.0,22.436737060546875
2003-12-30,27.399999618530273,27.09000015258789,27.350000381469727,27.299999237060547,605800.0,22.412111282348633
2003-12-31,27.420000076293945,27.149999618530273,27.299999237060547,27.3700008392334,931900.0,22.46957015991211
2004-01-02,27.549999237060547,26.889999389648438,27.309999465942383,27.040000915527344,804600.0,22.198665618896484
2004-01-05,27.579999923706055,27.18000030517578,27.18000030517578,27.540000915527344,755300.0,22.6091365814209
2004-01-06,27.5,26.920000076293945,27.489999771118164,27.190000534057617,749000.0,22.321802139282227
2004-01-07,27.25,26.770000457763672,27.239999771118164,27.209999084472656,919500.0,22.338228225708008
2004-01-08,27.5,26.8700008392334,27.309999465942383,27.15999984741211,711000.0,22.297176361083984
2004-01-09,27.200000762939453,26.809999465942383,27.139999389648438,26.81999969482422,705100.0,22.018047332763672
2004-01-12,27.290000915527344,26.860000610351562,26.8799991607666,27.15999984741211,628500.0,22.297176361083984
2004-01-13,27.209999084472656,26.700000762939453,27.170000076293945,26.899999618530273,782700.0,22.08373260498047
2004-01-14,27.209999084472656,26.93000030517578,26.950000762939453,27.0,978900.0,22.165830612182617
2004-01-15,26.969999313354492,26.219999313354492,26.969999313354492,26.670000076293945,941000.0,21.894906997680664
2004-01-16,27.170000076293945,26.6200008392334,26.68000030517578,27.110000610351562,803900.0,22.256120681762695
2004-01-20,27.25,27.040000915527344,27.040000915527344,27.1200008392334,880600.0,22.26433563232422
2004-01-21,27.149999618530273,26.59000015258789,27.040000915527344,26.850000381469727,1614200.0,22.04268455505371
2004-01-22,27.040000915527344,26.549999237060547,26.850000381469727,26.75,741200.0,21.960590362548828
2004-01-23,26.989999771118164,26.540000915527344,26.770000457763672,26.540000915527344,750100.0,21.788183212280273
2004-01-26,26.940000534057617,26.59000015258789,26.600000381469727,26.75,1067000.0,21.960590362548828
2004-01-27,26.780000686645508,26.360000610351562,26.75,26.520000457763672,1022100.0,21.771757125854492
2004-01-28,26.81999969482422,26.219999313354492,26.559999465942383,26.219999313354492,899400.0,21.525482177734375
2004-01-29,26.719999313354492,26.1200008392334,26.360000610351562,26.690000534057617,1030400.0,21.911327362060547
2004-01-30,27.3700008392334,26.670000076293945,26.670000076293945,27.170000076293945,1742700.0,22.305381774902344
2004-02-02,27.270000457763672,26.850000381469727,27.170000076293945,27.0,808400.0,22.165830612182617
2004-02-03,27.1299991607666,26.799999237060547,26.8700008392334,26.920000076293945,1521800.0,22.100149154663086
2004-02-04,26.979999542236328,26.65999984741211,26.979999542236328,26.709999084472656,652100.0,21.927743911743164
2004-02-05,27.25,26.600000381469727,26.610000610351562,27.049999237060547,860400.0,22.20687484741211
2004-02-06,27.6299991607666,26.670000076293945,27.299999237060547,27.59000015258789,894300.0,22.650190353393555
2004-02-09,27.549999237060547,27.15999984741211,27.399999618530273,27.3799991607666,685600.0,22.477783203125
2004-02-10,28.149999618530273,27.260000228881836,27.350000381469727,27.889999389648438,921700.0,22.896472930908203
2004-02-11,28.030000686645508,27.25,27.75,27.940000534057617,1299100.0,22.93752670288086
2004-02-12,27.899999618530273,27.149999618530273,27.889999389648438,27.329999923706055,1023600.0,22.436737060546875
2004-02-13,27.770000457763672,27.200000762939453,27.350000381469727,27.34000015258789,861600.0,22.4449462890625
2004-02-17,27.719999313354492,27.3799991607666,27.420000076293945,27.440000534057617,557500.0,22.527042388916016
2004-02-18,27.579999923706055,27.049999237060547,27.540000915527344,27.31999969482422,540000.0,22.428529739379883
2004-02-19,28.170000076293945,27.440000534057617,27.5,27.75,883100.0,22.78154945373535
2004-02-20,27.8700008392334,27.290000915527344,27.760000228881836,27.5,763400.0,22.5762996673584
2004-02-23,27.68000030517578,27.299999237060547,27.510000228881836,27.350000381469727,830300.0,22.453155517578125
2004-02-24,27.639999389648438,27.059999465942383,27.34000015258789,27.31999969482422,1095800.0,22.428529739379883
2004-02-25,27.270000457763672,26.81999969482422,27.270000457763672,27.0,1422900.0,22.165830612182617
2004-02-26,27.170000076293945,26.829999923706055,27.020000457763672,27.149999618530273,739900.0,22.288965225219727
2004-02-27,27.639999389648438,27.0,27.149999618530273,27.309999465942383,618400.0,22.420318603515625
2004-03-01,27.899999618530273,27.31999969482422,27.31999969482422,27.829999923706055,755800.0,22.84721565246582
2004-03-02,27.959999084472656,27.489999771118164,27.829999923706055,27.489999771118164,1147400.0,22.568078994750977
2004-03-03,27.510000228881836,26.959999084472656,27.43000030517578,27.18000030517578,886300.0,22.313589096069336
2004-03-04,27.34000015258789,27.06999969482422,27.079999923706055,27.299999237060547,620200.0,22.412111282348633
2004-03-05,27.700000762939453,27.200000762939453,27.299999237060547,27.68000030517578,2099600.0,22.724077224731445
2004-03-08,27.90999984741211,27.5,27.68000030517578,27.610000610351562,1109400.0,22.666603088378906
2004-03-09,28.299999237060547,27.610000610351562,27.610000610351562,28.040000915527344,1647200.0,23.019620895385742
2004-03-10,28.540000915527344,28.0,28.059999465942383,28.1299991607666,2002700.0,23.09349822998047
2004-03-11,28.200000762939453,27.690000534057617,27.950000762939453,27.760000228881836,1323100.0,22.789752960205078
2004-03-12,28.0,27.440000534057617,27.68000030517578,27.809999465942383,796200.0,22.89677619934082
2004-03-15,27.75,27.18000030517578,27.75,27.299999237060547,754200.0,22.476884841918945
2004-03-16,27.670000076293945,27.209999084472656,27.299999237060547,27.5,621800.0,22.641550064086914
2004-03-17,27.940000534057617,27.420000076293945,27.479999542236328,27.84000015258789,693900.0,22.921480178833008
2004-03-18,27.709999084472656,27.18000030517578,27.700000762939453,27.579999923706055,630200.0,22.707420349121094
2004-03-19,27.639999389648438,27.260000228881836,27.43000030517578,27.260000228881836,500600.0,22.44394874572754
2004-03-22,27.3799991607666,26.639999389648438,27.270000457763672,27.040000915527344,608200.0,22.262821197509766
2004-03-23,27.299999237060547,26.68000030517578,27.239999771118164,26.899999618530273,767200.0,22.147560119628906
2004-03-24,27.059999465942383,26.59000015258789,26.940000534057617,26.770000457763672,618200.0,22.040512084960938
2004-03-25,27.780000686645508,26.700000762939453,26.780000686645508,27.649999618530273,674600.0,22.76505470275879
2004-03-26,27.639999389648438,27.299999237060547,27.600000381469727,27.479999542236328,413600.0,22.62508201599121
2004-03-29,28.280000686645508,27.520000457763672,27.579999923706055,28.049999237060547,850000.0,23.09437370300293
2004-03-30,28.420000076293945,27.889999389648438,27.940000534057617,28.360000610351562,679800.0,23.34961700439453
2004-03-31,28.610000610351562,27.860000610351562,28.299999237060547,28.530000686645508,715200.0,23.489578247070312
2004-04-01,28.899999618530273,28.290000915527344,28.399999618530273,28.489999771118164,2054700.0,23.45663833618164
2004-04-02,28.920000076293945,28.479999542236328,28.549999237060547,28.5,1479700.0,23.46488380432129
2004-04-05,28.56999969482422,28.389999389648438,28.530000686645508,28.5,751900.0,23.46488380432129
2004-04-06,28.530000686645508,28.360000610351562,28.510000228881836,28.5,545900.0,23.46488380432129
2004-04-07,28.530000686645508,28.229999542236328,28.5,28.360000610351562,554200.0,23.34961700439453
2004-04-08,28.540000915527344,28.229999542236328,28.450000762939453,28.399999618530273,663200.0,23.382549285888672
2004-04-12,28.649999618530273,28.450000762939453,28.450000762939453,28.6200008392334,643400.0,23.563682556152344
2004-04-13,28.6299991607666,28.440000534057617,28.6299991607666,28.479999542236328,1023900.0,23.448421478271484
2004-04-14,28.68000030517578,28.309999465942383,28.360000610351562,28.420000076293945,1016100.0,23.39902687072754
2004-04-15,28.610000610351562,28.440000534057617,28.510000228881836,28.5,1173400.0,23.46488380432129
2004-04-16,28.540000915527344,28.309999465942383,28.540000915527344,28.489999771118164,602200.0,23.45663833618164
2004-04-19,28.5,28.239999771118164,28.489999771118164,28.479999542236328,399400.0,23.448421478271484
2004-04-20,28.549999237060547,28.049999237060547,28.5,28.049999237060547,508600.0,23.09437370300293
2004-04-21,28.43000030517578,27.950000762939453,28.200000762939453,28.350000381469727,586600.0,23.341379165649414
2004-04-22,29.200000762939453,28.450000762939453,28.5,29.170000076293945,1409300.0,24.01650619506836
2004-04-23,29.350000381469727,28.93000030517578,29.170000076293945,29.290000915527344,627300.0,24.115324020385742
2004-04-26,29.290000915527344,28.93000030517578,29.290000915527344,29.040000915527344,1003800.0,23.90947723388672
2004-04-27,29.850000381469727,29.15999984741211,29.290000915527344,29.84000015258789,1249400.0,24.568145751953125
2004-04-28,29.84000015258789,29.1200008392334,29.809999465942383,29.309999465942383,1110900.0,24.131778717041016
2004-04-29,29.790000915527344,29.059999465942383,29.290000915527344,29.239999771118164,916900.0,24.07414436340332
2004-04-30,30.170000076293945,29.299999237060547,29.399999618530273,29.799999237060547,1534500.0,24.535200119018555
2004-05-03,30.030000686645508,29.549999237060547,29.920000076293945,29.709999084472656,831500.0,24.461109161376953
2004-05-04,30.0,29.389999389648438,29.690000534057617,29.700000762939453,694000.0,24.452877044677734
2004-05-05,29.690000534057617,29.420000076293945,29.6299991607666,29.530000686645508,624200.0,24.31290626525879
2004-05-06,29.6200008392334,29.280000686645508,29.329999923706055,29.559999465942383,636300.0,24.33760643005371
2004-05-07,29.549999237060547,29.030000686645508,29.40999984741211,29.110000610351562,1024200.0,23.96710777282715
2004-05-10,29.049999237060547,28.59000015258789,28.90999984741211,28.860000610351562,733500.0,23.76127815246582
2004-05-11,29.059999465942383,28.25,28.25,28.739999771118164,891900.0,23.6624755859375
2004-05-12,28.559999465942383,28.020000457763672,28.489999771118164,28.469999313354492,990600.0,23.440176010131836
2004-05-13,28.950000762939453,28.440000534057617,28.450000762939453,28.860000610351562,680400.0,23.76127815246582
2004-05-14,29.149999618530273,28.610000610351562,28.760000228881836,28.989999771118164,685300.0,23.86831283569336
2004-05-17,28.739999771118164,28.260000228881836,28.600000381469727,28.389999389648438,749700.0,23.374313354492188
2004-05-18,28.809999465942383,28.350000381469727,28.350000381469727,28.719999313354492,628000.0,23.646011352539062
2004-05-19,29.030000686645508,28.309999465942383,28.969999313354492,28.360000610351562,813200.0,23.34961700439453
2004-05-20,29.190000534057617,28.280000686645508,28.299999237060547,29.18000030517578,1023600.0,24.024747848510742
2004-05-21,29.479999542236328,28.940000534057617,29.229999542236328,29.149999618530273,691300.0,24.000043869018555
2004-05-24,29.579999923706055,29.15999984741211,29.15999984741211,29.420000076293945,510200.0,24.22234344482422
2004-05-25,30.399999618530273,29.110000610351562,29.280000686645508,30.34000015258789,1343200.0,24.979799270629883
2004-05-26,30.479999542236328,30.100000381469727,30.239999771118164,30.389999389648438,902400.0,25.020977020263672
2004-05-27,31.020000457763672,30.479999542236328,30.479999542236328,30.809999465942383,816200.0,25.36676788330078
2004-05-28,30.719999313354492,30.309999465942383,30.719999313354492,30.510000228881836,439900.0,25.119770050048828
2004-06-01,30.81999969482422,30.389999389648438,30.520000457763672,30.6299991607666,663200.0,25.21856689453125
2004-06-02,30.829999923706055,30.239999771118164,30.549999237060547,30.780000686645508,710500.0,25.342065811157227
2004-06-03,30.75,30.260000228881836,30.56999969482422,30.260000228881836,430300.0,24.9139347076416
2004-06-04,30.850000381469727,30.360000610351562,30.399999618530273,30.719999313354492,472900.0,25.292667388916016
2004-06-07,31.1200008392334,30.459999084472656,30.700000762939453,31.09000015258789,531100.0,25.597299575805664
2004-06-08,31.389999389648438,30.889999389648438,30.969999313354492,31.389999389648438,472300.0,25.844301223754883
2004-06-09,31.479999542236328,31.170000076293945,31.3799991607666,31.25,452500.0,25.729034423828125
2004-06-10,31.469999313354492,31.25,31.350000381469727,31.3799991607666,625400.0,25.836069107055664
2004-06-14,31.149999618530273,30.649999618530273,31.149999618530273,30.799999237060547,365300.0,25.423343658447266
2004-06-15,31.209999084472656,30.81999969482422,30.950000762939453,31.149999618530273,608000.0,25.712251663208008
2004-06-16,31.149999618530273,30.75,31.149999618530273,30.959999084472656,479300.0,25.55541229248047
2004-06-17,31.010000228881836,30.299999237060547,30.979999542236328,30.399999618530273,833400.0,25.09317398071289
2004-06-18,30.6200008392334,30.079999923706055,30.200000762939453,30.40999984741211,861500.0,25.101428985595703
2004-06-21,30.540000915527344,30.190000534057617,30.450000762939453,30.270000457763672,622600.0,24.985870361328125
2004-06-22,30.81999969482422,30.06999969482422,30.270000457763672,30.6200008392334,631300.0,25.2747745513916
2004-06-23,30.920000076293945,30.309999465942383,30.450000762939453,30.8799991607666,467900.0,25.489383697509766
2004-06-24,30.989999771118164,30.469999313354492,30.5,30.920000076293945,574900.0,25.52240562438965
2004-06-25,31.1200008392334,30.700000762939453,30.920000076293945,30.889999389648438,521000.0,25.497634887695312
2004-06-28,31.440000534057617,30.969999313354492,31.25,31.149999618530273,524500.0,25.712251663208008
2004-06-29,31.600000381469727,31.149999618530273,31.149999618530273,31.600000381469727,425500.0,26.083694458007812
2004-06-30,31.770000457763672,31.260000228881836,31.600000381469727,31.700000762939453,746000.0,26.16623878479004
2004-07-01,31.280000686645508,30.270000457763672,31.049999237060547,30.700000762939453,886500.0,25.340805053710938
2004-07-02,30.700000762939453,30.309999465942383,30.700000762939453,30.65999984741211,494600.0,25.307790756225586
2004-07-06,30.8700008392334,30.489999771118164,30.65999984741211,30.649999618530273,718300.0,25.299531936645508
2004-07-07,31.06999969482422,30.579999923706055,30.639999389648438,31.06999969482422,729800.0,25.646221160888672
2004-07-08,31.1299991607666,30.709999084472656,31.06999969482422,31.0,735000.0,25.58843421936035
2004-07-09,31.100000381469727,30.610000610351562,31.0,30.799999237060547,658700.0,25.423343658447266
2004-07-12,31.34000015258789,30.549999237060547,30.899999618530273,31.309999465942383,585100.0,25.844318389892578
2004-07-13,31.40999984741211,31.219999313354492,31.299999237060547,31.299999237060547,525100.0,25.83606719970703
2004-07-14,31.43000030517578,30.959999084472656,31.149999618530273,31.219999313354492,859700.0,25.770029067993164
2004-07-15,31.6200008392334,31.1299991607666,31.43000030517578,31.200000762939453,676300.0,25.7535343170166
2004-07-16,31.579999923706055,31.170000076293945,31.450000762939453,31.299999237060547,525800.0,25.83606719970703
2004-07-19,31.5,31.15999984741211,31.399999618530273,31.25,414500.0,25.7947940826416
2004-07-20,31.399999618530273,31.040000915527344,31.170000076293945,31.290000915527344,871100.0,25.827817916870117
2004-07-21,31.489999771118164,31.239999771118164,31.420000076293945,31.309999465942383,671600.0,25.844318389892578
2004-07-22,31.270000457763672,30.770000457763672,31.25,30.8799991607666,908000.0,25.489383697509766
2004-07-23,30.690000534057617,30.020000457763672,30.68000030517578,30.350000381469727,632000.0,25.051904678344727
2004-07-26,30.739999771118164,30.170000076293945,30.350000381469727,30.309999465942383,1039000.0,25.018890380859375
2004-07-27,30.65999984741211,30.190000534057617,30.360000610351562,30.579999923706055,779400.0,25.241750717163086
2004-07-28,30.610000610351562,30.0,30.59000015258789,30.43000030517578,701300.0,25.117944717407227
2004-07-29,30.899999618530273,30.3799991607666,30.530000686645508,30.700000762939453,487900.0,25.340805053710938
2004-07-30,30.729999542236328,30.420000076293945,30.549999237060547,30.5,360800.0,25.175724029541016
2004-08-02,30.75,30.149999618530273,30.510000228881836,30.700000762939453,451300.0,25.340805053710938
2004-08-03,30.709999084472656,30.190000534057617,30.709999084472656,30.450000762939453,599800.0,25.134449005126953
2004-08-04,30.719999313354492,30.110000610351562,30.450000762939453,30.520000457763672,478400.0,25.192232131958008
2004-08-05,30.540000915527344,29.6299991607666,30.530000686645508,29.739999771118164,711400.0,24.548389434814453
2004-08-06,29.600000381469727,29.040000915527344,29.5,29.3700008392334,731600.0,24.24298095703125
2004-08-09,29.81999969482422,29.329999923706055,29.3799991607666,29.489999771118164,489700.0,24.342031478881836
2004-08-10,30.110000610351562,29.31999969482422,29.489999771118164,30.049999237060547,775900.0,24.804271697998047
2004-08-11,30.399999618530273,29.559999465942383,29.75,30.209999084472656,503300.0,24.936338424682617
2004-08-12,30.079999923706055,29.5,30.030000686645508,30.0,725100.0,24.76300048828125
2004-08-13,29.989999771118164,29.639999389648438,29.920000076293945,29.889999389648438,508500.0,24.67221450805664
2004-08-16,30.5,29.780000686645508,29.780000686645508,30.399999618530273,505000.0,25.09317398071289
2004-08-17,30.420000076293945,29.969999313354492,30.31999969482422,30.15999984741211,498600.0,24.89506721496582
2004-08-18,30.290000915527344,29.899999618530273,30.139999389648438,30.290000915527344,634000.0,25.00237274169922
2004-08-19,30.06999969482422,29.75,30.06999969482422,30.0,600900.0,24.76300048828125
2004-08-20,30.260000228881836,29.8700008392334,30.0,30.170000076293945,629700.0,24.903329849243164
2004-08-23,30.190000534057617,29.739999771118164,30.18000030517578,29.780000686645508,552500.0,24.58141326904297
2004-08-24,30.020000457763672,29.399999618530273,30.020000457763672,29.6200008392334,1232800.0,24.449338912963867
2004-08-25,30.440000534057617,29.530000686645508,29.6200008392334,30.280000686645508,586300.0,24.99413299560547
2004-08-26,30.389999389648438,30.100000381469727,30.329999923706055,30.110000610351562,469100.0,24.85379981994629
2004-08-27,30.229999542236328,29.809999465942383,30.209999084472656,30.020000457763672,418700.0,24.779508590698242
2004-08-30,30.110000610351562,29.760000228881836,30.06999969482422,29.770000457763672,390100.0,24.573156356811523
2004-08-31,30.110000610351562,29.760000228881836,29.850000381469727,29.920000076293945,468600.0,24.69697380065918
2004-09-01,30.209999084472656,29.790000915527344,29.790000915527344,30.020000457763672,659900.0,24.779508590698242
2004-09-02,30.489999771118164,30.049999237060547,30.079999923706055,30.469999313354492,496600.0,25.150957107543945
2004-09-03,30.760000228881836,30.360000610351562,30.469999313354492,30.649999618530273,558800.0,25.299531936645508
2004-09-07,30.979999542236328,30.65999984741211,30.889999389648438,30.860000610351562,795900.0,25.47287940979004
2004-09-08,30.850000381469727,30.40999984741211,30.729999542236328,30.459999084472656,444600.0,25.142702102661133
2004-09-09,30.790000915527344,30.5,30.5,30.709999084472656,510100.0,25.34906578063965
2004-09-10,30.75,30.239999771118164,30.56999969482422,30.670000076293945,432600.0,25.316038131713867
2004-09-13,30.780000686645508,30.469999313354492,30.6200008392334,30.670000076293945,537400.0,25.316038131713867
2004-09-14,30.68000030517578,30.290000915527344,30.600000381469727,30.610000610351562,742000.0,25.26651954650879
2004-09-15,30.829999923706055,30.469999313354492,30.610000610351562,30.719999313354492,484000.0,25.35730743408203
2004-09-16,30.969999313354492,30.6200008392334,30.6299991607666,30.81999969482422,635300.0,25.439861297607422
2004-09-17,31.540000915527344,30.90999984741211,30.969999313354492,31.290000915527344,980900.0,25.895023345947266
2004-09-20,31.3799991607666,31.0,31.149999618530273,31.079999923706055,724400.0,25.72124481201172
2004-09-21,31.399999618530273,31.0,31.1299991607666,31.299999237060547,532100.0,25.903305053710938
2004-09-22,31.399999618530273,30.90999984741211,31.1200008392334,31.200000762939453,711600.0,25.82054901123047
2004-09-23,31.200000762939453,30.610000610351562,31.079999923706055,30.75,864300.0,25.44814109802246
2004-09-24,31.200000762939453,30.649999618530273,30.649999618530273,31.170000076293945,1100300.0,25.795717239379883
2004-09-27,31.149999618530273,30.84000015258789,31.100000381469727,30.93000030517578,729400.0,25.59709930419922
2004-09-28,31.459999084472656,31.0,31.0,31.43000030517578,584000.0,26.01089859008789
2004-09-29,31.350000381469727,31.020000457763672,31.299999237060547,31.190000534057617,858300.0,25.812267303466797
2004-09-30,31.799999237060547,31.329999923706055,31.329999923706055,31.440000534057617,1339500.0,26.0191650390625
2004-10-01,31.75,31.31999969482422,31.469999313354492,31.75,856600.0,26.275714874267578
2004-10-04,32.150001525878906,31.68000030517578,31.799999237060547,31.8700008392334,777900.0,26.37502098083496
2004-10-05,32.36000061035156,31.8700008392334,32.08000183105469,32.27000045776367,1225700.0,26.706056594848633
2004-10-06,32.81999969482422,32.310001373291016,32.400001525878906,32.81999969482422,772700.0,27.161226272583008
2004-10-07,34.20000076293945,32.70000076293945,33.75,32.790000915527344,2154700.0,27.136409759521484
2004-10-08,32.81999969482422,32.33000183105469,32.439998626708984,32.5099983215332,754700.0,26.904678344726562
2004-10-11,32.93000030517578,32.47999954223633,32.47999954223633,32.61000061035156,348100.0,26.987442016601562
2004-10-12,32.70000076293945,32.400001525878906,32.599998474121094,32.5099983215332,814600.0,26.904678344726562
2004-10-13,32.900001525878906,32.0,32.7599983215332,32.22999954223633,661400.0,26.672950744628906
2004-10-14,32.470001220703125,32.150001525878906,32.290000915527344,32.209999084472656,367800.0,26.656402587890625
2004-10-15,32.70000076293945,32.11000061035156,32.400001525878906,32.5,516700.0,26.896406173706055
2004-10-18,33.11000061035156,32.29999923706055,32.5,33.040000915527344,716500.0,27.343294143676758
2004-10-19,33.189998626708984,32.11000061035156,32.93000030517578,32.130001068115234,598100.0,26.590200424194336
2004-10-20,32.560001373291016,31.899999618530273,32.22999954223633,32.43000030517578,665200.0,26.83846664428711
2004-10-21,32.5,31.979999542236328,32.43000030517578,32.25,1079600.0,26.689512252807617
2004-10-22,32.54999923706055,31.950000762939453,32.2599983215332,32.02000045776367,530200.0,26.499168395996094
2004-10-25,32.40999984741211,32.0,32.040000915527344,32.27000045776367,738500.0,26.706056594848633
2004-10-26,33.0,32.04999923706055,32.22999954223633,33.0,709800.0,27.310195922851562
2004-10-27,33.790000915527344,32.75,33.0,33.70000076293945,978700.0,27.88949203491211
2004-10-28,33.70000076293945,33.2400016784668,33.70000076293945,33.400001525878906,988800.0,27.641220092773438
2004-10-29,33.95000076293945,33.33000183105469,33.33000183105469,33.849998474121094,558400.0,28.01363754272461
2004-11-01,33.849998474121094,33.27000045776367,33.849998474121094,33.459999084472656,1003700.0,27.69088363647461
2004-11-02,34.41999816894531,33.5,33.5,33.93000030517578,1004500.0,28.0798397064209
2004-11-03,34.45000076293945,33.81999969482422,34.18000030517578,34.040000915527344,663000.0,28.17088508605957
2004-11-04,35.02000045776367,33.959999084472656,34.130001068115234,34.900001525878906,580900.0,28.88259506225586
2004-11-05,35.099998474121094,34.5,34.95000076293945,35.06999969482422,824800.0,29.02329444885254
2004-11-08,35.29999923706055,34.849998474121094,35.0,35.0099983215332,944800.0,28.9736270904541
2004-11-09,35.279998779296875,34.75,35.11000061035156,34.959999084472656,885300.0,28.93225860595703
2004-11-10,35.27000045776367,34.59000015258789,35.22999954223633,34.59000015258789,1047500.0,28.62605857849121
2004-11-11,35.34000015258789,34.58000183105469,34.79999923706055,35.099998474121094,944300.0,29.048110961914062
2004-11-12,35.099998474121094,34.20000076293945,35.099998474121094,34.95000076293945,772100.0,28.923978805541992
2004-11-15,34.9900016784668,34.650001525878906,34.79999923706055,34.900001525878906,515600.0,28.88259506225586
2004-11-16,35.2599983215332,34.88999938964844,34.900001525878906,34.9900016784668,601100.0,28.95708465576172
2004-11-17,35.59000015258789,34.7599983215332,34.9900016784668,34.849998474121094,895700.0,28.841222763061523
2004-11-18,35.22999954223633,34.65999984741211,34.65999984741211,35.130001068115234,591200.0,29.072933197021484
2004-11-19,34.93000030517578,34.15999984741211,34.91999816894531,34.25,911400.0,28.344675064086914
2004-11-22,34.63999938964844,34.20000076293945,34.400001525878906,34.63999938964844,667600.0,28.66742515563965
2004-11-23,35.0099983215332,34.439998626708984,34.529998779296875,34.90999984741211,491800.0,28.890880584716797
2004-11-24,35.18000030517578,34.869998931884766,34.869998931884766,35.060001373291016,310000.0,29.0150203704834
2004-11-26,35.20000076293945,35.0099983215332,35.060001373291016,35.029998779296875,154600.0,28.990188598632812
2004-11-29,35.0099983215332,34.56999969482422,35.0,34.779998779296875,497000.0,28.783279418945312
2004-11-30,35.099998474121094,34.599998474121094,34.689998626708984,34.97999954223633,556600.0,28.948808670043945
2004-12-01,35.2599983215332,34.79999923706055,34.970001220703125,35.2599983215332,546300.0,29.18053436279297
2004-12-02,35.31999969482422,34.900001525878906,35.099998474121094,35.20000076293945,542400.0,29.130878448486328
2004-12-03,35.47999954223633,34.689998626708984,35.209999084472656,35.16999816894531,650900.0,29.10603904724121
2004-12-06,35.29999923706055,34.84000015258789,35.02000045776367,35.08000183105469,416000.0,29.031558990478516
2004-12-07,35.04999923706055,34.400001525878906,34.97999954223633,34.400001525878906,609200.0,28.46881675720215
2004-12-08,34.900001525878906,34.40999984741211,34.40999984741211,34.79999923706055,644600.0,28.79983901977539
2004-12-09,34.97999954223633,34.02000045776367,34.650001525878906,34.86000061035156,455000.0,28.84950065612793
2004-12-10,35.08000183105469,34.5,34.529998779296875,34.88999938964844,711800.0,28.87432289123535
2004-12-13,35.11000061035156,34.81999969482422,34.900001525878906,34.959999084472656,405600.0,28.93225860595703
2004-12-14,35.20000076293945,34.619998931884766,34.88999938964844,34.900001525878906,755400.0,28.88259506225586
2004-12-15,34.849998474121094,34.599998474121094,34.70000076293945,34.790000915527344,846400.0,28.791563034057617
2004-12-16,34.7400016784668,34.400001525878906,34.650001525878906,34.650001525878906,595700.0,28.675703048706055
2004-12-17,34.689998626708984,34.27000045776367,34.29999923706055,34.31999969482422,1052600.0,28.47492218017578
2004-12-20,34.790000915527344,34.349998474121094,34.54999923706055,34.560001373291016,681300.0,28.674047470092773
2004-12-21,34.75,34.4900016784668,34.599998474121094,34.630001068115234,691200.0,28.732120513916016
2004-12-22,35.15999984741211,34.61000061035156,34.72999954223633,34.65999984741211,713200.0,28.757009506225586
2004-12-23,35.029998779296875,34.5099983215332,34.66999816894531,34.939998626708984,384400.0,28.989334106445312
2004-12-27,35.18000030517578,34.540000915527344,35.04999923706055,34.58000183105469,491100.0,28.690635681152344
2004-12-28,35.150001525878906,34.63999938964844,34.650001525878906,35.130001068115234,479600.0,29.146963119506836
2004-12-29,35.11000061035156,34.849998474121094,34.970001220703125,35.0,399000.0,29.03911018371582
2004-12-30,35.33000183105469,35.02000045776367,35.130001068115234,35.150001525878906,327200.0,29.163572311401367
2004-12-31,35.40999984741211,34.959999084472656,35.290000915527344,35.130001068115234,450200.0,29.146963119506836
2005-01-03,35.08000183105469,34.52000045776367,35.0,34.599998474121094,648400.0,28.707231521606445
2005-01-04,34.650001525878906,33.86000061035156,34.599998474121094,34.15999984741211,883500.0,28.342161178588867
2005-01-05,34.58000183105469,33.81999969482422,34.20000076293945,33.83000183105469,757500.0,28.06837272644043
2005-01-06,34.25,33.709999084472656,33.709999084472656,33.93000030517578,498500.0,28.15132713317871
2005-01-07,34.04999923706055,33.619998931884766,33.90999984741211,33.72999954223633,693800.0,27.985408782958984
2005-01-10,34.279998779296875,33.70000076293945,33.70000076293945,34.029998779296875,570200.0,28.234312057495117
2005-01-11,34.029998779296875,33.56999969482422,33.9900016784668,33.75,606100.0,28.00200843811035
2005-01-12,33.81999969482422,33.36000061035156,33.61000061035156,33.65999984741211,828700.0,27.927316665649414
2005-01-13,33.81999969482422,33.150001525878906,33.70000076293945,33.2400016784668,797700.0,27.578857421875
2005-01-14,33.72999954223633,33.380001068115234,33.459999084472656,33.65999984741211,753900.0,27.927316665649414
2005-01-18,34.22999954223633,33.41999816894531,33.43000030517578,34.209999084472656,885000.0,28.383647918701172
2005-01-19,34.43000030517578,34.08000183105469,34.08000183105469,34.2599983215332,561300.0,28.425127029418945
2005-01-20,34.38999938964844,34.0,34.150001525878906,34.130001068115234,655900.0,28.31727409362793
2005-01-21,34.27000045776367,33.58000183105469,34.130001068115234,33.70000076293945,1054600.0,27.96050262451172
2005-01-24,33.86000061035156,33.34000015258789,33.70000076293945,33.40999984741211,632600.0,27.719905853271484
2005-01-25,33.70000076293945,33.380001068115234,33.650001525878906,33.47999954223633,654700.0,27.77798080444336
2005-01-26,33.689998626708984,33.36000061035156,33.540000915527344,33.630001068115234,912800.0,27.902433395385742
2005-01-27,33.63999938964844,33.400001525878906,33.599998474121094,33.529998779296875,755400.0,27.819461822509766
2005-01-28,33.70000076293945,33.349998474121094,33.349998474121094,33.54999923706055,632000.0,27.836055755615234
2005-01-31,33.95000076293945,33.58000183105469,33.779998779296875,33.650001525878906,796400.0,27.919031143188477
2005-02-01,33.9900016784668,33.5099983215332,33.650001525878906,33.91999816894531,859100.0,28.143051147460938
2005-02-02,34.0,33.599998474121094,33.75,33.90999984741211,566100.0,28.13474464416504
2005-02-03,33.77000045776367,33.029998779296875,33.68000030517578,33.29999923706055,1962600.0,27.628637313842773
2005-02-04,33.63999938964844,33.29999923706055,33.349998474121094,33.56999969482422,787600.0,27.85265350341797
2005-02-07,33.56999969482422,32.0,33.56999969482422,32.93000030517578,1644000.0,27.32164764404297
2005-02-08,33.099998474121094,32.619998931884766,32.9900016784668,32.939998626708984,1054900.0,27.329952239990234
2005-02-09,32.810001373291016,32.15999984741211,32.810001373291016,32.22999954223633,1182300.0,26.740867614746094
2005-02-10,32.81999969482422,32.16999816894531,32.29999923706055,32.7400016784668,1182500.0,27.16400718688965
2005-02-11,33.290000915527344,32.45000076293945,32.75,32.95000076293945,1003600.0,27.338241577148438
2005-02-14,32.970001220703125,32.790000915527344,32.91999816894531,32.810001373291016,787400.0,27.222089767456055
2005-02-15,32.810001373291016,32.47999954223633,32.72999954223633,32.58000183105469,955500.0,27.03127098083496
2005-02-16,32.58000183105469,32.09000015258789,32.58000183105469,32.13999938964844,1225600.0,26.666194915771484
2005-02-17,32.16999816894531,31.6299991607666,32.13999938964844,31.6299991607666,1578500.0,26.243057250976562
2005-02-18,31.84000015258789,31.59000015258789,31.68000030517578,31.809999465942383,1336900.0,26.39240074157715
2005-02-22,32.06999969482422,31.389999389648438,31.799999237060547,31.5,1414800.0,26.13520050048828
2005-02-23,31.90999984741211,31.479999542236328,31.489999771118164,31.65999984741211,1298300.0,26.2679500579834
2005-02-24,31.799999237060547,31.40999984741211,31.639999389648438,31.56999969482422,1075700.0,26.19327163696289
2005-02-25,31.790000915527344,31.3700008392334,31.399999618530273,31.65999984741211,1110400.0,26.2679500579834
2005-02-28,31.84000015258789,31.200000762939453,31.530000686645508,31.709999084472656,1230700.0,26.30943489074707
2005-03-01,32.09000015258789,31.6200008392334,31.90999984741211,31.8799991607666,1278700.0,26.450477600097656
2005-03-02,32.029998779296875,31.510000228881836,31.8799991607666,31.8799991607666,971700.0,26.450477600097656
2005-03-03,32.25,31.90999984741211,32.099998474121094,32.130001068115234,1171300.0,26.65790367126465
2005-03-04,33.25,32.75,33.20000076293945,33.09000015258789,1408100.0,27.45440101623535
2005-03-07,33.150001525878906,32.86000061035156,32.9900016784668,32.88999938964844,840300.0,27.28845977783203
2005-03-08,33.060001373291016,32.56999969482422,32.95000076293945,32.650001525878906,672300.0,27.089338302612305
2005-03-09,32.869998931884766,32.54999923706055,32.650001525878906,32.56999969482422,692100.0,27.02296257019043
2005-03-10,32.779998779296875,32.45000076293945,32.58000183105469,32.54999923706055,883300.0,27.006364822387695
2005-03-11,32.75,32.400001525878906,32.599998474121094,32.41999816894531,745800.0,26.971426010131836
2005-03-14,32.970001220703125,32.400001525878906,32.52000045776367,32.7599983215332,699700.0,27.2542781829834
2005-03-15,32.81999969482422,32.54999923706055,32.7599983215332,32.54999923706055,735400.0,27.07958221435547
2005-03-16,32.689998626708984,32.2400016784668,32.400001525878906,32.31999969482422,983300.0,26.88823890686035
2005-03-17,32.790000915527344,32.380001068115234,32.47999954223633,32.689998626708984,1057600.0,27.196048736572266
2005-03-18,32.619998931884766,32.08000183105469,32.560001373291016,32.380001068115234,3356000.0,26.938148498535156
2005-03-21,32.54999923706055,32.189998626708984,32.369998931884766,32.43000030517578,733100.0,26.979747772216797
2005-03-22,32.79999923706055,32.349998474121094,32.43000030517578,32.38999938964844,859400.0,26.94647789001465
2005-03-23,32.4900016784668,32.150001525878906,32.29999923706055,32.45000076293945,906500.0,26.99638557434082
2005-03-24,32.81999969482422,32.43000030517578,32.45000076293945,32.75,877600.0,27.24596405029297
2005-03-28,32.91999816894531,32.560001373291016,32.79999923706055,32.560001373291016,689700.0,27.08789825439453
2005-03-29,32.93000030517578,32.290000915527344,32.45000076293945,32.36000061035156,802400.0,26.921506881713867
2005-03-30,32.79999923706055,32.33000183105469,32.400001525878906,32.709999084472656,590400.0,27.212690353393555
2005-03-31,33.150001525878906,32.68000030517578,32.7400016784668,33.04999923706055,749800.0,27.495546340942383
2005-04-01,33.369998931884766,32.81999969482422,33.25,32.900001525878906,867000.0,27.37076759338379
2005-04-04,32.97999954223633,32.599998474121094,32.779998779296875,32.810001373291016,625900.0,27.295886993408203
2005-04-05,32.970001220703125,32.65999984741211,32.720001220703125,32.900001525878906,425500.0,27.37076759338379
2005-04-06,33.2400016784668,32.93000030517578,32.959999084472656,33.0099983215332,366000.0,27.4622745513916
2005-04-07,33.209999084472656,32.849998474121094,33.09000015258789,33.150001525878906,499900.0,27.578746795654297
2005-04-08,33.130001068115234,32.91999816894531,32.95000076293945,32.91999816894531,561600.0,27.38739776611328
2005-04-11,33.54999923706055,32.900001525878906,33.0099983215332,33.38999938964844,719500.0,27.77840232849121
2005-04-12,33.939998626708984,32.959999084472656,33.470001220703125,33.900001525878906,984900.0,28.20270347595215
2005-04-13,34.22999954223633,33.65999984741211,33.90999984741211,34.20000076293945,2066800.0,28.4522647857666
2005-04-14,34.20000076293945,33.439998626708984,34.20000076293945,33.63999938964844,1166600.0,27.986392974853516
2005-04-15,33.849998474121094,32.900001525878906,33.63999938964844,32.91999816894531,1094300.0,27.38739776611328
2005-04-18,33.20000076293945,32.70000076293945,32.93000030517578,33.18000030517578,755100.0,27.60370445251465
2005-04-19,33.310001373291016,32.79999923706055,33.130001068115234,33.09000015258789,698300.0,27.528818130493164
2005-04-20,33.220001220703125,32.529998779296875,32.95000076293945,32.61000061035156,754600.0,27.129501342773438
2005-04-21,33.15999984741211,32.40999984741211,32.900001525878906,33.13999938964844,734000.0,27.570415496826172
2005-04-22,33.08000183105469,31.799999237060547,33.0,32.25,849500.0,26.83000373840332
2005-04-25,32.68000030517578,32.0,32.04999923706055,32.599998474121094,1149200.0,27.121173858642578
2005-04-26,32.90999984741211,32.470001220703125,32.58000183105469,32.470001220703125,732800.0,27.013023376464844
2005-04-27,32.650001525878906,32.209999084472656,32.52000045776367,32.38999938964844,604800.0,26.94647789001465
2005-04-28,32.5,31.809999465942383,32.27000045776367,31.8799991607666,606800.0,26.522180557250977
2005-04-29,32.709999084472656,31.8700008392334,32.130001068115234,32.709999084472656,908600.0,27.212690353393555
2005-05-02,32.86000061035156,32.4900016784668,32.709999084472656,32.709999084472656,701200.0,27.212690353393555
2005-05-03,32.91999816894531,32.43000030517578,32.599998474121094,32.560001373291016,773700.0,27.08789825439453
2005-05-04,32.81999969482422,32.470001220703125,32.65999984741211,32.72999954223633,807800.0,27.22933578491211
2005-05-05,32.70000076293945,32.18000030517578,32.70000076293945,32.540000915527344,581100.0,27.07125473022461
2005-05-06,32.75,32.38999938964844,32.540000915527344,32.4900016784668,485800.0,27.029672622680664
2005-05-09,32.619998931884766,32.150001525878906,32.41999816894531,32.59000015258789,441600.0,27.112863540649414
2005-05-10,32.439998626708984,32.0,32.29999923706055,32.119998931884766,503800.0,26.721847534179688
2005-05-11,32.439998626708984,31.950000762939453,32.11000061035156,32.369998931884766,531600.0,26.929832458496094
2005-05-12,32.470001220703125,31.56999969482422,32.33000183105469,31.68000030517578,618200.0,26.355798721313477
2005-05-13,31.709999084472656,30.68000030517578,31.700000762939453,31.280000686645508,1193000.0,26.02301025390625
2005-05-16,32.06999969482422,31.270000457763672,31.280000686645508,32.04999923706055,693200.0,26.66361427307129
2005-05-17,32.20000076293945,31.739999771118164,31.899999618530273,32.18000030517578,982100.0,26.771760940551758
2005-05-18,33.119998931884766,32.0099983215332,32.18000030517578,32.959999084472656,980200.0,27.42066764831543
2005-05-19,32.959999084472656,32.650001525878906,32.959999084472656,32.880001068115234,394100.0,27.354122161865234
2005-05-20,33.029998779296875,32.58000183105469,33.029998779296875,32.810001373291016,403100.0,27.295886993408203
2005-05-23,33.20000076293945,32.59000015258789,32.900001525878906,33.04999923706055,672200.0,27.495546340942383
2005-05-24,32.869998931884766,32.40999984741211,32.869998931884766,32.7400016784668,587300.0,27.237640380859375
2005-05-25,32.66999816894531,32.099998474121094,32.58000183105469,32.470001220703125,446000.0,27.013023376464844
2005-05-26,32.709999084472656,32.5,32.560001373291016,32.58000183105469,490200.0,27.10454559326172
2005-05-27,32.65999984741211,32.40999984741211,32.619998931884766,32.58000183105469,296500.0,27.10454559326172
2005-05-31,32.599998474121094,32.25,32.529998779296875,32.33000183105469,724100.0,26.89655113220215
2005-06-01,32.939998626708984,32.22999954223633,32.33000183105469,32.70000076293945,605000.0,27.204374313354492
2005-06-02,32.90999984741211,32.34000015258789,32.689998626708984,32.88999938964844,578300.0,27.3624324798584
2005-06-03,32.9900016784668,32.560001373291016,32.79999923706055,32.77000045776367,617800.0,27.262615203857422
2005-06-06,32.95000076293945,32.630001068115234,32.720001220703125,32.790000915527344,503700.0,27.279245376586914
2005-06-07,33.04999923706055,32.52000045776367,32.7599983215332,32.529998779296875,578200.0,27.06293487548828
2005-06-08,32.77000045776367,32.310001373291016,32.70000076293945,32.4900016784668,302400.0,27.029672622680664
2005-06-09,32.400001525878906,32.040000915527344,32.31999969482422,32.38999938964844,407400.0,26.94647789001465
2005-06-10,32.709999084472656,32.0,32.38999938964844,32.41999816894531,389400.0,26.971426010131836
2005-06-13,32.54999923706055,32.060001373291016,32.31999969482422,32.2599983215332,477500.0,26.838314056396484
2005-06-14,32.439998626708984,32.20000076293945,32.22999954223633,32.43000030517578,307400.0,26.979747772216797
2005-06-15,32.59000015258789,32.099998474121094,32.5,32.470001220703125,680300.0,27.013023376464844
2005-06-16,32.790000915527344,32.45000076293945,32.45000076293945,32.66999816894531,342900.0,27.179412841796875
2005-06-17,32.9900016784668,32.15999984741211,32.9900016784668,32.84000015258789,575100.0,27.39463233947754
2005-06-20,32.720001220703125,32.25,32.689998626708984,32.56999969482422,380200.0,27.169403076171875
2005-06-21,32.689998626708984,31.979999542236328,32.58000183105469,32.27000045776367,685600.0,26.919153213500977
2005-06-22,32.540000915527344,32.040000915527344,32.27000045776367,32.27000045776367,611300.0,26.919153213500977
2005-06-23,32.34000015258789,31.420000076293945,32.279998779296875,31.739999771118164,494700.0,26.477027893066406
2005-06-24,31.979999542236328,31.6299991607666,31.739999771118164,31.75,845400.0,26.48537254333496
2005-06-27,31.799999237060547,31.530000686645508,31.75,31.709999084472656,471000.0,26.452007293701172
2005-06-28,32.130001068115234,31.790000915527344,31.790000915527344,32.11000061035156,437500.0,26.785676956176758
2005-06-29,32.31999969482422,31.979999542236328,32.11000061035156,32.25,464400.0,26.9024715423584
2005-06-30,32.380001068115234,32.029998779296875,32.15999984741211,32.36000061035156,817000.0,26.994216918945312
2005-07-01,32.5,32.0099983215332,32.4900016784668,32.2400016784668,607300.0,26.894119262695312
2005-07-05,32.15999984741211,31.649999618530273,32.150001525878906,32.0,546200.0,26.693912506103516
2005-07-06,31.959999084472656,31.530000686645508,31.84000015258789,31.610000610351562,466500.0,26.368593215942383
2005-07-07,31.739999771118164,30.75,31.200000762939453,31.690000534057617,575100.0,26.435321807861328
2005-07-08,32.2599983215332,31.559999465942383,31.700000762939453,32.09000015258789,392600.0,26.769001007080078
2005-07-11,32.529998779296875,32.18000030517578,32.2400016784668,32.22999954223633,610700.0,26.885780334472656
2005-07-12,32.20000076293945,31.780000686645508,32.09000015258789,32.06999969482422,752900.0,26.75231170654297
2005-07-13,32.189998626708984,31.700000762939453,32.0,31.760000228881836,650300.0,26.493711471557617
2005-07-14,32.29999923706055,31.940000534057617,32.150001525878906,32.0,591200.0,26.693912506103516
2005-07-15,32.099998474121094,31.75,32.0,31.93000030517578,496300.0,26.63551902770996
2005-07-18,31.959999084472656,31.600000381469727,31.770000457763672,31.770000457763672,497800.0,26.502058029174805
2005-07-19,32.0,31.540000915527344,31.950000762939453,31.700000762939453,548700.0,26.44365882873535
2005-07-20,32.290000915527344,31.610000610351562,31.709999084472656,32.099998474121094,388200.0,26.777332305908203
2005-07-21,32.119998931884766,31.770000457763672,32.0,31.790000915527344,456500.0,26.518733978271484
2005-07-22,32.0,31.610000610351562,31.790000915527344,31.899999618530273,612100.0,26.610496520996094
2005-07-25,34.029998779296875,31.950000762939453,32.099998474121094,33.56999969482422,2056900.0,28.003589630126953
2005-07-26,33.72999954223633,33.2599983215332,33.4900016784668,33.5,1044100.0,27.9451904296875
2005-07-27,33.959999084472656,33.5,33.630001068115234,33.61000061035156,1031100.0,28.036949157714844
2005-07-28,34.13999938964844,33.720001220703125,33.79999923706055,33.83000183105469,837200.0,28.220476150512695
2005-07-29,34.13999938964844,33.56999969482422,33.86000061035156,33.58000183105469,1211600.0,28.011930465698242
2005-08-01,34.0,33.4900016784668,33.630001068115234,33.689998626708984,724100.0,28.103694915771484
2005-08-02,34.08000183105469,33.599998474121094,33.790000915527344,33.790000915527344,665200.0,28.187105178833008
2005-08-03,33.959999084472656,33.66999816894531,33.7599983215332,33.720001220703125,513800.0,28.12870979309082
2005-08-04,33.81999969482422,33.290000915527344,33.70000076293945,33.29999923706055,793000.0,27.778352737426758
2005-08-05,33.349998474121094,32.900001525878906,33.20000076293945,33.150001525878906,835100.0,27.653230667114258
2005-08-08,33.5099983215332,33.13999938964844,33.29999923706055,33.31999969482422,580400.0,27.79505157470703
2005-08-09,33.43000030517578,32.97999954223633,33.41999816894531,33.09000015258789,531400.0,27.60317611694336
2005-08-10,33.790000915527344,33.22999954223633,33.25,33.38999938964844,690100.0,27.85343360900879
2005-08-11,33.72999954223633,33.22999954223633,33.599998474121094,33.560001373291016,338200.0,27.9952449798584
2005-08-12,33.40999984741211,32.81999969482422,33.349998474121094,33.0,451400.0,27.528100967407227
2005-08-15,32.959999084472656,32.560001373291016,32.95000076293945,32.81999969482422,471000.0,27.377948760986328
2005-08-16,32.91999816894531,32.2599983215332,32.81999969482422,32.2599983215332,410600.0,26.910804748535156
2005-08-17,32.41999816894531,32.130001068115234,32.25,32.40999984741211,327800.0,27.03593635559082
2005-08-18,32.33000183105469,31.950000762939453,32.22999954223633,31.989999771118164,377800.0,26.685577392578125
2005-08-19,32.29999923706055,31.950000762939453,32.22999954223633,32.09000015258789,377900.0,26.769001007080078
2005-08-22,32.560001373291016,32.029998779296875,32.22999954223633,32.119998931884766,406300.0,26.79401969909668
2005-08-23,32.22999954223633,31.760000228881836,32.16999816894531,31.760000228881836,564600.0,26.493711471557617
2005-08-24,32.29999923706055,31.809999465942383,31.81999969482422,31.920000076293945,671800.0,26.62718391418457
2005-08-25,32.2599983215332,32.02000045776367,32.099998474121094,32.150001525878906,550700.0,26.81904411315918
2005-08-26,32.130001068115234,31.670000076293945,32.08000183105469,31.75,478600.0,26.48537254333496
2005-08-29,32.15999984741211,31.540000915527344,31.649999618530273,31.989999771118164,370800.0,26.685577392578125
2005-08-30,32.150001525878906,31.739999771118164,31.799999237060547,32.099998474121094,738400.0,26.777332305908203
2005-08-31,33.0099983215332,32.099998474121094,32.20000076293945,33.0,1221900.0,27.528100967407227
2005-09-01,33.31999969482422,32.869998931884766,32.970001220703125,33.0,826600.0,27.528100967407227
2005-09-02,33.2599983215332,32.88999938964844,33.220001220703125,33.119998931884766,569700.0,27.628202438354492
2005-09-06,33.790000915527344,33.349998474121094,33.54999923706055,33.68000030517578,908200.0,28.09535026550293
2005-09-07,33.86000061035156,33.4900016784668,33.709999084472656,33.619998931884766,1209400.0,28.045299530029297
2005-09-08,33.54999923706055,32.91999816894531,33.54999923706055,33.0099983215332,838500.0,27.53644561767578
2005-09-09,33.33000183105469,32.880001068115234,33.0,33.29999923706055,588600.0,27.778352737426758
2005-09-12,33.310001373291016,32.959999084472656,33.18000030517578,33.119998931884766,582300.0,27.628202438354492
2005-09-13,33.279998779296875,32.84000015258789,33.09000015258789,32.95000076293945,657600.0,27.486398696899414
2005-09-14,32.970001220703125,32.56999969482422,32.849998474121094,32.56999969482422,532700.0,27.169403076171875
2005-09-15,32.79999923706055,32.54999923706055,32.689998626708984,32.61000061035156,514400.0,27.202775955200195
2005-09-16,33.2400016784668,32.529998779296875,32.75,32.599998474121094,3401200.0,27.268007278442383
2005-09-19,32.54999923706055,32.16999816894531,32.54999923706055,32.22999954223633,811700.0,26.958526611328125
2005-09-20,32.4900016784668,31.850000381469727,32.36000061035156,32.0,809400.0,26.76614761352539
2005-09-21,31.84000015258789,31.15999984741211,31.780000686645508,31.25,725100.0,26.138816833496094
2005-09-22,31.450000762939453,30.899999618530273,31.260000228881836,31.399999618530273,737200.0,26.2642879486084
2005-09-23,31.850000381469727,31.100000381469727,31.229999542236328,31.59000015258789,486700.0,26.423206329345703
2005-09-26,31.93000030517578,31.479999542236328,31.84000015258789,31.6299991607666,493800.0,26.456661224365234
2005-09-27,31.84000015258789,31.459999084472656,31.700000762939453,31.68000030517578,857100.0,26.498491287231445
2005-09-28,31.989999771118164,31.649999618530273,31.90999984741211,31.899999618530273,821500.0,26.682504653930664
2005-09-29,32.22999954223633,31.790000915527344,31.899999618530273,32.029998779296875,789400.0,26.791236877441406
2005-09-30,32.220001220703125,31.8799991607666,32.0099983215332,31.93000030517578,504800.0,26.707592010498047
2005-10-03,32.790000915527344,32.15999984741211,32.4900016784668,32.439998626708984,1299800.0,27.13418197631836
2005-10-04,32.689998626708984,31.899999618530273,32.45000076293945,31.90999984741211,872600.0,26.690866470336914
2005-10-05,31.979999542236328,31.270000457763672,31.90999984741211,31.280000686645508,589900.0,26.16390037536621
2005-10-06,31.6200008392334,30.93000030517578,31.260000228881836,31.059999465942383,885400.0,25.979883193969727
2005-10-07,31.420000076293945,31.1200008392334,31.1200008392334,31.239999771118164,655500.0,26.130456924438477
2005-10-10,32.150001525878906,31.639999389648438,32.099998474121094,31.84000015258789,852600.0,26.632314682006836
2005-10-11,32.029998779296875,31.540000915527344,31.84000015258789,31.709999084472656,579400.0,26.523578643798828
2005-10-12,32.08000183105469,31.639999389648438,31.700000762939453,31.700000762939453,738500.0,26.515214920043945
2005-10-13,32.20000076293945,31.510000228881836,31.559999465942383,31.639999389648438,707600.0,26.46502685546875
2005-10-14,31.950000762939453,31.469999313354492,31.850000381469727,31.790000915527344,455900.0,26.59049415588379
2005-10-17,31.81999969482422,31.540000915527344,31.719999313354492,31.739999771118164,597300.0,26.548669815063477
2005-10-18,32.709999084472656,32.029998779296875,32.470001220703125,32.31999969482422,1603200.0,27.033809661865234
2005-10-19,32.63999938964844,31.93000030517578,32.25,32.56999969482422,1161900.0,27.242919921875
2005-10-20,32.56999969482422,31.950000762939453,32.56999969482422,32.119998931884766,1061600.0,26.866518020629883
2005-10-21,32.650001525878906,31.739999771118164,32.29999923706055,32.650001525878906,2456100.0,27.309837341308594
2005-10-24,33.06999969482422,32.63999938964844,32.86000061035156,33.04999923706055,830800.0,27.6444091796875
2005-10-25,33.099998474121094,32.400001525878906,33.099998474121094,32.630001068115234,1172700.0,27.293107986450195
2005-10-26,33.290000915527344,32.4900016784668,32.689998626708984,33.06999969482422,704300.0,27.6611385345459
2005-10-27,33.2400016784668,32.7400016784668,33.150001525878906,32.7599983215332,460200.0,27.401836395263672
2005-10-28,33.2400016784668,32.83000183105469,32.83000183105469,33.20000076293945,863200.0,27.769886016845703
2005-10-31,33.29999923706055,32.869998931884766,33.25,33.08000183105469,924200.0,27.669504165649414
2005-11-01,33.11000061035156,32.75,33.0,33.0,752800.0,27.60258674621582
2005-11-02,33.25,32.81999969482422,33.0099983215332,32.97999954223633,1030600.0,27.585861206054688
2005-11-03,33.439998626708984,32.91999816894531,33.34000015258789,33.029998779296875,897300.0,27.627683639526367
2005-11-04,33.20000076293945,32.59000015258789,33.099998474121094,32.84000015258789,444600.0,27.468753814697266
2005-11-07,33.0,32.560001373291016,32.849998474121094,32.7599983215332,593600.0,27.401836395263672
2005-11-08,32.97999954223633,32.5099983215332,32.790000915527344,32.560001373291016,423600.0,27.234556198120117
2005-11-09,32.90999984741211,32.41999816894531,32.650001525878906,32.43000030517578,548000.0,27.12581443786621
2005-11-10,33.130001068115234,32.459999084472656,32.54999923706055,32.9900016784668,565000.0,27.594223022460938
2005-11-11,33.29999923706055,33.0,33.04999923706055,33.25,395800.0,27.811689376831055
2005-11-14,33.349998474121094,33.060001373291016,33.20000076293945,33.27000045776367,549700.0,27.828428268432617
2005-11-15,33.34000015258789,33.0,33.09000015258789,33.119998931884766,817800.0,27.70296287536621
2005-11-16,33.29999923706055,33.04999923706055,33.15999984741211,33.13999938964844,475300.0,27.719688415527344
2005-11-17,33.599998474121094,32.959999084472656,33.13999938964844,33.599998474121094,810100.0,28.104461669921875
2005-11-18,33.880001068115234,33.150001525878906,33.849998474121094,33.36000061035156,698200.0,27.903709411621094
2005-11-21,33.54999923706055,33.22999954223633,33.369998931884766,33.52000045776367,341300.0,28.037538528442383
2005-11-22,33.560001373291016,33.029998779296875,33.40999984741211,33.349998474121094,517200.0,27.895349502563477
2005-11-23,33.34000015258789,33.04999923706055,33.2400016784668,33.130001068115234,401600.0,27.711326599121094
2005-11-25,33.310001373291016,33.11000061035156,33.290000915527344,33.18000030517578,193800.0,27.753149032592773
2005-11-28,33.40999984741211,33.060001373291016,33.130001068115234,33.20000076293945,365500.0,27.769886016845703
2005-11-29,33.709999084472656,33.2599983215332,33.29999923706055,33.650001525878906,559700.0,28.14628028869629
2005-11-30,33.88999938964844,33.25,33.790000915527344,33.27000045776367,583500.0,27.828428268432617
2005-12-01,33.9900016784668,33.36000061035156,33.459999084472656,33.97999954223633,703500.0,28.42230796813965
2005-12-02,33.959999084472656,32.7400016784668,33.84000015258789,33.84000015258789,278500.0,28.305206298828125
2005-12-05,34.0099983215332,33.5,33.70000076293945,33.959999084472656,712800.0,28.40556526184082
2005-12-06,34.439998626708984,33.90999984741211,34.099998474121094,33.97999954223633,710200.0,28.42230796813965
2005-12-07,34.31999969482422,33.83000183105469,33.880001068115234,34.0,577100.0,28.439029693603516
2005-12-08,34.2400016784668,33.849998474121094,33.97999954223633,34.09000015258789,483200.0,28.514312744140625
2005-12-09,34.630001068115234,33.279998779296875,33.279998779296875,34.58000183105469,968400.0,28.924175262451172
2005-12-12,34.95000076293945,34.56999969482422,34.75,34.90999984741211,1048100.0,29.2001953125
2005-12-13,35.40999984741211,34.849998474121094,34.849998474121094,35.27000045776367,1006500.0,29.501312255859375
2005-12-14,35.880001068115234,35.150001525878906,35.27000045776367,35.75,1317600.0,29.90280532836914
2005-12-15,35.630001068115234,34.9900016784668,35.599998474121094,35.31999969482422,990300.0,29.54313850402832
2005-12-16,35.75,35.099998474121094,35.369998931884766,35.70000076293945,1361600.0,29.945756912231445
2005-12-19,35.619998931884766,35.099998474121094,35.099998474121094,35.470001220703125,930300.0,29.75283432006836
2005-12-20,35.77000045776367,35.400001525878906,35.5,35.52000045776367,563700.0,29.794788360595703
2005-12-21,36.06999969482422,35.619998931884766,35.619998931884766,36.02000045776367,486200.0,30.214191436767578
2005-12-22,36.060001373291016,35.709999084472656,35.939998626708984,35.84000015258789,645500.0,30.063203811645508
2005-12-23,36.150001525878906,35.7599983215332,35.84000015258789,36.06999969482422,768900.0,30.256128311157227
2005-12-27,36.459999084472656,36.06999969482422,36.06999969482422,36.439998626708984,888900.0,30.56648826599121
2005-12-28,37.150001525878906,36.63999938964844,36.79999923706055,36.7599983215332,843800.0,30.834911346435547
2005-12-29,36.869998931884766,36.470001220703125,36.70000076293945,36.61000061035156,492900.0,30.70909309387207
2005-12-30,36.540000915527344,36.2599983215332,36.540000915527344,36.27000045776367,494400.0,30.423892974853516
2006-01-03,35.720001220703125,34.79999923706055,34.9900016784668,35.70000076293945,1573300.0,29.945756912231445
2006-01-04,35.65999984741211,35.2400016784668,35.650001525878906,35.369998931884766,1196500.0,29.668956756591797
2006-01-05,35.72999954223633,35.18000030517578,35.369998931884766,35.66999816894531,935300.0,29.92060661315918
2006-01-06,36.06999969482422,35.369998931884766,35.91999816894531,36.04999923706055,1041100.0,30.23935317993164
2006-01-09,36.099998474121094,35.47999954223633,36.0099983215332,35.86000061035156,639500.0,30.07997703552246
2006-01-10,35.689998626708984,35.150001525878906,35.61000061035156,35.560001373291016,463400.0,29.828340530395508
2006-01-11,36.02000045776367,35.470001220703125,35.560001373291016,35.959999084472656,891600.0,30.16385841369629
2006-01-12,35.95000076293945,35.279998779296875,35.939998626708984,35.34000015258789,442400.0,29.643795013427734
2006-01-13,35.529998779296875,35.150001525878906,35.380001068115234,35.220001220703125,340100.0,29.54313087463379
2006-01-17,35.34000015258789,34.939998626708984,35.0,35.2599983215332,396100.0,29.57669448852539
2006-01-18,35.279998779296875,34.79999923706055,35.20000076293945,35.20000076293945,544700.0,29.526357650756836
2006-01-19,35.470001220703125,35.16999816894531,35.209999084472656,35.41999816894531,613000.0,29.71090316772461
2006-01-20,35.41999816894531,35.0099983215332,35.41999816894531,35.0099983215332,675900.0,29.366989135742188
2006-01-23,35.63999938964844,35.02000045776367,35.02000045776367,35.47999954223633,513400.0,29.761219024658203
2006-01-24,35.970001220703125,35.439998626708984,35.599998474121094,35.91999816894531,543900.0,30.13030433654785
2006-01-25,36.20000076293945,35.720001220703125,35.91999816894531,35.790000915527344,872700.0,30.021251678466797
2006-01-26,36.130001068115234,35.7400016784668,35.900001525878906,35.779998779296875,689000.0,30.01287078857422
2006-01-27,36.18000030517578,35.47999954223633,35.779998779296875,35.709999084472656,515300.0,29.95414924621582
2006-01-30,35.900001525878906,35.54999923706055,35.720001220703125,35.72999954223633,313100.0,29.97093391418457
2006-01-31,36.0,35.36000061035156,35.5099983215332,35.810001373291016,461800.0,30.038036346435547
2006-02-01,35.83000183105469,34.86000061035156,34.90999984741211,35.79999923706055,907900.0,30.029647827148438
2006-02-02,35.91999816894531,35.029998779296875,35.75,35.11000061035156,843300.0,29.450868606567383
2006-02-03,35.40999984741211,34.650001525878906,35.04999923706055,35.18000030517578,570500.0,29.509584426879883
2006-02-06,35.400001525878906,34.959999084472656,35.09000015258789,35.29999923706055,417400.0,29.610240936279297
2006-02-07,35.7400016784668,34.86000061035156,35.380001068115234,35.150001525878906,957800.0,29.484418869018555
2006-02-08,35.20000076293945,34.83000183105469,35.20000076293945,35.0099983215332,531800.0,29.366989135742188
2006-02-09,35.47999954223633,34.84000015258789,34.849998474121094,35.029998779296875,656900.0,29.383758544921875
2006-02-10,35.79999923706055,34.20000076293945,34.79999923706055,34.599998474121094,1049700.0,29.023067474365234
2006-02-13,34.380001068115234,33.63999938964844,34.380001068115234,33.849998474121094,882000.0,28.393951416015625
2006-02-14,35.0,33.790000915527344,33.79999923706055,34.880001068115234,883500.0,29.257938385009766
2006-02-15,35.150001525878906,34.68000030517578,34.970001220703125,35.04999923706055,506300.0,29.400529861450195
2006-02-16,35.689998626708984,34.95000076293945,35.0,35.61000061035156,618600.0,29.870275497436523
2006-02-17,35.900001525878906,35.61000061035156,35.619998931884766,35.689998626708984,575300.0,29.937381744384766
2006-02-21,36.06999969482422,35.7400016784668,35.869998931884766,35.91999816894531,658100.0,30.13030433654785
2006-02-22,36.400001525878906,36.029998779296875,36.029998779296875,36.36000061035156,843400.0,30.499387741088867
2006-02-23,36.56999969482422,36.04999923706055,36.150001525878906,36.5,873600.0,30.616819381713867
2006-02-24,36.599998474121094,36.2599983215332,36.5099983215332,36.5099983215332,408100.0,30.625202178955078
2006-02-27,36.779998779296875,36.29999923706055,36.5,36.40999984741211,372500.0,30.54132843017578
2006-02-28,36.33000183105469,36.02000045776367,36.130001068115234,36.189998626708984,661800.0,30.356781005859375
2006-03-01,36.31999969482422,35.939998626708984,36.150001525878906,36.150001525878906,571700.0,30.32322883605957
2006-03-02,36.150001525878906,35.65999984741211,35.95000076293945,36.02000045776367,621800.0,30.214191436767578
2006-03-03,36.119998931884766,35.59000015258789,35.75,35.900001525878906,368900.0,30.11354637145996
2006-03-06,35.97999954223633,35.54999923706055,35.849998474121094,35.7400016784668,448600.0,29.97932243347168
2006-03-07,36.15999984741211,34.959999084472656,35.75,36.04999923706055,487000.0,30.23935317993164
2006-03-08,36.5099983215332,35.79999923706055,36.04999923706055,36.47999954223633,806800.0,30.600048065185547
2006-03-09,40.5,38.75,39.5,38.970001220703125,2891000.0,32.68870544433594
2006-03-10,39.45000076293945,39.0,39.099998474121094,39.25,1750700.0,33.008262634277344
2006-03-13,39.38999938964844,38.560001373291016,39.27000045776367,38.779998779296875,1213700.0,32.6130256652832
2006-03-14,39.029998779296875,38.63999938964844,38.65999984741211,38.93000030517578,810200.0,32.73916244506836
2006-03-15,39.47999954223633,38.79999923706055,39.029998779296875,39.29999923706055,704500.0,33.05032730102539
2006-03-16,39.54999923706055,39.119998931884766,39.349998474121094,39.25,908400.0,33.008262634277344
2006-03-17,39.54999923706055,39.150001525878906,39.349998474121094,39.290000915527344,1102200.0,33.041908264160156
2006-03-20,39.540000915527344,38.95000076293945,39.290000915527344,39.040000915527344,771800.0,32.831661224365234
2006-03-21,39.279998779296875,38.630001068115234,39.0,38.7599983215332,1002500.0,32.5961799621582
2006-03-22,38.790000915527344,38.279998779296875,38.45000076293945,38.68000030517578,912400.0,32.52890396118164
2006-03-23,39.06999969482422,38.5099983215332,38.58000183105469,39.04999923706055,730700.0,32.84006881713867
2006-03-24,39.349998474121094,38.84000015258789,39.29999923706055,39.0,615400.0,32.798030853271484
2006-03-27,39.04999923706055,38.560001373291016,39.0,38.900001525878906,610900.0,32.71393966674805
2006-03-28,38.97999954223633,38.470001220703125,38.79999923706055,38.72999954223633,579500.0,32.570953369140625
2006-03-29,38.84000015258789,38.2599983215332,38.59000015258789,38.630001068115234,428300.0,32.48687744140625
2006-03-30,38.900001525878906,38.40999984741211,38.54999923706055,38.56999969482422,517400.0,32.43640899658203
2006-03-31,38.790000915527344,38.20000076293945,38.470001220703125,38.20000076293945,466700.0,32.125244140625
2006-04-03,38.810001373291016,38.099998474121094,38.099998474121094,38.5099983215332,725700.0,32.385948181152344
2006-04-04,38.849998474121094,38.34000015258789,38.5,38.790000915527344,583300.0,32.62141799926758
2006-04-05,38.720001220703125,38.16999816894531,38.650001525878906,38.41999816894531,609300.0,32.31025695800781
2006-04-06,38.5,38.040000915527344,38.369998931884766,38.29999923706055,545200.0,32.2093391418457
2006-04-07,38.58000183105469,37.86000061035156,38.25,37.939998626708984,611900.0,31.90659523010254
2006-04-10,38.2400016784668,37.810001373291016,38.040000915527344,37.91999816894531,455800.0,31.889785766601562
2006-04-11,37.9900016784668,37.29999923706055,37.939998626708984,37.38999938964844,673300.0,31.44405746459961
2006-04-12,37.900001525878906,37.400001525878906,37.41999816894531,37.77000045776367,523300.0,31.763628005981445
2006-04-13,38.11000061035156,37.630001068115234,37.630001068115234,38.0,488000.0,31.95705795288086
2006-04-17,38.119998931884766,37.7599983215332,37.93000030517578,37.93000030517578,318000.0,31.898189544677734
2006-04-18,38.22999954223633,37.84000015258789,37.84000015258789,38.099998474121094,507600.0,32.0411376953125
2006-04-19,38.22999954223633,37.880001068115234,38.029998779296875,38.02000045776367,558500.0,31.97386932373047
2006-04-20,38.9900016784668,38.02000045776367,38.02000045776367,38.66999816894531,569800.0,32.520511627197266
2006-04-21,39.099998474121094,37.970001220703125,39.099998474121094,38.0099983215332,1014100.0,31.965465545654297
2006-04-24,38.65999984741211,37.91999816894531,38.0,38.400001525878906,519800.0,32.29344177246094
2006-04-25,38.47999954223633,37.650001525878906,38.41999816894531,37.86000061035156,519300.0,31.839313507080078
2006-04-26,38.34000015258789,38.0,38.0,38.18000030517578,390900.0,32.10843276977539
2006-04-27,38.5,37.689998626708984,38.18000030517578,38.029998779296875,510400.0,31.982269287109375
2006-04-28,38.029998779296875,37.599998474121094,38.029998779296875,37.79999923706055,469800.0,31.78885269165039
2006-05-01,38.029998779296875,37.41999816894531,37.54999923706055,37.5099983215332,653300.0,31.544973373413086
2006-05-02,38.130001068115234,37.400001525878906,37.45000076293945,38.06999969482422,608500.0,32.01591110229492
2006-05-03,38.06999969482422,37.630001068115234,38.06999969482422,37.84000015258789,344400.0,31.822498321533203
2006-05-04,38.5,37.84000015258789,37.84000015258789,37.95000076293945,469200.0,31.91500473022461
2006-05-05,38.599998474121094,37.95000076293945,38.02000045776367,38.5,458300.0,32.377540588378906
2006-05-08,38.79999923706055,38.41999816894531,38.5,38.63999938964844,477800.0,32.49527359008789
2006-05-09,38.66999816894531,38.11000061035156,38.54999923706055,38.18000030517578,347700.0,32.10843276977539
2006-05-10,38.400001525878906,37.939998626708984,38.20000076293945,38.13999938964844,378500.0,32.074790954589844
2006-05-11,38.25,37.59000015258789,38.119998931884766,38.06999969482422,423400.0,32.01591110229492
2006-05-12,38.06999969482422,37.7400016784668,38.0,37.84000015258789,601600.0,31.822498321533203
2006-05-15,38.290000915527344,37.70000076293945,37.900001525878906,38.16999816894531,787300.0,32.100013732910156
2006-05-16,38.16999816894531,37.5099983215332,38.150001525878906,38.02000045776367,463100.0,31.97386932373047
2006-05-17,37.93000030517578,37.470001220703125,37.79999923706055,37.72999954223633,1060200.0,31.72999382019043
2006-05-18,38.209999084472656,37.61000061035156,37.630001068115234,37.810001373291016,715200.0,31.797269821166992
2006-05-19,38.439998626708984,37.459999084472656,37.84000015258789,38.04999923706055,1204000.0,31.99911117553711
2006-05-22,38.33000183105469,37.0,38.0,37.9900016784668,917600.0,31.948638916015625
2006-05-23,38.400001525878906,37.5,38.400001525878906,37.540000915527344,735400.0,31.570201873779297
2006-05-24,38.040000915527344,37.29999923706055,37.5,37.84000015258789,698900.0,31.822498321533203
2006-05-25,38.400001525878906,37.83000183105469,37.95000076293945,38.2599983215332,380500.0,32.17570114135742
2006-05-26,38.630001068115234,38.11000061035156,38.2599983215332,38.560001373291016,493600.0,32.42799758911133
2006-05-30,38.560001373291016,37.86000061035156,38.5,38.31999969482422,627700.0,32.226165771484375
2006-05-31,38.79999923706055,38.220001220703125,38.369998931884766,38.709999084472656,631700.0,32.55414581298828
2006-06-01,38.61000061035156,38.11000061035156,38.54999923706055,38.349998474121094,1147200.0,32.25139236450195
2006-06-02,38.70000076293945,38.15999984741211,38.650001525878906,38.31999969482422,772100.0,32.226165771484375
2006-06-05,38.31999969482422,37.75,38.25,37.779998779296875,721000.0,31.77203941345215
2006-06-06,37.900001525878906,37.400001525878906,37.900001525878906,37.79999923706055,1180800.0,31.78885269165039
2006-06-07,38.189998626708984,37.619998931884766,37.79999923706055,37.79999923706055,802000.0,31.78885269165039
2006-06-08,38.20000076293945,37.08000183105469,37.70000076293945,38.20000076293945,1434600.0,32.125244140625
2006-06-09,38.689998626708984,37.810001373291016,38.599998474121094,37.900001525878906,1304000.0,31.87294578552246
2006-06-12,38.11000061035156,37.599998474121094,37.91999816894531,37.650001525878906,485300.0,31.66271209716797
2006-06-13,37.93000030517578,37.36000061035156,37.54999923706055,37.5099983215332,862200.0,31.544973373413086
2006-06-14,37.939998626708984,37.47999954223633,37.5,37.900001525878906,824200.0,31.87294578552246
2006-06-15,38.77000045776367,37.93000030517578,37.9900016784668,38.7400016784668,613900.0,32.579383850097656
2006-06-16,38.959999084472656,38.5,38.63999938964844,38.68000030517578,772700.0,32.61309814453125
2006-06-19,38.77000045776367,38.33000183105469,38.75,38.4900016784668,756700.0,32.452903747558594
2006-06-20,38.66999816894531,38.040000915527344,38.470001220703125,38.150001525878906,678200.0,32.166221618652344
2006-06-21,39.560001373291016,38.099998474121094,38.099998474121094,39.2599983215332,817400.0,33.10212707519531
2006-06-22,39.63999938964844,38.849998474121094,39.04999923706055,39.41999816894531,748200.0,33.237022399902344
2006-06-23,39.400001525878906,38.9900016784668,39.349998474121094,39.130001068115234,596500.0,32.992515563964844
2006-06-26,39.650001525878906,39.16999816894531,39.20000076293945,39.56999969482422,425900.0,33.36348342895508
2006-06-27,40.790000915527344,39.459999084472656,39.59000015258789,40.75,1652400.0,34.3584098815918
2006-06-28,40.70000076293945,39.29999923706055,40.689998626708984,39.86000061035156,1321000.0,33.608028411865234
2006-06-29,41.18000030517578,39.95000076293945,40.0,41.13999938964844,1269400.0,34.687255859375
2006-06-30,41.20000076293945,40.459999084472656,41.13999938964844,40.58000183105469,1749900.0,34.2150764465332
2006-07-03,41.08000183105469,40.400001525878906,40.68000030517578,40.88999938964844,1041400.0,34.47645950317383
2006-07-05,40.150001525878906,39.68000030517578,40.099998474121094,39.90999984741211,1416600.0,33.65016555786133
2006-07-06,40.2599983215332,39.599998474121094,39.79999923706055,40.16999816894531,1532200.0,33.8693962097168
2006-07-07,40.34000015258789,39.79999923706055,40.16999816894531,40.02000045776367,897500.0,33.74292755126953
2006-07-10,40.130001068115234,39.779998779296875,40.04999923706055,40.02000045776367,703300.0,33.74292755126953
2006-07-11,41.119998931884766,40.349998474121094,40.5,41.119998931884766,1113400.0,34.67038345336914
2006-07-12,41.369998931884766,40.75,41.130001068115234,40.939998626708984,789200.0,34.51862716674805
2006-07-13,40.959999084472656,40.25,40.939998626708984,40.2599983215332,1381500.0,33.94527816772461
2006-07-14,40.22999954223633,39.56999969482422,40.13999938964844,40.09000015258789,864900.0,33.80194854736328
2006-07-17,40.54999923706055,39.869998931884766,40.029998779296875,40.45000076293945,1244200.0,34.10548400878906
2006-07-18,41.130001068115234,40.04999923706055,40.45000076293945,41.119998931884766,1261300.0,34.67038345336914
2006-07-19,42.22999954223633,40.95000076293945,41.099998474121094,42.0,1404100.0,35.4123649597168
2006-07-20,41.970001220703125,41.0,41.970001220703125,41.029998779296875,771600.0,34.594505310058594
2006-07-21,41.45000076293945,40.790000915527344,41.29999923706055,41.220001220703125,1149200.0,34.754703521728516
2006-07-24,42.18000030517578,41.099998474121094,41.400001525878906,42.18000030517578,1185700.0,35.564125061035156
2006-07-25,42.220001220703125,40.970001220703125,42.18000030517578,41.75,1165200.0,35.20158004760742
2006-07-26,42.95000076293945,41.34000015258789,41.5,42.13999938964844,1109800.0,35.5304069519043
2006-07-27,42.599998474121094,42.060001373291016,42.29999923706055,42.5,710700.0,35.83394241333008
2006-07-28,43.400001525878906,42.040000915527344,42.849998474121094,43.2400016784668,824100.0,36.457881927490234
2006-07-31,43.349998474121094,42.79999923706055,43.20000076293945,43.06999969482422,601100.0,36.31452941894531
2006-08-01,43.040000915527344,42.40999984741211,42.849998474121094,42.91999816894531,875400.0,36.18806076049805
2006-08-02,43.66999816894531,43.04999923706055,43.04999923706055,43.349998474121094,1076300.0,36.55061721801758
2006-08-03,43.52000045776367,43.150001525878906,43.349998474121094,43.33000183105469,809100.0,36.53376770019531
2006-08-04,43.869998931884766,42.95000076293945,43.5,43.2400016784668,740300.0,36.457881927490234
2006-08-07,43.349998474121094,42.79999923706055,43.2400016784668,42.88999938964844,471100.0,36.16276550292969
2006-08-08,43.599998474121094,42.70000076293945,43.099998474121094,43.0099983215332,877600.0,36.26394271850586
2006-08-09,43.22999954223633,42.56999969482422,43.04999923706055,42.630001068115234,558600.0,35.94353103637695
2006-08-10,43.09000015258789,42.310001373291016,42.630001068115234,42.97999954223633,442100.0,36.2386589050293
2006-08-11,43.34000015258789,42.68000030517578,43.0,42.88999938964844,538300.0,36.16276550292969
2006-08-14,43.470001220703125,42.97999954223633,43.20000076293945,43.0,417700.0,36.255523681640625
2006-08-15,44.5099983215332,43.369998931884766,43.400001525878906,44.290000915527344,1154800.0,37.34318161010742
2006-08-16,44.880001068115234,43.40999984741211,43.40999984741211,44.27000045776367,1006800.0,37.3263053894043
2006-08-17,45.25,44.20000076293945,44.349998474121094,44.54999923706055,1026800.0,37.56239700317383
2006-08-18,44.790000915527344,44.099998474121094,44.630001068115234,44.220001220703125,458200.0,37.284149169921875
2006-08-21,44.25,43.59000015258789,44.04999923706055,43.59000015258789,964600.0,36.752967834472656
2006-08-22,43.90999984741211,43.4900016784668,43.630001068115234,43.52000045776367,884600.0,36.69395446777344
2006-08-23,43.86000061035156,43.209999084472656,43.65999984741211,43.400001525878906,480000.0,36.5927848815918
2006-08-24,43.95000076293945,43.400001525878906,43.70000076293945,43.75,602300.0,36.88787841796875
2006-08-25,43.91999816894531,43.29999923706055,43.720001220703125,43.68000030517578,416800.0,36.828853607177734
2006-08-28,44.4900016784668,43.70000076293945,43.72999954223633,44.150001525878906,577600.0,37.225128173828125
2006-08-29,45.0,43.91999816894531,44.150001525878906,44.79999923706055,1273300.0,37.77318572998047
2006-08-30,45.439998626708984,44.400001525878906,44.75,44.720001220703125,730900.0,37.705726623535156
2006-08-31,44.83000183105469,44.34000015258789,44.650001525878906,44.58000183105469,489200.0,37.58768844604492
2006-09-01,44.90999984741211,44.4900016784668,44.599998474121094,44.81999969482422,456700.0,37.79004669189453
2006-09-05,44.130001068115234,43.029998779296875,44.0,43.150001525878906,1562000.0,36.381996154785156
2006-09-06,43.220001220703125,42.70000076293945,42.95000076293945,42.91999816894531,1406200.0,36.18806076049805
2006-09-07,42.91999816894531,41.650001525878906,42.91999816894531,41.72999954223633,1469800.0,35.184696197509766
2006-09-08,42.54999923706055,41.65999984741211,41.72999954223633,42.209999084472656,1207800.0,35.58942413330078
2006-09-11,42.0,39.88999938964844,42.0,40.869998931884766,2027700.0,34.45960998535156
2006-09-12,42.29999923706055,40.869998931884766,40.869998931884766,42.150001525878906,1084100.0,35.5388298034668
2006-09-13,42.27000045776367,41.77000045776367,41.83000183105469,41.95000076293945,881200.0,35.37022018432617
2006-09-14,42.380001068115234,41.7599983215332,41.97999954223633,42.13999938964844,737500.0,35.5304069519043
2006-09-15,42.65999984741211,41.97999954223633,42.2599983215332,41.97999954223633,1124400.0,35.47968292236328
2006-09-18,42.720001220703125,41.869998931884766,41.9900016784668,42.2599983215332,703100.0,35.71633529663086
2006-09-19,42.459999084472656,42.209999084472656,42.36000061035156,42.349998474121094,786100.0,35.792415618896484
2006-09-20,43.0,42.220001220703125,42.34000015258789,42.91999816894531,666000.0,36.27413558959961
2006-09-21,43.20000076293945,42.529998779296875,43.02000045776367,42.65999984741211,633000.0,36.054386138916016
2006-09-22,42.900001525878906,42.45000076293945,42.54999923706055,42.7599983215332,519900.0,36.138919830322266
2006-09-25,43.060001373291016,41.97999954223633,42.56999969482422,42.83000183105469,701900.0,36.198081970214844
2006-09-26,43.349998474121094,42.63999938964844,42.63999938964844,43.11000061035156,465800.0,36.43471908569336
2006-09-27,43.59000015258789,42.779998779296875,43.04999923706055,43.220001220703125,596800.0,36.52769470214844
2006-09-28,43.400001525878906,42.970001220703125,43.400001525878906,43.220001220703125,483800.0,36.52769470214844
2006-09-29,43.439998626708984,42.81999969482422,43.099998474121094,42.81999969482422,525900.0,36.18963623046875
2006-10-02,42.83000183105469,42.16999816894531,42.83000183105469,42.470001220703125,1031100.0,35.893821716308594
2006-10-03,42.56999969482422,42.189998626708984,42.52000045776367,42.349998474121094,1140300.0,35.792415618896484
2006-10-04,43.38999938964844,42.349998474121094,42.38999938964844,43.38999938964844,959600.0,36.67136001586914
2006-10-05,44.02000045776367,43.09000015258789,43.38999938964844,44.02000045776367,829000.0,37.20381164550781
2006-10-06,44.2400016784668,43.7599983215332,44.02000045776367,43.91999816894531,841700.0,37.11928939819336
2006-10-09,44.279998779296875,43.709999084472656,43.79999923706055,44.189998626708984,562500.0,37.34748458862305
2006-10-10,44.470001220703125,43.900001525878906,44.349998474121094,44.470001220703125,524500.0,37.58413314819336
2006-10-11,44.61000061035156,43.720001220703125,44.220001220703125,44.04999923706055,439500.0,37.229164123535156
2006-10-12,44.7400016784668,44.0,44.150001525878906,44.470001220703125,516000.0,37.58413314819336
2006-10-13,44.529998779296875,43.959999084472656,44.099998474121094,44.20000076293945,584100.0,37.3559455871582
2006-10-16,44.86000061035156,44.209999084472656,44.25,44.81999969482422,677100.0,37.87993621826172
2006-10-17,44.7400016784668,44.11000061035156,44.599998474121094,44.540000915527344,674300.0,37.643306732177734
2006-10-18,45.02000045776367,44.4900016784668,44.65999984741211,44.88999938964844,703700.0,37.9390983581543
2006-10-19,45.15999984741211,44.720001220703125,44.9900016784668,44.900001525878906,483500.0,37.94755554199219
2006-10-20,45.47999954223633,44.709999084472656,44.9900016784668,44.97999954223633,739500.0,38.01515579223633
2006-10-23,45.0099983215332,44.5,44.79999923706055,44.849998474121094,827900.0,37.90529251098633
2006-10-24,45.0099983215332,44.61000061035156,44.849998474121094,44.86000061035156,618000.0,37.91374969482422
2006-10-25,45.04999923706055,44.70000076293945,44.93000030517578,44.91999816894531,688000.0,37.964439392089844
2006-10-26,45.150001525878906,44.790000915527344,45.04999923706055,45.040000915527344,728800.0,38.06587219238281
2006-10-27,45.41999816894531,45.08000183105469,45.08000183105469,45.290000915527344,627600.0,38.27717590332031
2006-10-30,45.61000061035156,44.97999954223633,45.099998474121094,45.54999923706055,607200.0,38.49689865112305
2006-10-31,45.650001525878906,44.939998626708984,45.599998474121094,45.349998474121094,865300.0,38.32787322998047
2006-11-01,45.689998626708984,45.34000015258789,45.349998474121094,45.439998626708984,474300.0,38.403926849365234
2006-11-02,45.529998779296875,45.09000015258789,45.43000030517578,45.41999816894531,767700.0,38.387027740478516
2006-11-03,45.709999084472656,45.11000061035156,45.45000076293945,45.2400016784668,440600.0,38.23490524291992
2006-11-06,46.150001525878906,45.20000076293945,45.27000045776367,45.869998931884766,538900.0,38.76734924316406
2006-11-07,46.11000061035156,45.66999816894531,45.869998931884766,45.77000045776367,615900.0,38.68282699584961
2006-11-08,46.2400016784668,45.470001220703125,45.47999954223633,45.970001220703125,454900.0,38.851871490478516
2006-11-09,46.150001525878906,45.529998779296875,46.150001525878906,45.58000183105469,468100.0,38.52227020263672
2006-11-10,45.689998626708984,45.060001373291016,45.56999969482422,45.29999923706055,566900.0,38.285614013671875
2006-11-13,45.849998474121094,44.97999954223633,45.099998474121094,45.72999954223633,525400.0,38.6490364074707
2006-11-14,45.9900016784668,45.45000076293945,45.939998626708984,45.75,507900.0,38.66593933105469
2006-11-15,45.84000015258789,45.61000061035156,45.790000915527344,45.70000076293945,609200.0,38.62367630004883
2006-11-16,45.95000076293945,45.529998779296875,45.709999084472656,45.869998931884766,514900.0,38.76734924316406
2006-11-17,45.849998474121094,45.380001068115234,45.720001220703125,45.790000915527344,491700.0,38.69974899291992
2006-11-20,46.0,45.599998474121094,45.70000076293945,45.86000061035156,309500.0,38.758907318115234
2006-11-21,46.400001525878906,45.70000076293945,45.720001220703125,46.189998626708984,613700.0,39.037803649902344
2006-11-22,46.2400016784668,45.90999984741211,46.0,46.029998779296875,248600.0,38.9025764465332
2006-11-24,46.20000076293945,45.95000076293945,46.0,46.0,162700.0,38.87720489501953
2006-11-27,46.0099983215332,45.36000061035156,46.0,45.459999084472656,513000.0,38.42083740234375
2006-11-28,45.470001220703125,44.959999084472656,45.349998474121094,45.11000061035156,577700.0,38.12503433227539
2006-11-29,45.16999816894531,44.029998779296875,44.95000076293945,44.52000045776367,1366500.0,37.62638854980469
2006-11-30,44.689998626708984,44.27000045776367,44.5,44.349998474121094,1034200.0,37.482730865478516
2006-12-01,44.709999084472656,43.810001373291016,44.45000076293945,44.209999084472656,944100.0,37.36439514160156
2006-12-04,45.400001525878906,44.27000045776367,44.310001373291016,44.95000076293945,764700.0,37.98981475830078
2006-12-05,45.66999816894531,45.04999923706055,45.04999923706055,45.25,870600.0,38.24335861206055
2006-12-06,45.47999954223633,45.0,45.29999923706055,45.310001373291016,541800.0,38.29407501220703
2006-12-07,45.439998626708984,44.97999954223633,45.25,45.22999954223633,389400.0,38.226444244384766
2006-12-08,45.56999969482422,45.13999938964844,45.310001373291016,45.52000045776367,419300.0,38.47154998779297
2006-12-11,45.779998779296875,45.400001525878906,45.5,45.47999954223633,369600.0,38.437747955322266
2006-12-12,45.43000030517578,44.97999954223633,45.220001220703125,45.16999816894531,675500.0,38.17573928833008
2006-12-13,45.439998626708984,44.900001525878906,45.25,44.97999954223633,720700.0,38.01515579223633
2006-12-14,45.380001068115234,44.95000076293945,44.97999954223633,45.13999938964844,662300.0,38.1503791809082
2006-12-15,45.02000045776367,44.529998779296875,45.02000045776367,44.77000045776367,2054500.0,37.93433380126953
2006-12-18,44.90999984741211,44.41999816894531,44.77000045776367,44.84000015258789,907300.0,37.993629455566406
2006-12-19,45.400001525878906,44.7599983215332,44.849998474121094,45.38999938964844,860200.0,38.45966720581055
2006-12-20,45.66999816894531,45.20000076293945,45.380001068115234,45.439998626708984,438300.0,38.50202941894531
2006-12-21,45.560001373291016,45.060001373291016,45.439998626708984,45.380001068115234,620000.0,38.45119857788086
2006-12-22,45.45000076293945,44.90999984741211,45.45000076293945,44.939998626708984,432300.0,38.07837677001953
2006-12-26,45.31999969482422,44.869998931884766,44.91999816894531,45.13999938964844,351600.0,38.247825622558594
2006-12-27,45.52000045776367,45.11000061035156,45.33000183105469,45.290000915527344,346500.0,38.374942779541016
2006-12-28,45.72999954223633,45.2599983215332,45.33000183105469,45.29999923706055,293600.0,38.38340759277344
2006-12-29,45.4900016784668,45.08000183105469,45.310001373291016,45.20000076293945,336800.0,38.29867172241211
2007-01-03,45.369998931884766,44.279998779296875,45.20000076293945,44.5,1095500.0,37.7055549621582
2007-01-04,44.470001220703125,43.7400016784668,44.400001525878906,43.95000076293945,1177800.0,37.23952102661133
2007-01-05,44.220001220703125,43.7599983215332,43.95000076293945,43.959999084472656,1335600.0,37.247989654541016
2007-01-08,43.9900016784668,43.540000915527344,43.84000015258789,43.81999969482422,985800.0,37.12937927246094
2007-01-09,44.060001373291016,43.709999084472656,43.95000076293945,43.83000183105469,908200.0,37.13785171508789
2007-01-10,43.939998626708984,43.599998474121094,43.75,43.79999923706055,656200.0,37.112430572509766
2007-01-11,44.47999954223633,43.79999923706055,43.79999923706055,44.310001373291016,608900.0,37.5445671081543
2007-01-12,45.0,44.31999969482422,44.41999816894531,44.65999984741211,582300.0,37.84112548828125
2007-01-16,44.9900016784668,44.5,44.5,44.880001068115234,537700.0,38.02753448486328
2007-01-17,44.880001068115234,44.59000015258789,44.880001068115234,44.689998626708984,571900.0,37.86653518676758
2007-01-18,44.810001373291016,44.29999923706055,44.709999084472656,44.380001068115234,348500.0,37.60387420654297
2007-01-19,44.439998626708984,44.04999923706055,44.29999923706055,44.119998931884766,682600.0,37.38356399536133
2007-01-22,44.31999969482422,43.970001220703125,44.04999923706055,44.11000061035156,481100.0,37.3751106262207
2007-01-23,44.2599983215332,43.90999984741211,44.0,44.2400016784668,689000.0,37.48524856567383
2007-01-24,44.529998779296875,44.15999984741211,44.2400016784668,44.40999984741211,623600.0,37.6292839050293
2007-01-25,44.349998474121094,43.650001525878906,44.33000183105469,43.849998474121094,1189200.0,37.15477752685547
2007-01-26,43.97999954223633,42.959999084472656,43.970001220703125,43.15999984741211,1385700.0,36.57014083862305
2007-01-29,43.630001068115234,43.04999923706055,43.060001373291016,43.470001220703125,1309000.0,36.832820892333984
2007-01-30,43.439998626708984,42.77000045776367,43.369998931884766,43.13999938964844,1091000.0,36.55320358276367
2007-01-31,44.02000045776367,43.099998474121094,43.099998474121094,43.900001525878906,841300.0,37.19716262817383
2007-02-01,44.310001373291016,43.75,43.869998931884766,44.16999816894531,853500.0,37.425941467285156
2007-02-02,44.560001373291016,44.119998931884766,44.16999816894531,44.27000045776367,863100.0,37.51067352294922
2007-02-05,44.20000076293945,43.540000915527344,44.119998931884766,43.72999954223633,668100.0,37.053104400634766
2007-02-06,44.47999954223633,43.72999954223633,43.72999954223633,44.25,722100.0,37.49371337890625
2007-02-07,44.38999938964844,44.029998779296875,44.2400016784668,44.2400016784668,349700.0,37.48524856567383
2007-02-08,44.20000076293945,43.81999969482422,44.11000061035156,44.0,507000.0,37.28187561035156
2007-02-09,44.459999084472656,43.91999816894531,44.0,43.93000030517578,546900.0,37.22258758544922
2007-02-12,44.5,43.900001525878906,44.060001373291016,44.099998474121094,894200.0,37.36661911010742
2007-02-13,44.59000015258789,43.75,44.150001525878906,43.900001525878906,1043800.0,37.19716262817383
2007-02-14,44.380001068115234,43.93000030517578,43.939998626708984,44.06999969482422,993700.0,37.3411865234375
2007-02-15,44.439998626708984,44.0,44.06999969482422,44.349998474121094,611000.0,37.57844924926758
2007-02-16,44.56999969482422,44.150001525878906,44.18000030517578,44.52000045776367,927700.0,37.72248458862305
2007-02-20,44.75,44.29999923706055,44.599998474121094,44.599998474121094,649500.0,37.790283203125
2007-02-21,44.83000183105469,44.470001220703125,44.470001220703125,44.70000076293945,582800.0,37.87501907348633
2007-02-22,44.90999984741211,44.0,44.77000045776367,44.119998931884766,537400.0,37.38356399536133
2007-02-23,44.150001525878906,43.77000045776367,44.04999923706055,43.849998474121094,735300.0,37.15477752685547
2007-02-26,44.33000183105469,43.31999969482422,43.880001068115234,43.43000030517578,934800.0,36.79891586303711
2007-02-27,43.13999938964844,41.88999938964844,42.91999816894531,42.18000030517578,1327800.0,35.739784240722656
2007-02-28,42.77000045776367,41.619998931884766,42.31999969482422,42.29999923706055,955900.0,35.84144592285156
2007-03-01,42.11000061035156,37.0099983215332,41.79999923706055,41.75,1935100.0,35.37541961669922
2007-03-02,41.900001525878906,41.2599983215332,41.790000915527344,41.38999938964844,1299500.0,35.07039260864258
2007-03-05,41.47999954223633,40.81999969482422,41.25,40.83000183105469,1198500.0,34.59589385986328
2007-03-06,42.25,41.0,41.06999969482422,42.060001373291016,1452300.0,35.638099670410156
2007-03-07,42.38999938964844,41.849998474121094,41.900001525878906,42.15999984741211,973600.0,35.722835540771484
2007-03-08,42.84000015258789,42.29999923706055,42.380001068115234,42.56999969482422,967600.0,36.070220947265625
2007-03-09,43.18000030517578,42.72999954223633,42.7400016784668,43.0099983215332,731700.0,36.44304275512695
2007-03-12,43.2599983215332,42.540000915527344,43.0099983215332,43.060001373291016,747600.0,36.485416412353516
2007-03-13,43.0099983215332,41.75,42.75,41.810001373291016,1039500.0,35.42627716064453
2007-03-14,42.81999969482422,41.970001220703125,42.380001068115234,42.61000061035156,1572100.0,36.104122161865234
2007-03-15,43.470001220703125,42.63999938964844,42.63999938964844,42.869998931884766,1172600.0,36.324424743652344
2007-03-16,42.79999923706055,41.86000061035156,42.75,42.15999984741211,1829900.0,35.81892013549805
2007-03-19,43.040000915527344,42.439998626708984,42.540000915527344,43.0,1064000.0,36.53257751464844
2007-03-20,43.06999969482422,42.63999938964844,42.900001525878906,42.7400016784668,879800.0,36.31166458129883
2007-03-21,43.130001068115234,42.43000030517578,42.7400016784668,43.08000183105469,1032900.0,36.600547790527344
2007-03-22,43.970001220703125,42.77000045776367,43.970001220703125,42.97999954223633,817700.0,36.515560150146484
2007-03-23,43.130001068115234,42.66999816894531,43.130001068115234,42.9900016784668,959200.0,36.524078369140625
2007-03-26,43.34000015258789,42.439998626708984,43.099998474121094,43.29999923706055,648300.0,36.78744888305664
2007-03-27,43.22999954223633,42.720001220703125,43.11000061035156,43.0,718400.0,36.53257751464844
2007-03-28,42.84000015258789,42.310001373291016,42.84000015258789,42.52000045776367,819100.0,36.12477111816406
2007-03-29,42.959999084472656,42.470001220703125,42.59000015258789,42.720001220703125,1205000.0,36.294673919677734
2007-03-30,43.209999084472656,42.59000015258789,42.79999923706055,43.0,1113000.0,36.53257751464844
2007-04-02,43.29999923706055,42.790000915527344,42.959999084472656,43.18000030517578,903700.0,36.68550109863281
2007-04-03,43.9900016784668,43.310001373291016,43.349998474121094,43.72999954223633,692900.0,37.152767181396484
2007-04-04,44.08000183105469,43.56999969482422,43.65999984741211,43.56999969482422,695000.0,37.016849517822266
2007-04-05,43.83000183105469,43.58000183105469,43.58000183105469,43.72999954223633,521200.0,37.152767181396484
2007-04-09,43.900001525878906,43.61000061035156,43.720001220703125,43.810001373291016,459900.0,37.22075653076172
2007-04-10,43.90999984741211,43.630001068115234,43.849998474121094,43.68000030517578,662600.0,37.11029052734375
2007-04-11,43.849998474121094,43.54999923706055,43.7400016784668,43.619998931884766,870800.0,37.059322357177734
2007-04-12,44.09000015258789,43.599998474121094,43.630001068115234,44.04999923706055,605000.0,37.42464828491211
2007-04-13,44.08000183105469,43.68000030517578,44.0,43.779998779296875,507500.0,37.19525909423828
2007-04-16,44.40999984741211,43.88999938964844,43.88999938964844,44.40999984741211,634800.0,37.73049545288086
2007-04-17,44.59000015258789,44.119998931884766,44.380001068115234,44.189998626708984,535600.0,37.54358673095703
2007-04-18,44.22999954223633,43.84000015258789,44.189998626708984,43.95000076293945,678500.0,37.33967971801758
2007-04-19,44.790000915527344,43.56999969482422,44.790000915527344,43.9900016784668,587700.0,37.37367630004883
2007-04-20,44.709999084472656,44.13999938964844,44.40999984741211,44.63999938964844,867400.0,37.9259147644043
2007-04-23,44.77000045776367,44.369998931884766,44.599998474121094,44.4900016784668,454400.0,37.79846954345703
2007-04-24,44.72999954223633,43.79999923706055,44.41999816894531,44.0,884800.0,37.38214874267578
2007-04-25,44.650001525878906,44.02000045776367,44.31999969482422,44.16999816894531,995400.0,37.52660369873047
2007-04-26,44.33000183105469,43.83000183105469,44.20000076293945,44.099998474121094,947400.0,37.467124938964844
2007-04-27,44.119998931884766,43.58000183105469,44.11000061035156,43.970001220703125,561500.0,37.3566780090332
2007-04-30,43.9900016784668,42.9900016784668,43.970001220703125,42.9900016784668,975100.0,36.524078369140625
2007-05-01,43.04999923706055,42.029998779296875,43.0,42.2599983215332,2141100.0,35.90387725830078
2007-05-02,42.95000076293945,42.2599983215332,42.2599983215332,42.70000076293945,2098100.0,36.27769470214844
2007-05-03,43.2400016784668,42.83000183105469,42.83000183105469,43.20000076293945,1250900.0,36.702484130859375
2007-05-04,43.349998474121094,42.459999084472656,43.349998474121094,42.7599983215332,1280800.0,36.32866668701172
2007-05-07,43.380001068115234,42.7599983215332,42.810001373291016,42.91999816894531,756700.0,36.464595794677734
2007-05-08,42.81999969482422,41.869998931884766,42.650001525878906,42.08000183105469,1348500.0,35.75095748901367
2007-05-09,42.369998931884766,41.779998779296875,42.0,42.060001373291016,1430700.0,35.73395538330078
2007-05-10,42.20000076293945,41.63999938964844,42.060001373291016,41.779998779296875,1224500.0,35.496063232421875
2007-05-11,42.43000030517578,41.880001068115234,42.029998779296875,42.310001373291016,1066700.0,35.946353912353516
2007-05-14,42.79999923706055,42.2400016784668,42.470001220703125,42.720001220703125,1224700.0,36.294673919677734
2007-05-15,44.61000061035156,42.720001220703125,43.13999938964844,44.04999923706055,2261800.0,37.42464828491211
2007-05-16,44.31999969482422,43.93000030517578,44.060001373291016,44.209999084472656,1133000.0,37.56058120727539
2007-05-17,44.290000915527344,43.88999938964844,44.04999923706055,43.90999984741211,744900.0,37.305702209472656
2007-05-18,44.25,43.84000015258789,44.0,43.959999084472656,1053500.0,37.348175048828125
2007-05-21,44.15999984741211,43.689998626708984,43.900001525878906,43.75,784300.0,37.169776916503906
2007-05-22,43.9900016784668,43.52000045776367,43.720001220703125,43.79999923706055,1144200.0,37.212257385253906
2007-05-23,44.20000076293945,43.650001525878906,43.81999969482422,43.709999084472656,944900.0,37.13578414916992
2007-05-24,43.900001525878906,42.93000030517578,43.70000076293945,42.959999084472656,789200.0,36.49858856201172
2007-05-25,43.709999084472656,43.150001525878906,43.18000030517578,43.380001068115234,608200.0,36.85541915893555
2007-05-29,43.77000045776367,43.02000045776367,43.59000015258789,43.130001068115234,730300.0,36.64302062988281
2007-05-30,43.25,42.81999969482422,43.099998474121094,43.189998626708984,993800.0,36.69398880004883
2007-05-31,43.689998626708984,43.13999938964844,43.290000915527344,43.150001525878906,834600.0,36.660030364990234
2007-06-01,43.34000015258789,42.790000915527344,43.150001525878906,43.060001373291016,1120400.0,36.583553314208984
2007-06-04,43.119998931884766,42.77000045776367,43.029998779296875,42.849998474121094,870200.0,36.40513229370117
2007-06-05,43.02000045776367,42.58000183105469,42.86000061035156,42.599998474121094,744800.0,36.19273376464844
2007-06-06,42.599998474121094,41.52000045776367,42.599998474121094,41.75,1508000.0,35.47057342529297
2007-06-07,42.599998474121094,41.59000015258789,42.25,41.59000015258789,2047200.0,35.334651947021484
2007-06-08,41.84000015258789,41.119998931884766,41.65999984741211,41.84000015258789,2326900.0,35.54705047607422
2007-06-11,42.40999984741211,41.560001373291016,41.599998474121094,42.09000015258789,1181600.0,35.75944900512695
2007-06-12,43.470001220703125,42.650001525878906,42.650001525878906,42.75,1934100.0,36.32018280029297
2007-06-13,43.70000076293945,42.779998779296875,42.869998931884766,43.70000076293945,1085100.0,37.127296447753906
2007-06-14,44.13999938964844,43.41999816894531,43.54999923706055,43.58000183105469,930200.0,37.02534103393555
2007-06-15,44.41999816894531,43.58000183105469,44.400001525878906,43.630001068115234,919600.0,37.165897369384766
2007-06-18,43.939998626708984,43.630001068115234,43.65999984741211,43.630001068115234,861900.0,37.165897369384766
2007-06-19,43.5,42.90999984741211,43.5,43.0099983215332,1273400.0,36.63774108886719
2007-06-20,44.540000915527344,43.16999816894531,43.849998474121094,43.18000030517578,1553600.0,36.782562255859375
2007-06-21,43.36000061035156,42.720001220703125,42.939998626708984,43.36000061035156,1035500.0,36.93589401245117
2007-06-22,43.4900016784668,42.70000076293945,43.20000076293945,42.81999969482422,1921400.0,36.47590637207031
2007-06-25,43.290000915527344,42.459999084472656,42.779998779296875,42.63999938964844,1375400.0,36.32258224487305
2007-06-26,42.9900016784668,42.349998474121094,42.650001525878906,42.779998779296875,1689700.0,36.44183349609375
2007-06-27,43.22999954223633,42.599998474121094,42.66999816894531,43.150001525878906,1580900.0,36.757022857666016
2007-06-28,43.22999954223633,42.83000183105469,43.02000045776367,42.83000183105469,1031900.0,36.484413146972656
2007-06-29,43.38999938964844,42.54999923706055,42.84000015258789,42.70000076293945,1187000.0,36.373680114746094
2007-07-02,43.400001525878906,42.88999938964844,43.029998779296875,43.150001525878906,884800.0,36.757022857666016
2007-07-03,43.279998779296875,43.060001373291016,43.150001525878906,43.13999938964844,358400.0,36.74850082397461
2007-07-05,43.060001373291016,42.43000030517578,42.91999816894531,42.45000076293945,1300100.0,36.16071319580078
2007-07-06,42.630001068115234,42.25,42.43000030517578,42.58000183105469,1221200.0,36.27145767211914
2007-07-09,42.79999923706055,42.27000045776367,42.33000183105469,42.630001068115234,1013900.0,36.31403732299805
2007-07-10,42.709999084472656,42.09000015258789,42.5099983215332,42.20000076293945,1253800.0,35.94777297973633
2007-07-11,42.900001525878906,42.08000183105469,42.29999923706055,42.900001525878906,1232900.0,36.544044494628906
2007-07-12,43.470001220703125,42.900001525878906,43.0,43.470001220703125,1247900.0,37.02960205078125
2007-07-13,43.900001525878906,43.22999954223633,43.470001220703125,43.79999923706055,808800.0,37.31071090698242
2007-07-16,44.34000015258789,43.59000015258789,43.70000076293945,43.7400016784668,1395800.0,37.25958251953125
2007-07-17,43.97999954223633,43.529998779296875,43.68000030517578,43.599998474121094,859200.0,37.14034652709961
2007-07-18,43.7400016784668,43.34000015258789,43.34000015258789,43.65999984741211,1039000.0,37.191463470458984
2007-07-19,43.79999923706055,43.34000015258789,43.68000030517578,43.650001525878906,1164500.0,37.18292999267578
2007-07-20,43.88999938964844,43.18000030517578,43.619998931884766,43.70000076293945,1481700.0,37.22553253173828
2007-07-23,44.5,43.810001373291016,44.0,43.9900016784668,1810600.0,37.47256088256836
2007-07-24,44.7400016784668,43.5,43.9900016784668,43.689998626708984,1964700.0,37.217002868652344
2007-07-25,43.84000015258789,43.029998779296875,43.689998626708984,43.36000061035156,2210600.0,36.93589401245117
2007-07-26,43.25,42.08000183105469,43.0099983215332,42.459999084472656,2591400.0,36.16923522949219
2007-07-27,42.560001373291016,41.56999969482422,42.02000045776367,41.81999969482422,2468200.0,35.624053955078125
2007-07-30,42.720001220703125,41.36000061035156,41.93000030517578,42.56999969482422,1914100.0,36.26293182373047
2007-07-31,43.0,42.0,42.810001373291016,42.11000061035156,2174700.0,35.8710823059082
2007-08-01,42.93000030517578,41.83000183105469,42.20000076293945,42.79999923706055,1762500.0,36.4588737487793
2007-08-02,43.119998931884766,42.439998626708984,42.7599983215332,42.70000076293945,1104500.0,36.373680114746094
2007-08-03,42.939998626708984,42.04999923706055,42.75,42.04999923706055,1170100.0,35.81998825073242
2007-08-06,42.63999938964844,41.66999816894531,42.2599983215332,42.630001068115234,1394600.0,36.31403732299805
2007-08-07,43.029998779296875,41.900001525878906,42.31999969482422,42.650001525878906,1664700.0,36.331092834472656
2007-08-08,43.58000183105469,42.630001068115234,43.5099983215332,43.189998626708984,1730200.0,36.79107666015625
2007-08-09,43.290000915527344,42.25,42.7599983215332,42.43000030517578,1957000.0,36.143680572509766
2007-08-10,42.79999923706055,41.13999938964844,42.060001373291016,41.900001525878906,1722600.0,35.692203521728516
2007-08-13,42.380001068115234,41.29999923706055,42.099998474121094,42.0,1665800.0,35.77738952636719
2007-08-14,42.439998626708984,41.150001525878906,42.16999816894531,41.150001525878906,1204500.0,35.053306579589844
2007-08-15,41.16999816894531,40.130001068115234,40.959999084472656,40.15999984741211,1089200.0,34.20998764038086
2007-08-16,40.599998474121094,39.0099983215332,40.0099983215332,40.349998474121094,2442700.0,34.3718376159668
2007-08-17,42.849998474121094,40.38999938964844,42.849998474121094,40.7400016784668,1302600.0,34.70406723022461
2007-08-20,41.38999938964844,40.47999954223633,40.75,40.9900016784668,1203600.0,34.91703796386719
2007-08-21,41.279998779296875,40.20000076293945,40.68000030517578,40.59000015258789,1253900.0,34.576290130615234
2007-08-22,41.63999938964844,40.66999816894531,40.70000076293945,41.02000045776367,2111100.0,34.942588806152344
2007-08-23,41.27000045776367,40.54999923706055,41.06999969482422,40.959999084472656,1213500.0,34.8914794921875
2007-08-24,41.38999938964844,40.86000061035156,41.08000183105469,41.380001068115234,813700.0,35.24924087524414
2007-08-27,41.560001373291016,41.08000183105469,41.2400016784668,41.11000061035156,832300.0,35.01924133300781
2007-08-28,41.16999816894531,40.400001525878906,40.849998474121094,40.439998626708984,1207400.0,34.44850540161133
2007-08-29,41.470001220703125,40.5,40.599998474121094,41.439998626708984,1025000.0,35.300357818603516
2007-08-30,41.81999969482422,41.11000061035156,41.20000076293945,41.439998626708984,1173300.0,35.300357818603516
2007-08-31,42.34000015258789,41.459999084472656,41.7400016784668,41.65999984741211,948300.0,35.487770080566406
2007-09-04,41.65999984741211,41.2400016784668,41.43000030517578,41.400001525878906,1009400.0,35.266273498535156
2007-09-05,41.630001068115234,41.08000183105469,41.150001525878906,41.619998931884766,1222800.0,35.45369338989258
2007-09-06,41.689998626708984,41.29999923706055,41.619998931884766,41.650001525878906,623400.0,35.479244232177734
2007-09-07,41.4900016784668,40.75,41.15999984741211,40.84000015258789,830500.0,34.789249420166016
2007-09-10,41.20000076293945,40.369998931884766,41.0,40.7599983215332,668200.0,34.721099853515625
2007-09-11,41.560001373291016,40.849998474121094,41.0,41.529998779296875,722800.0,35.37702178955078
2007-09-12,42.70000076293945,41.65999984741211,41.83000183105469,42.5,1298500.0,36.203311920166016
2007-09-13,43.0,42.5,42.5,42.52000045776367,1251800.0,36.2203483581543
2007-09-14,42.849998474121094,41.88999938964844,42.0,42.7400016784668,828200.0,36.506473541259766
2007-09-17,43.06999969482422,42.400001525878906,42.41999816894531,42.59000015258789,705200.0,36.37835693359375
2007-09-18,43.849998474121094,42.61000061035156,42.810001373291016,43.81999969482422,1155800.0,37.428977966308594
2007-09-19,45.540000915527344,43.959999084472656,44.0,45.369998931884766,2112800.0,38.75291061401367
2007-09-20,45.5,45.0,45.150001525878906,45.380001068115234,1323900.0,38.76145935058594
2007-09-21,46.709999084472656,45.380001068115234,45.95000076293945,46.279998779296875,1963100.0,39.53018569946289
2007-09-24,46.63999938964844,45.779998779296875,46.08000183105469,45.869998931884766,1059200.0,39.17999267578125
2007-09-25,46.2599983215332,45.09000015258789,45.09000015258789,46.130001068115234,1289500.0,39.402069091796875
2007-09-26,46.86000061035156,46.04999923706055,46.04999923706055,46.720001220703125,1032100.0,39.90602111816406
2007-09-27,47.59000015258789,46.79999923706055,46.79999923706055,47.59000015258789,915100.0,40.64913558959961
2007-09-28,47.5,47.040000915527344,47.31999969482422,47.20000076293945,887600.0,40.3160285949707
2007-10-01,48.369998931884766,47.060001373291016,47.060001373291016,47.849998474121094,915200.0,40.871212005615234
2007-10-02,47.79999923706055,47.04999923706055,47.66999816894531,47.369998931884766,694000.0,40.46122360229492
2007-10-03,47.400001525878906,46.849998474121094,47.209999084472656,46.88999938964844,709100.0,40.05121994018555
2007-10-04,47.52000045776367,46.7400016784668,47.08000183105469,46.810001373291016,968300.0,39.98289108276367
2007-10-05,47.369998931884766,46.720001220703125,47.290000915527344,47.0,1097600.0,40.14519119262695
2007-10-08,47.04999923706055,46.630001068115234,47.040000915527344,46.7400016784668,507400.0,39.923099517822266
2007-10-09,47.09000015258789,46.63999938964844,46.75,46.93000030517578,777000.0,40.085384368896484
2007-10-10,47.099998474121094,46.7400016784668,46.9900016784668,47.029998779296875,975000.0,40.170799255371094
2007-10-11,47.290000915527344,46.220001220703125,46.959999084472656,46.380001068115234,866500.0,39.6156120300293
2007-10-12,47.220001220703125,46.130001068115234,46.380001068115234,47.099998474121094,651300.0,40.2305908203125
2007-10-15,47.400001525878906,46.310001373291016,47.209999084472656,46.5099983215332,644200.0,39.726646423339844
2007-10-16,46.630001068115234,45.4900016784668,46.630001068115234,45.65999984741211,839400.0,39.000614166259766
2007-10-17,46.209999084472656,45.650001525878906,45.880001068115234,46.02000045776367,714400.0,39.3081169128418
2007-10-18,46.34000015258789,45.599998474121094,45.83000183105469,46.13999938964844,680900.0,39.410614013671875
2007-10-19,46.40999984741211,45.650001525878906,45.810001373291016,45.650001525878906,1172000.0,38.992069244384766
2007-10-22,46.59000015258789,45.0,45.58000183105469,46.380001068115234,1175700.0,39.6156120300293
2007-10-23,46.77000045776367,45.36000061035156,46.439998626708984,46.4900016784668,1508600.0,39.70957565307617
2007-10-24,46.84000015258789,45.95000076293945,46.18000030517578,46.7400016784668,1289800.0,39.923099517822266
2007-10-25,46.93000030517578,46.040000915527344,46.91999816894531,46.310001373291016,1214400.0,39.55581283569336
2007-10-26,47.279998779296875,46.56999969482422,46.79999923706055,47.2599983215332,844400.0,40.36726379394531
2007-10-29,47.66999816894531,47.16999816894531,47.25,47.43000030517578,430900.0,40.512474060058594
2007-10-30,47.66999816894531,46.91999816894531,47.22999954223633,46.939998626708984,769100.0,40.09392547607422
2007-10-31,47.209999084472656,46.16999816894531,47.0099983215332,47.16999816894531,1094100.0,40.29037857055664
2007-11-01,47.09000015258789,46.0099983215332,46.83000183105469,46.060001373291016,848700.0,39.342281341552734
2007-11-02,46.33000183105469,45.349998474121094,46.130001068115234,46.31999969482422,1019400.0,39.56434631347656
2007-11-05,46.849998474121094,45.790000915527344,46.0,46.529998779296875,878200.0,39.74372863769531
2007-11-06,48.2599983215332,46.56999969482422,46.56999969482422,48.2599983215332,1169000.0,41.22141647338867
2007-11-07,47.779998779296875,46.31999969482422,47.54999923706055,46.31999969482422,956500.0,39.56434631347656
2007-11-08,46.77000045776367,45.83000183105469,46.36000061035156,46.66999816894531,1290400.0,39.8632926940918
2007-11-09,46.83000183105469,45.619998931884766,45.9900016784668,46.04999923706055,1156100.0,39.333740234375
2007-11-12,46.720001220703125,45.81999969482422,45.880001068115234,45.849998474121094,985300.0,39.162899017333984
2007-11-13,46.709999084472656,46.060001373291016,46.310001373291016,46.68000030517578,1132100.0,39.87184524536133
2007-11-14,47.47999954223633,46.61000061035156,46.779998779296875,47.18000030517578,925400.0,40.29893493652344
2007-11-15,47.31999969482422,45.9900016784668,47.09000015258789,46.279998779296875,1197500.0,39.53018569946289
2007-11-16,46.83000183105469,45.7400016784668,46.68000030517578,46.029998779296875,1729200.0,39.3166389465332
2007-11-19,45.939998626708984,45.08000183105469,45.709999084472656,45.119998931884766,1068500.0,38.53935623168945
2007-11-20,46.349998474121094,45.06999969482422,45.25,45.5,1273300.0,38.86396026611328
2007-11-21,45.869998931884766,44.939998626708984,45.290000915527344,45.20000076293945,1006100.0,38.60770034790039
2007-11-23,46.0099983215332,45.36000061035156,45.599998474121094,45.869998931884766,256200.0,39.17999267578125
2007-11-26,46.72999954223633,44.95000076293945,45.75,44.95000076293945,976300.0,38.39417266845703
2007-11-27,45.959999084472656,44.81999969482422,45.09000015258789,45.61000061035156,1019900.0,38.95791244506836
2007-11-28,47.29999923706055,45.630001068115234,45.630001068115234,47.29999923706055,1016400.0,40.40140914916992
2007-11-29,47.22999954223633,46.630001068115234,47.04999923706055,47.0,1084200.0,40.14519119262695
2007-11-30,47.900001525878906,47.09000015258789,47.470001220703125,47.900001525878906,1134200.0,40.91391372680664
2007-12-03,49.81999969482422,47.5099983215332,47.5099983215332,49.560001373291016,1973500.0,42.331809997558594
2007-12-04,49.689998626708984,48.86000061035156,49.529998779296875,49.29999923706055,1625700.0,42.1097297668457
2007-12-05,49.86000061035156,48.97999954223633,49.86000061035156,49.400001525878906,873900.0,42.19515609741211
2007-12-06,50.290000915527344,49.130001068115234,49.380001068115234,50.25,759300.0,42.921173095703125
2007-12-07,50.95000076293945,49.720001220703125,50.2400016784668,50.77000045776367,1060000.0,43.36533737182617
2007-12-10,51.4900016784668,50.36000061035156,50.4900016784668,51.4900016784668,1291500.0,43.98032760620117
2007-12-11,51.66999816894531,50.36000061035156,51.66999816894531,50.52000045776367,1289200.0,43.15180206298828
2007-12-12,51.619998931884766,50.66999816894531,51.619998931884766,51.150001525878906,1557700.0,43.68992233276367
2007-12-13,52.18000030517578,50.86000061035156,51.0,52.06999969482422,1186700.0,44.475738525390625
2007-12-14,51.720001220703125,51.16999816894531,51.54999923706055,51.38999938964844,1147200.0,44.00477600097656
2007-12-17,51.5,49.720001220703125,51.20000076293945,49.720001220703125,1529700.0,42.57477569580078
2007-12-18,50.83000183105469,49.15999984741211,49.97999954223633,50.63999938964844,1410700.0,43.362552642822266
2007-12-19,51.58000183105469,50.2599983215332,50.66999816894531,51.2400016784668,1453800.0,43.8763313293457
2007-12-20,51.5,50.58000183105469,51.5,51.41999816894531,994600.0,44.03046417236328
2007-12-21,52.27000045776367,51.34000015258789,51.83000183105469,51.66999816894531,1302000.0,44.24452590942383
2007-12-24,52.29999923706055,51.83000183105469,51.97999954223633,52.29999923706055,251400.0,44.783992767333984
2007-12-26,52.279998779296875,51.56999969482422,51.97999954223633,52.25,411000.0,44.741180419921875
2007-12-27,52.5,51.880001068115234,52.20000076293945,52.22999954223633,760900.0,44.724063873291016
2007-12-28,52.779998779296875,51.84000015258789,52.779998779296875,52.06999969482422,654000.0,44.58705139160156
2007-12-31,52.02000045776367,51.130001068115234,52.0,51.209999084472656,538000.0,43.85063934326172
2008-01-02,51.5,50.779998779296875,51.0,51.029998779296875,1195000.0,43.696510314941406
2008-01-03,51.25,50.439998626708984,51.11000061035156,50.77000045776367,1255400.0,43.473880767822266
2008-01-04,51.0099983215332,49.79999923706055,50.43000030517578,50.349998474121094,1251200.0,43.11424255371094
2008-01-07,52.349998474121094,50.90999984741211,51.15999984741211,51.2400016784668,2262100.0,43.8763313293457
2008-01-08,51.79999923706055,50.02000045776367,51.630001068115234,50.209999084472656,1410000.0,42.994354248046875
2008-01-09,50.310001373291016,49.06999969482422,50.189998626708984,50.209999084472656,1472200.0,42.994354248046875
2008-01-10,51.13999938964844,49.540000915527344,49.7599983215332,50.95000076293945,1268300.0,43.62800216674805
2008-01-11,50.849998474121094,49.04999923706055,50.380001068115234,49.209999084472656,1452200.0,42.13805389404297
2008-01-14,49.9900016784668,49.36000061035156,49.599998474121094,49.959999084472656,1277400.0,42.78028869628906
2008-01-15,50.189998626708984,48.68000030517578,49.40999984741211,48.7400016784668,1406200.0,41.73562240600586
2008-01-16,49.349998474121094,48.04999923706055,48.41999816894531,48.65999984741211,1682500.0,41.66710662841797
2008-01-17,49.22999954223633,47.029998779296875,48.939998626708984,47.040000915527344,1941800.0,40.27992248535156
2008-01-18,48.16999816894531,46.95000076293945,47.45000076293945,47.709999084472656,1646400.0,40.853607177734375
2008-01-22,46.66999816894531,45.15999984741211,45.880001068115234,45.79999923706055,2157400.0,39.21809768676758
2008-01-23,47.45000076293945,44.119998931884766,44.54999923706055,47.369998931884766,2418200.0,40.56249237060547
2008-01-24,47.90999984741211,46.68000030517578,47.58000183105469,47.36000061035156,1357800.0,40.55392074584961
2008-01-25,47.720001220703125,46.150001525878906,47.720001220703125,46.31999969482422,1621900.0,39.66337966918945
2008-01-28,47.95000076293945,46.529998779296875,46.959999084472656,47.95000076293945,1115200.0,41.05912780761719
2008-01-29,48.439998626708984,47.63999938964844,48.31999969482422,47.900001525878906,844600.0,41.01632308959961
2008-01-30,48.959999084472656,47.36000061035156,47.7599983215332,47.529998779296875,920700.0,40.69948959350586
2008-01-31,48.560001373291016,46.72999954223633,46.900001525878906,48.13999938964844,1225100.0,41.22182846069336
2008-02-01,49.13999938964844,47.91999816894531,48.36000061035156,49.02000045776367,1078000.0,41.97537612915039
2008-02-04,51.0,48.060001373291016,48.84000015258789,49.599998474121094,921800.0,42.47201919555664
2008-02-05,48.90999984741211,47.75,48.849998474121094,47.75,984900.0,40.887874603271484
2008-02-06,48.16999816894531,47.130001068115234,48.029998779296875,47.2599983215332,1289800.0,40.468299865722656
2008-02-07,48.06999969482422,47.0,47.099998474121094,47.7400016784668,1289400.0,40.879310607910156
2008-02-08,47.90999984741211,47.099998474121094,47.290000915527344,47.650001525878906,1016100.0,40.80223846435547
2008-02-11,48.16999816894531,47.22999954223633,47.470001220703125,47.97999954223633,786200.0,41.0848274230957
2008-02-12,48.97999954223633,46.939998626708984,47.779998779296875,48.08000183105469,2093300.0,41.17045593261719
2008-02-13,48.939998626708984,47.11000061035156,48.72999954223633,47.619998931884766,1939700.0,40.77655792236328
2008-02-14,47.599998474121094,46.0099983215332,47.4900016784668,46.29999923706055,2058700.0,39.64625549316406
2008-02-15,46.31999969482422,45.38999938964844,46.25,46.31999969482422,1276000.0,39.66337966918945
2008-02-19,47.18000030517578,46.470001220703125,46.77000045776367,46.790000915527344,1089200.0,40.06582260131836
2008-02-20,47.5,46.40999984741211,46.5,47.5,1246000.0,40.67380905151367
2008-02-21,47.56999969482422,46.70000076293945,47.52000045776367,46.77000045776367,1389700.0,40.04872131347656
2008-02-22,47.18000030517578,46.150001525878906,47.06999969482422,46.95000076293945,1145600.0,40.20284652709961
2008-02-25,47.939998626708984,46.4900016784668,47.0,47.900001525878906,1091500.0,41.01632308959961
2008-02-26,48.2599983215332,47.4900016784668,47.599998474121094,48.029998779296875,1207700.0,41.12763977050781
2008-02-27,48.81999969482422,46.79999923706055,47.54999923706055,48.25,2536500.0,41.31602096557617
2008-02-28,48.279998779296875,47.380001068115234,48.25,48.0099983215332,1224300.0,41.110511779785156
2008-02-29,47.81999969482422,46.61000061035156,47.529998779296875,46.790000915527344,1235600.0,40.06582260131836
2008-03-03,46.97999954223633,46.2400016784668,46.630001068115234,46.97999954223633,1375500.0,40.228538513183594
2008-03-04,46.779998779296875,45.349998474121094,46.529998779296875,45.86000061035156,2426500.0,39.26948928833008
2008-03-05,46.5,45.56999969482422,45.900001525878906,46.13999938964844,2283800.0,39.50925064086914
2008-03-06,46.2400016784668,45.59000015258789,46.0099983215332,45.630001068115234,1413100.0,39.07255172729492
2008-03-07,45.619998931884766,44.52000045776367,45.20000076293945,45.0,2590000.0,38.64317321777344
2008-03-10,44.95000076293945,43.20000076293945,44.95000076293945,43.25,2211500.0,37.140380859375
2008-03-11,45.45000076293945,43.939998626708984,44.599998474121094,45.45000076293945,1922600.0,39.029598236083984
2008-03-12,45.900001525878906,44.459999084472656,45.79999923706055,44.56999969482422,1767900.0,38.2739143371582
2008-03-13,44.4900016784668,43.2400016784668,44.040000915527344,44.27000045776367,2303000.0,38.01628875732422
2008-03-14,44.779998779296875,42.79999923706055,44.529998779296875,43.720001220703125,2439000.0,37.54398727416992
2008-03-17,43.869998931884766,42.54999923706055,43.029998779296875,42.970001220703125,2068600.0,36.89993667602539
2008-03-18,44.77000045776367,43.38999938964844,43.47999954223633,44.68000030517578,2056100.0,38.36836624145508
2008-03-19,45.54999923706055,43.439998626708984,45.189998626708984,43.439998626708984,1929500.0,37.30353546142578
2008-03-20,43.709999084472656,42.790000915527344,43.709999084472656,43.29999923706055,2147400.0,37.18331527709961
2008-03-24,44.470001220703125,43.459999084472656,43.650001525878906,43.84000015258789,1399000.0,37.64703369140625
2008-03-25,44.66999816894531,43.7599983215332,44.150001525878906,44.20000076293945,1239200.0,37.95618438720703
2008-03-26,44.290000915527344,43.52000045776367,44.060001373291016,43.75,1273900.0,37.569759368896484
2008-03-27,44.119998931884766,43.290000915527344,44.04999923706055,43.4900016784668,1681900.0,37.34648895263672
2008-03-28,43.79999923706055,42.650001525878906,43.59000015258789,42.880001068115234,1492700.0,36.82265090942383
2008-03-31,43.540000915527344,42.52000045776367,42.779998779296875,43.43000030517578,1676600.0,37.294952392578125
2008-04-01,44.9900016784668,43.310001373291016,43.599998474121094,44.9900016784668,1933300.0,38.634578704833984
2008-04-02,46.029998779296875,44.849998474121094,45.11000061035156,45.54999923706055,2795200.0,39.115474700927734
2008-04-03,45.65999984741211,44.599998474121094,45.400001525878906,44.88999938964844,1689800.0,38.54871368408203
2008-04-04,45.16999816894531,44.56999969482422,45.0,44.79999923706055,1367500.0,38.47142028808594
2008-04-07,45.400001525878906,44.439998626708984,45.09000015258789,44.599998474121094,1042400.0,38.29967498779297
2008-04-08,44.86000061035156,44.13999938964844,44.47999954223633,44.75,819400.0,38.428489685058594
2008-04-09,44.959999084472656,44.290000915527344,44.63999938964844,44.41999816894531,809700.0,38.14509582519531
2008-04-10,45.27000045776367,44.189998626708984,44.5,44.970001220703125,1423400.0,38.617408752441406
2008-04-11,45.310001373291016,44.38999938964844,44.52000045776367,44.59000015258789,1649000.0,38.291099548339844
2008-04-14,45.29999923706055,44.470001220703125,44.4900016784668,45.16999816894531,1281500.0,38.789154052734375
2008-04-15,45.90999984741211,44.84000015258789,45.54999923706055,45.310001373291016,1043500.0,38.90937805175781
2008-04-16,46.9900016784668,45.45000076293945,45.72999954223633,46.970001220703125,1323300.0,40.334877014160156
2008-04-17,47.150001525878906,46.06999969482422,46.5,46.56999969482422,1292200.0,39.99138641357422
2008-04-18,48.0,46.90999984741211,47.41999816894531,47.93000030517578,1495500.0,41.15926742553711
2008-04-21,48.18000030517578,47.41999816894531,47.7599983215332,48.099998474121094,959100.0,41.305259704589844
2008-04-22,47.970001220703125,47.099998474121094,47.88999938964844,47.619998931884766,1009600.0,40.89305877685547
2008-04-23,48.099998474121094,46.939998626708984,48.099998474121094,47.2400016784668,1551200.0,40.566741943359375
2008-04-24,48.90999984741211,46.400001525878906,48.90999984741211,46.83000183105469,1438600.0,40.214664459228516
2008-04-25,47.5,46.5,47.0,47.5,874600.0,40.790016174316406
2008-04-28,47.779998779296875,46.540000915527344,47.709999084472656,46.75,1048400.0,40.14596176147461
2008-04-29,46.93000030517578,46.13999938964844,46.79999923706055,46.34000015258789,1505500.0,39.793880462646484
2008-04-30,46.810001373291016,45.77000045776367,46.79999923706055,45.959999084472656,1317500.0,39.46755599975586
2008-05-01,46.0,45.150001525878906,45.97999954223633,45.79999923706055,1596900.0,39.33014678955078
2008-05-02,46.349998474121094,45.58000183105469,46.029998779296875,46.0,907300.0,39.50191116333008
2008-05-05,46.040000915527344,45.65999984741211,45.65999984741211,46.040000915527344,867600.0,39.5362548828125
2008-05-06,46.2599983215332,45.11000061035156,45.5,46.04999923706055,1206700.0,39.54484176635742
2008-05-07,46.27000045776367,45.369998931884766,46.18000030517578,45.400001525878906,735700.0,38.98667526245117
2008-05-08,45.869998931884766,45.099998474121094,45.869998931884766,45.779998779296875,762400.0,39.312992095947266
2008-05-09,45.65999984741211,44.900001525878906,45.65999984741211,45.150001525878906,680500.0,38.77198028564453
2008-05-12,45.09000015258789,44.18000030517578,44.97999954223633,45.029998779296875,1087700.0,38.668922424316406
2008-05-13,45.41999816894531,44.790000915527344,45.040000915527344,45.41999816894531,1235400.0,39.00383758544922
2008-05-14,46.22999954223633,45.41999816894531,45.529998779296875,45.88999938964844,726400.0,39.40743637084961
2008-05-15,46.130001068115234,45.5,45.95000076293945,46.08000183105469,814700.0,39.57061004638672
2008-05-16,46.70000076293945,45.9900016784668,46.20000076293945,46.70000076293945,871400.0,40.10303497314453
2008-05-19,46.869998931884766,45.540000915527344,46.619998931884766,45.7400016784668,1105100.0,39.27863311767578
2008-05-20,45.599998474121094,44.88999938964844,45.2400016784668,45.25,1335500.0,38.85786056518555
2008-05-21,45.41999816894531,44.189998626708984,45.11000061035156,44.290000915527344,1157100.0,38.03347396850586
2008-05-22,44.900001525878906,44.11000061035156,44.150001525878906,44.2599983215332,1210600.0,38.00770950317383
2008-05-23,44.040000915527344,43.65999984741211,43.95000076293945,43.77000045776367,1559900.0,37.586936950683594
2008-05-27,43.91999816894531,43.11000061035156,43.91999816894531,43.61000061035156,1606900.0,37.44953155517578
2008-05-28,44.86000061035156,43.75,43.79999923706055,44.86000061035156,1470000.0,38.522953033447266
2008-05-29,45.04999923706055,44.45000076293945,44.869998931884766,44.650001525878906,992600.0,38.34261703491211
2008-05-30,45.02000045776367,44.459999084472656,44.70000076293945,44.83000183105469,658800.0,38.49717712402344
2008-06-02,44.75,44.15999984741211,44.560001373291016,44.310001373291016,707600.0,38.05064392089844
2008-06-03,44.66999816894531,43.86000061035156,44.31999969482422,44.2400016784668,795200.0,37.99053192138672
2008-06-04,45.18000030517578,44.040000915527344,44.040000915527344,44.650001525878906,834200.0,38.34261703491211
2008-06-05,45.93000030517578,44.75,44.939998626708984,45.93000030517578,776200.0,39.44179916381836
2008-06-06,46.0,44.40999984741211,45.959999084472656,44.40999984741211,922300.0,38.13650894165039
2008-06-09,44.88999938964844,44.279998779296875,44.36000061035156,44.7400016784668,754700.0,38.41990661621094
2008-06-10,44.86000061035156,43.72999954223633,44.09000015258789,44.75,1257000.0,38.428489685058594
2008-06-11,44.7400016784668,43.849998474121094,44.38999938964844,43.849998474121094,1065300.0,37.655616760253906
2008-06-12,44.9900016784668,44.150001525878906,44.150001525878906,44.86000061035156,1012900.0,38.522953033447266
2008-06-13,45.869998931884766,45.06999969482422,45.2599983215332,45.790000915527344,1243800.0,39.435855865478516
2008-06-16,45.93000030517578,45.25,45.33000183105469,45.529998779296875,962900.0,39.21192169189453
2008-06-17,45.61000061035156,44.83000183105469,45.560001373291016,44.93000030517578,1002900.0,38.695194244384766
2008-06-18,45.0099983215332,44.459999084472656,44.72999954223633,44.61000061035156,778500.0,38.41959762573242
2008-06-19,45.290000915527344,44.470001220703125,44.720001220703125,44.939998626708984,865700.0,38.70381164550781
2008-06-20,44.83000183105469,43.86000061035156,44.68000030517578,44.150001525878906,1180400.0,38.02342987060547
2008-06-23,44.880001068115234,44.11000061035156,44.25,44.869998931884766,947800.0,38.64351272583008
2008-06-24,44.75,43.43000030517578,44.70000076293945,43.4900016784668,1679400.0,37.45503234863281
2008-06-25,45.040000915527344,43.47999954223633,43.84000015258789,44.7400016784668,1269400.0,38.53157043457031
2008-06-26,44.220001220703125,43.599998474121094,44.130001068115234,43.599998474121094,1267200.0,37.549766540527344
2008-06-27,43.900001525878906,43.34000015258789,43.599998474121094,43.68000030517578,1392200.0,37.61864471435547
2008-06-30,44.540000915527344,42.88999938964844,43.83000183105469,42.9900016784668,1389100.0,37.024391174316406
2008-07-01,43.22999954223633,42.0,42.540000915527344,43.06999969482422,1875600.0,37.093292236328125
2008-07-02,43.52000045776367,42.439998626708984,43.06999969482422,42.439998626708984,1748700.0,36.55073928833008
2008-07-03,44.72999954223633,42.72999954223633,42.88999938964844,44.47999954223633,1842200.0,38.307655334472656
2008-07-07,44.599998474121094,43.2400016784668,44.4900016784668,43.619998931884766,1751400.0,37.566978454589844
2008-07-08,44.130001068115234,43.25,43.25,44.040000915527344,2147400.0,37.9286994934082
2008-07-09,44.09000015258789,43.060001373291016,43.790000915527344,43.060001373291016,2287400.0,37.08470153808594
2008-07-10,43.79999923706055,42.880001068115234,43.34000015258789,43.29999923706055,4086300.0,37.291385650634766
2008-07-11,43.56999969482422,42.61000061035156,42.959999084472656,43.02000045776367,2973300.0,37.05025100708008
2008-07-14,43.540000915527344,42.86000061035156,43.209999084472656,43.349998474121094,2264700.0,37.334449768066406
2008-07-15,43.650001525878906,42.279998779296875,42.95000076293945,43.36000061035156,2492500.0,37.34307861328125
2008-07-16,44.119998931884766,42.7599983215332,43.33000183105469,44.099998474121094,2232000.0,37.98036575317383
2008-07-17,44.5,43.88999938964844,44.400001525878906,44.22999954223633,1685500.0,38.09231948852539
2008-07-18,44.59000015258789,43.779998779296875,44.22999954223633,44.06999969482422,1838900.0,37.954524993896484
2008-07-21,44.400001525878906,43.93000030517578,44.189998626708984,44.25,1755400.0,38.10956573486328
2008-07-22,44.310001373291016,43.66999816894531,44.02000045776367,43.9900016784668,1992900.0,37.88563537597656
2008-07-23,44.630001068115234,43.72999954223633,44.18000030517578,44.290000915527344,1474900.0,38.14400863647461
2008-07-24,44.630001068115234,43.79999923706055,44.290000915527344,44.099998474121094,1652800.0,37.98036575317383
2008-07-25,44.4900016784668,43.5099983215332,44.31999969482422,43.790000915527344,1363400.0,37.713382720947266
2008-07-28,44.27000045776367,43.4900016784668,43.869998931884766,44.150001525878906,1751300.0,38.02342987060547
2008-07-29,44.9900016784668,43.9900016784668,43.9900016784668,44.689998626708984,1171400.0,38.488502502441406
2008-07-30,45.2400016784668,44.70000076293945,44.900001525878906,45.2400016784668,1151100.0,38.96218490600586
2008-07-31,45.2400016784668,44.58000183105469,44.93000030517578,44.70000076293945,1545900.0,38.49711990356445
2008-08-01,44.95000076293945,43.599998474121094,44.68000030517578,44.0,1392800.0,37.89424514770508
2008-08-04,43.97999954223633,43.130001068115234,43.869998931884766,43.79999923706055,2160300.0,37.72200393676758
2008-08-05,45.27000045776367,43.7400016784668,43.88999938964844,45.220001220703125,2473800.0,38.94495391845703
2008-08-06,45.77000045776367,44.9900016784668,45.040000915527344,45.18000030517578,1272300.0,38.910499572753906
2008-08-07,45.040000915527344,44.189998626708984,45.040000915527344,44.36000061035156,1144800.0,38.20428466796875
2008-08-08,45.130001068115234,44.150001525878906,44.43000030517578,45.099998474121094,944100.0,38.84160232543945
2008-08-11,45.45000076293945,44.59000015258789,45.099998474121094,45.43000030517578,1279400.0,39.125816345214844
2008-08-12,45.75,45.20000076293945,45.22999954223633,45.7400016784668,1346300.0,39.39278793334961
2008-08-13,46.0,44.970001220703125,45.689998626708984,45.849998474121094,1117100.0,39.487545013427734
2008-08-14,46.41999816894531,45.470001220703125,45.599998474121094,46.25,1364500.0,39.83202362060547
2008-08-15,46.4900016784668,46.0,46.279998779296875,46.36000061035156,905100.0,39.92675018310547
2008-08-18,46.5,45.7400016784668,46.45000076293945,45.849998474121094,915000.0,39.487545013427734
2008-08-19,45.81999969482422,44.959999084472656,45.650001525878906,45.099998474121094,873900.0,38.84160232543945
2008-08-20,45.20000076293945,44.68000030517578,45.130001068115234,45.06999969482422,1075600.0,38.815765380859375
2008-08-21,45.43000030517578,44.709999084472656,44.709999084472656,45.34000015258789,786500.0,39.04830551147461
2008-08-22,45.90999984741211,45.27000045776367,45.349998474121094,45.63999938964844,517900.0,39.30666732788086
2008-08-25,45.470001220703125,44.779998779296875,45.470001220703125,45.0099983215332,794900.0,38.764095306396484
2008-08-26,45.310001373291016,44.7599983215332,44.84000015258789,44.9900016784668,672200.0,38.746864318847656
2008-08-27,45.290000915527344,44.599998474121094,45.150001525878906,45.04999923706055,911000.0,38.798553466796875
2008-08-28,46.41999816894531,45.31999969482422,45.31999969482422,46.18000030517578,1087800.0,39.77173614501953
2008-08-29,46.29999923706055,45.7400016784668,46.150001525878906,45.7400016784668,705900.0,39.39278793334961
2008-09-02,47.20000076293945,46.04999923706055,46.31999969482422,46.15999984741211,1345200.0,39.754520416259766
2008-09-03,46.54999923706055,45.560001373291016,46.310001373291016,46.130001068115234,934300.0,39.72867965698242
2008-09-04,46.220001220703125,45.369998931884766,45.900001525878906,45.70000076293945,1459100.0,39.35834503173828
2008-09-05,45.56999969482422,44.75,45.5099983215332,45.459999084472656,935500.0,39.15165328979492
2008-09-08,47.18000030517578,46.099998474121094,46.20000076293945,47.119998931884766,1945200.0,40.58129119873047
2008-09-09,47.810001373291016,46.84000015258789,47.310001373291016,47.09000015258789,2013700.0,40.55545425415039
2008-09-10,47.720001220703125,46.869998931884766,47.29999923706055,46.970001220703125,1491700.0,40.45210266113281
2008-09-11,47.959999084472656,46.349998474121094,46.4900016784668,47.900001525878906,1451700.0,41.25305938720703
2008-09-12,48.41999816894531,47.209999084472656,47.599998474121094,48.380001068115234,1237500.0,41.779842376708984
2008-09-15,48.720001220703125,47.09000015258789,47.09000015258789,47.56999969482422,1401500.0,41.080345153808594
2008-09-16,49.06999969482422,46.13999938964844,47.70000076293945,48.70000076293945,1998600.0,42.05618667602539
2008-09-17,48.36000061035156,46.290000915527344,48.13999938964844,46.380001068115234,2461300.0,40.052677154541016
2008-09-18,52.15999984741211,46.61000061035156,47.02000045776367,49.38999938964844,3354900.0,42.65205764770508
2008-09-19,51.9900016784668,46.349998474121094,51.0,50.0099983215332,2686500.0,43.187469482421875
2008-09-22,49.810001373291016,47.65999984741211,49.810001373291016,47.75,1242300.0,41.23578643798828
2008-09-23,49.45000076293945,47.619998931884766,47.619998931884766,47.7599983215332,1437200.0,41.244422912597656
2008-09-24,48.65999984741211,47.2599983215332,48.060001373291016,48.040000915527344,1426200.0,41.486228942871094
2008-09-25,49.95000076293945,47.779998779296875,48.400001525878906,49.41999816894531,1671100.0,42.67796325683594
2008-09-26,49.79999923706055,48.7599983215332,48.7599983215332,49.70000076293945,1445400.0,42.91975021362305
2008-09-29,49.11000061035156,46.61000061035156,49.11000061035156,47.04999923706055,2363100.0,40.63128662109375
2008-09-30,48.70000076293945,47.209999084472656,47.68000030517578,48.52000045776367,2457600.0,41.90074157714844
2008-10-01,49.9900016784668,48.060001373291016,48.08000183105469,48.9900016784668,2979700.0,42.306617736816406
2008-10-02,49.47999954223633,46.0099983215332,48.7599983215332,46.38999938964844,3209500.0,40.06133270263672
2008-10-03,47.279998779296875,44.68000030517578,46.90999984741211,45.119998931884766,2730800.0,38.96456527709961
2008-10-06,43.72999954223633,40.529998779296875,43.72999954223633,42.70000076293945,4426700.0,36.874732971191406
2008-10-07,43.5,41.310001373291016,43.2400016784668,41.36000061035156,4232400.0,35.717525482177734
2008-10-08,44.97999954223633,40.150001525878906,40.5,42.5,4592300.0,36.70199966430664
2008-10-09,43.630001068115234,38.84000015258789,42.52000045776367,38.84000015258789,3290800.0,33.541324615478516
2008-10-10,40.939998626708984,35.900001525878906,37.189998626708984,39.5,4113400.0,34.111289978027344
2008-10-13,44.11000061035156,40.029998779296875,40.130001068115234,44.0099983215332,2069000.0,38.006004333496094
2008-10-14,45.83000183105469,40.54999923706055,45.470001220703125,42.189998626708984,2845900.0,36.43430709838867
2008-10-15,41.97999954223633,37.61000061035156,41.97999954223633,37.630001068115234,2634900.0,32.49638748168945
2008-10-16,40.380001068115234,37.040000915527344,39.720001220703125,40.380001068115234,4659500.0,34.8712158203125
2008-10-17,41.349998474121094,38.369998931884766,39.400001525878906,39.849998474121094,3118700.0,34.41353225708008
2008-10-20,42.810001373291016,39.5,39.529998779296875,42.810001373291016,2387200.0,36.9697151184082
2008-10-21,42.9900016784668,41.18000030517578,42.220001220703125,41.34000015258789,1409800.0,35.70024871826172
2008-10-22,40.560001373291016,38.52000045776367,39.650001525878906,38.93000030517578,2851400.0,33.619041442871094
2008-10-23,41.0,38.209999084472656,39.25,40.20000076293945,3876400.0,34.71579360961914
2008-10-24,39.060001373291016,37.040000915527344,37.68000030517578,37.790000915527344,3477800.0,32.63454818725586
2008-10-27,38.18000030517578,35.43000030517578,37.2400016784668,35.43000030517578,3198200.0,30.596519470214844
2008-10-28,37.150001525878906,34.290000915527344,36.880001068115234,37.0,4246800.0,31.95233726501465
2008-10-29,38.02000045776367,36.130001068115234,36.9900016784668,36.68000030517578,2593700.0,31.676008224487305
2008-10-30,38.33000183105469,36.25,36.93000030517578,37.75,2596200.0,32.60000228881836
2008-10-31,37.77000045776367,36.540000915527344,37.56999969482422,37.2599983215332,2124100.0,32.17686080932617
2008-11-03,37.79999923706055,36.86000061035156,37.11000061035156,37.380001068115234,1999600.0,32.28050231933594
2008-11-04,39.310001373291016,37.400001525878906,38.13999938964844,38.959999084472656,1897500.0,33.644935607910156
2008-11-05,38.869998931884766,36.779998779296875,38.54999923706055,36.90999984741211,1528600.0,31.874605178833008
2008-11-06,37.27000045776367,35.310001373291016,37.27000045776367,35.31999969482422,2162600.0,30.50153350830078
2008-11-07,36.810001373291016,35.45000076293945,35.5099983215332,36.56999969482422,1599000.0,31.580991744995117
2008-11-10,34.29999923706055,32.720001220703125,33.099998474121094,33.36000061035156,5241500.0,28.808917999267578
2008-11-11,32.5,31.520000457763672,32.349998474121094,31.780000686645508,5137800.0,27.444469451904297
2008-11-12,31.479999542236328,29.559999465942383,30.469999313354492,30.6200008392334,10058600.0,26.442712783813477
2008-11-13,34.27000045776367,31.31999969482422,31.40999984741211,34.06999969482422,26943400.0,29.422060012817383
2008-11-14,33.86000061035156,32.529998779296875,33.86000061035156,32.77000045776367,5926700.0,28.299409866333008
2008-11-17,33.7400016784668,32.56999969482422,33.0,33.08000183105469,4388900.0,28.567119598388672
2008-11-18,33.939998626708984,32.849998474121094,33.119998931884766,33.91999816894531,4363900.0,29.292530059814453
2008-11-19,34.5,32.0,33.5,32.0099983215332,3897500.0,27.64309310913086
2008-11-20,33.38999938964844,30.6299991607666,31.549999237060547,30.829999923706055,4547000.0,26.624069213867188
2008-11-21,33.31999969482422,30.860000610351562,31.459999084472656,33.06999969482422,5704600.0,28.558475494384766
2008-11-24,34.59000015258789,32.63999938964844,33.7599983215332,34.099998474121094,3849100.0,29.447965621948242
2008-11-25,36.369998931884766,34.38999938964844,35.619998931884766,36.2599983215332,4467300.0,31.31328582763672
2008-11-26,37.72999954223633,35.13999938964844,35.34000015258789,37.619998931884766,3597800.0,32.487762451171875
2008-11-28,38.38999938964844,36.7599983215332,36.77000045776367,38.38999938964844,1184500.0,33.1527099609375
2008-12-01,37.11000061035156,34.5,37.11000061035156,34.56999969482422,2797400.0,29.853853225708008
2008-12-02,35.54999923706055,34.33000183105469,34.9900016784668,35.54999923706055,2388100.0,30.70014762878418
2008-12-03,36.560001373291016,34.70000076293945,34.7599983215332,36.33000183105469,3012300.0,31.373741149902344
2008-12-04,36.400001525878906,34.880001068115234,35.61000061035156,35.439998626708984,2150500.0,30.605152130126953
2008-12-05,37.0,34.18000030517578,35.15999984741211,36.93000030517578,2018400.0,31.89190101623535
2008-12-08,38.849998474121094,36.939998626708984,37.900001525878906,37.709999084472656,2447600.0,32.56547546386719
2008-12-09,38.630001068115234,36.189998626708984,37.029998779296875,36.5099983215332,2186000.0,31.529186248779297
2008-12-10,37.58000183105469,35.33000183105469,36.90999984741211,35.63999938964844,2809100.0,30.777873992919922
2008-12-11,36.439998626708984,34.08000183105469,35.58000183105469,34.36000061035156,2334300.0,29.672496795654297
2008-12-12,35.7599983215332,33.560001373291016,33.93000030517578,35.560001373291016,1979500.0,30.834426879882812
2008-12-15,36.20000076293945,34.59000015258789,36.0099983215332,35.04999923706055,1506800.0,30.39218521118164
2008-12-16,37.0099983215332,35.310001373291016,36.09000015258789,36.869998931884766,2307500.0,31.97032928466797
2008-12-17,37.02000045776367,35.33000183105469,36.439998626708984,35.529998779296875,2142300.0,30.80839729309082
2008-12-18,36.290000915527344,35.15999984741211,35.79999923706055,35.40999984741211,1976200.0,30.7043514251709
2008-12-19,36.4900016784668,34.599998474121094,35.5,34.709999084472656,3417700.0,30.097375869750977
2008-12-22,35.290000915527344,33.43000030517578,34.63999938964844,33.97999954223633,1570400.0,29.464387893676758
2008-12-23,34.54999923706055,33.459999084472656,34.54999923706055,33.779998779296875,1317100.0,29.29096031188965
2008-12-24,34.16999816894531,33.619998931884766,34.040000915527344,33.75,500700.0,29.26496696472168
2008-12-26,34.119998931884766,33.72999954223633,33.869998931884766,34.060001373291016,670800.0,29.533754348754883
2008-12-29,34.18000030517578,33.369998931884766,33.900001525878906,33.77000045776367,1237500.0,29.282291412353516
2008-12-30,34.939998626708984,33.900001525878906,34.369998931884766,34.380001068115234,1850600.0,29.811229705810547
2008-12-31,35.439998626708984,33.91999816894531,34.7599983215332,35.150001525878906,1754800.0,30.478906631469727
2009-01-02,35.97999954223633,34.79999923706055,35.70000076293945,35.83000183105469,1197000.0,31.068531036376953
2009-01-05,35.7400016784668,34.560001373291016,35.560001373291016,35.150001525878906,2352300.0,30.478906631469727
2009-01-06,35.689998626708984,33.91999816894531,35.560001373291016,34.400001525878906,2537500.0,29.82857322692871
2009-01-07,35.220001220703125,33.689998626708984,34.13999938964844,34.33000183105469,3624400.0,29.767881393432617
2009-01-08,34.34000015258789,33.66999816894531,34.2400016784668,34.02000045776367,2592600.0,29.499061584472656
2009-01-09,34.20000076293945,33.38999938964844,34.20000076293945,33.5099983215332,2139600.0,29.05684471130371
2009-01-12,33.810001373291016,33.0,33.369998931884766,33.56999969482422,2146000.0,29.108867645263672
2009-01-13,34.060001373291016,33.22999954223633,33.369998931884766,33.79999923706055,2380900.0,29.30830955505371
2009-01-14,33.9900016784668,32.86000061035156,33.27000045776367,33.0099983215332,2252700.0,28.623287200927734
2009-01-15,36.08000183105469,34.29999923706055,34.5,35.52000045776367,5758800.0,30.799745559692383
2009-01-16,36.779998779296875,35.650001525878906,36.45000076293945,36.599998474121094,2851900.0,31.736215591430664
2009-01-20,36.349998474121094,34.810001373291016,36.040000915527344,34.869998931884766,1909000.0,30.236112594604492
2009-01-21,36.43000030517578,34.689998626708984,35.060001373291016,36.369998931884766,2260600.0,31.536787033081055
2009-01-22,36.13999938964844,35.060001373291016,35.689998626708984,35.47999954223633,2308800.0,30.765047073364258
2009-01-23,35.5099983215332,34.439998626708984,35.040000915527344,34.970001220703125,3091400.0,30.322830200195312
2009-01-26,35.470001220703125,34.43000030517578,35.060001373291016,34.720001220703125,2596200.0,30.10606575012207
2009-01-27,35.29999923706055,34.400001525878906,35.06999969482422,34.7400016784668,2068800.0,30.123390197753906
2009-01-28,35.4900016784668,34.84000015258789,35.349998474121094,35.2599983215332,1818000.0,30.57429313659668
2009-01-29,35.529998779296875,34.56999969482422,35.06999969482422,34.709999084472656,1553700.0,30.097375869750977
2009-01-30,34.939998626708984,33.68000030517578,34.560001373291016,33.959999084472656,2542500.0,29.447040557861328
2009-02-02,34.18000030517578,33.279998779296875,33.470001220703125,33.81999969482422,2292100.0,29.32564926147461
2009-02-03,34.13999938964844,33.630001068115234,33.849998474121094,34.06999969482422,2313800.0,29.54242706298828
2009-02-04,34.880001068115234,33.790000915527344,34.04999923706055,34.18000030517578,2014800.0,29.637802124023438
2009-02-05,35.04999923706055,33.619998931884766,33.849998474121094,34.810001373291016,1712200.0,30.184099197387695
2009-02-06,35.86000061035156,34.61000061035156,34.61000061035156,35.779998779296875,1868000.0,31.025184631347656
2009-02-09,36.0,34.959999084472656,35.849998474121094,35.18000030517578,1482400.0,30.504915237426758
2009-02-10,35.18000030517578,33.75,34.630001068115234,33.959999084472656,2336600.0,29.447040557861328
2009-02-11,34.59000015258789,33.70000076293945,34.150001525878906,34.25,2205100.0,29.698514938354492
2009-02-12,33.54999923706055,29.899999618530273,33.209999084472656,32.599998474121094,7335100.0,28.267770767211914
2009-02-13,33.29999923706055,31.540000915527344,32.09000015258789,32.880001068115234,2272000.0,28.51056480407715
2009-02-17,33.2400016784668,31.5,32.0,32.7400016784668,3211500.0,28.389171600341797
2009-02-18,33.41999816894531,32.189998626708984,32.75,32.439998626708984,3062400.0,28.12903594970703
2009-02-19,33.70000076293945,32.790000915527344,33.119998931884766,33.47999954223633,3486600.0,29.03083610534668
2009-02-20,33.279998779296875,31.729999542236328,32.9900016784668,32.790000915527344,2495700.0,28.43252944946289
2009-02-23,33.29999923706055,31.93000030517578,33.08000183105469,32.040000915527344,3014800.0,27.782194137573242
2009-02-24,33.189998626708984,32.02000045776367,32.02000045776367,32.97999954223633,3375900.0,28.5972843170166
2009-02-25,33.150001525878906,32.27000045776367,32.86000061035156,32.52000045776367,2735200.0,28.19840431213379
2009-02-26,32.79999923706055,31.850000381469727,32.59000015258789,32.0,2364700.0,27.74751091003418
2009-02-27,32.150001525878906,31.440000534057617,31.440000534057617,31.780000686645508,2737700.0,27.55674934387207
2009-03-02,31.93000030517578,30.989999771118164,31.200000762939453,31.100000381469727,3815400.0,26.967113494873047
2009-03-03,31.6200008392334,30.479999542236328,31.459999084472656,30.559999465942383,2916300.0,26.498872756958008
2009-03-04,31.190000534057617,30.510000228881836,30.969999313354492,30.770000457763672,3680700.0,26.680967330932617
2009-03-05,30.329999923706055,29.510000228881836,30.149999618530273,30.100000381469727,4383300.0,26.100000381469727
2009-03-06,30.450000762939453,29.270000457763672,30.329999923706055,29.899999618530273,3080400.0,26.047733306884766
2009-03-09,30.239999771118164,29.40999984741211,29.600000381469727,29.850000381469727,3155700.0,26.004173278808594
2009-03-10,31.1299991607666,29.6200008392334,30.360000610351562,30.850000381469727,3695500.0,26.875333786010742
2009-03-11,31.299999237060547,30.700000762939453,30.8799991607666,31.100000381469727,4420100.0,27.093130111694336
2009-03-12,31.780000686645508,30.450000762939453,30.920000076293945,31.690000534057617,3038400.0,27.60711097717285
2009-03-13,32.36000061035156,31.450000762939453,31.8700008392334,32.22999954223633,2333300.0,28.077539443969727
2009-03-16,32.90999984741211,32.08000183105469,32.439998626708984,32.13999938964844,3037600.0,27.9991397857666
2009-03-17,33.0,31.829999923706055,32.08000183105469,33.0,2927200.0,28.74833869934082
2009-03-18,33.290000915527344,32.41999816894531,32.65999984741211,33.08000183105469,3141000.0,28.818029403686523
2009-03-19,33.63999938964844,32.7400016784668,33.540000915527344,32.79999923706055,2663700.0,28.57411003112793
2009-03-20,33.130001068115234,32.279998779296875,32.88999938964844,32.31999969482422,2204000.0,28.155942916870117
2009-03-23,33.9900016784668,31.600000381469727,32.91999816894531,33.959999084472656,2231700.0,29.584644317626953
2009-03-24,34.41999816894531,33.52000045776367,33.619998931884766,33.77000045776367,2480300.0,29.419124603271484
2009-03-25,34.52000045776367,33.58000183105469,34.04999923706055,34.34000015258789,3169100.0,29.91568946838379
2009-03-26,35.25,34.459999084472656,34.72999954223633,35.130001068115234,2483700.0,30.603910446166992
2009-03-27,34.97999954223633,34.0,34.849998474121094,34.25,1662300.0,29.83729362487793
2009-03-30,34.22999954223633,33.290000915527344,33.869998931884766,34.18000030517578,1947600.0,29.77629852294922
2009-03-31,35.119998931884766,33.9900016784668,34.59000015258789,34.72999954223633,2218100.0,30.255451202392578
2009-04-01,35.029998779296875,34.11000061035156,34.33000183105469,34.810001373291016,2583400.0,30.325145721435547
2009-04-02,35.90999984741211,35.040000915527344,35.400001525878906,35.33000183105469,2764200.0,30.77814483642578
2009-04-03,35.81999969482422,35.0099983215332,35.36000061035156,35.81999969482422,2077300.0,31.20500373840332
2009-04-06,35.84000015258789,35.20000076293945,35.68000030517578,35.779998779296875,1217700.0,31.170162200927734
2009-04-07,35.959999084472656,35.2400016784668,35.29999923706055,35.43000030517578,1859000.0,30.865262985229492
2009-04-08,36.189998626708984,35.400001525878906,35.5099983215332,36.150001525878906,1369700.0,31.492494583129883
2009-04-09,37.0,36.58000183105469,36.849998474121094,36.970001220703125,1409200.0,32.206851959228516
2009-04-13,37.099998474121094,36.25,36.7400016784668,36.810001373291016,1470200.0,32.06745147705078
2009-04-14,37.310001373291016,36.119998931884766,36.349998474121094,37.11000061035156,1982900.0,32.32881546020508
2009-04-15,37.61000061035156,36.939998626708984,37.060001373291016,37.38999938964844,2031600.0,32.572731018066406
2009-04-16,37.61000061035156,36.9900016784668,37.540000915527344,37.25,1649400.0,32.45076370239258
2009-04-17,37.939998626708984,37.099998474121094,37.43000030517578,37.66999816894531,1990100.0,32.81665802001953
2009-04-20,37.59000015258789,37.20000076293945,37.290000915527344,37.439998626708984,2270500.0,32.61629867553711
2009-04-21,37.4900016784668,37.0099983215332,37.400001525878906,37.4900016784668,1863900.0,32.65985107421875
2009-04-22,37.66999816894531,36.91999816894531,37.25,37.029998779296875,2349400.0,32.259117126464844
2009-04-23,37.290000915527344,36.77000045776367,37.029998779296875,37.099998474121094,2647500.0,32.32010269165039
2009-04-24,38.15999984741211,37.11000061035156,37.36000061035156,37.90999984741211,1700600.0,33.02574920654297
2009-04-27,38.20000076293945,37.349998474121094,37.540000915527344,37.40999984741211,2254000.0,32.59016418457031
2009-04-28,38.540000915527344,37.119998931884766,37.119998931884766,38.189998626708984,2219100.0,33.269657135009766
2009-04-29,39.209999084472656,38.380001068115234,38.439998626708984,38.95000076293945,1701600.0,33.93174362182617
2009-04-30,39.54999923706055,38.279998779296875,39.45000076293945,38.54999923706055,1888000.0,33.58327102661133
2009-05-01,38.54999923706055,37.7599983215332,38.47999954223633,38.099998474121094,1631400.0,33.19124984741211
2009-05-04,40.0,38.38999938964844,38.38999938964844,39.900001525878906,2590100.0,34.75934600830078
2009-05-05,39.83000183105469,39.38999938964844,39.81999969482422,39.56999969482422,1369100.0,34.47186279296875
2009-05-06,40.040000915527344,38.689998626708984,39.959999084472656,38.869998931884766,1867400.0,33.862056732177734
2009-05-07,39.13999938964844,38.369998931884766,39.0,38.619998931884766,2145900.0,33.64425277709961
2009-05-08,39.08000183105469,38.16999816894531,39.08000183105469,38.34000015258789,2112600.0,33.40034103393555
2009-05-11,38.25,37.630001068115234,37.9900016784668,37.779998779296875,2038500.0,32.912471771240234
2009-05-12,38.38999938964844,37.66999816894531,38.08000183105469,38.16999816894531,1427400.0,33.25224304199219
2009-05-13,37.810001373291016,36.470001220703125,37.810001373291016,36.619998931884766,2056100.0,31.901947021484375
2009-05-14,37.27000045776367,36.52000045776367,36.599998474121094,37.0,1744400.0,32.232975006103516
2009-05-15,36.689998626708984,36.0099983215332,36.369998931884766,36.2599983215332,2294300.0,31.588319778442383
2009-05-18,36.88999938964844,36.38999938964844,36.529998779296875,36.84000015258789,1736700.0,32.093589782714844
2009-05-19,37.02000045776367,36.459999084472656,36.779998779296875,36.58000183105469,2099200.0,31.86708641052246
2009-05-20,37.630001068115234,36.65999984741211,36.790000915527344,37.060001373291016,1711200.0,32.28525161743164
2009-05-21,36.970001220703125,36.439998626708984,36.70000076293945,36.70000076293945,1744600.0,31.971630096435547
2009-05-22,37.310001373291016,36.70000076293945,36.81999969482422,36.720001220703125,1087600.0,31.989063262939453
2009-05-26,37.7400016784668,36.36000061035156,36.38999938964844,37.66999816894531,1256900.0,32.81665802001953
2009-05-27,37.70000076293945,36.43000030517578,37.540000915527344,36.540000915527344,1656600.0,31.83225440979004
2009-05-28,36.97999954223633,36.25,36.84000015258789,36.709999084472656,1828900.0,31.980358123779297
2009-05-29,37.349998474121094,36.66999816894531,36.959999084472656,37.349998474121094,1757100.0,32.53789138793945
2009-06-01,38.68000030517578,37.63999938964844,37.7599983215332,38.54999923706055,1593500.0,33.58327102661133
2009-06-02,38.63999938964844,38.189998626708984,38.470001220703125,38.310001373291016,2213600.0,33.37420654296875
2009-06-03,38.36000061035156,37.41999816894531,38.02000045776367,37.779998779296875,2183500.0,32.912471771240234
2009-06-04,37.959999084472656,37.31999969482422,37.959999084472656,37.599998474121094,1845200.0,32.75566482543945
2009-06-05,38.150001525878906,37.130001068115234,38.040000915527344,37.400001525878906,2064600.0,32.581443786621094
2009-06-08,37.880001068115234,36.95000076293945,37.15999984741211,37.58000183105469,1827200.0,32.738258361816406
2009-06-09,38.529998779296875,37.41999816894531,37.83000183105469,38.349998474121094,1593600.0,33.409061431884766
2009-06-10,38.66999816894531,37.13999938964844,38.40999984741211,37.79999923706055,1941900.0,32.929893493652344
2009-06-11,38.709999084472656,37.939998626708984,37.939998626708984,38.41999816894531,1646300.0,33.47002410888672
2009-06-12,38.79999923706055,37.939998626708984,38.209999084472656,38.689998626708984,1602200.0,33.82851791381836
2009-06-15,38.470001220703125,37.95000076293945,38.349998474121094,38.13999938964844,1894100.0,33.347618103027344
2009-06-16,38.380001068115234,37.20000076293945,38.380001068115234,37.209999084472656,1901500.0,32.53447723388672
2009-06-17,38.470001220703125,36.959999084472656,37.09000015258789,38.2400016784668,3076400.0,33.435062408447266
2009-06-18,38.54999923706055,38.029998779296875,38.290000915527344,38.130001068115234,1534600.0,33.33888626098633
2009-06-19,38.52000045776367,37.65999984741211,38.400001525878906,37.810001373291016,1870300.0,33.059078216552734
2009-06-22,37.869998931884766,37.11000061035156,37.380001068115234,37.439998626708984,1740800.0,32.7355842590332
2009-06-23,37.56999969482422,37.06999969482422,37.4900016784668,37.43000030517578,1381000.0,32.726837158203125
2009-06-24,38.16999816894531,37.439998626708984,37.75,38.130001068115234,2247000.0,33.33888626098633
2009-06-25,39.470001220703125,37.7400016784668,38.0,39.439998626708984,2339400.0,34.484249114990234
2009-06-26,39.5,38.529998779296875,39.369998931884766,38.630001068115234,5178400.0,33.77605056762695
2009-06-29,39.189998626708984,38.599998474121094,38.869998931884766,39.060001373291016,1560400.0,34.15202331542969
2009-06-30,39.15999984741211,38.77000045776367,39.04999923706055,38.9900016784668,1656000.0,34.0908203125
2009-07-01,39.189998626708984,38.90999984741211,39.119998931884766,38.959999084472656,1438700.0,34.06458282470703
2009-07-02,38.61000061035156,38.060001373291016,38.61000061035156,38.22999954223633,1005300.0,33.42630386352539
2009-07-06,38.400001525878906,37.61000061035156,37.84000015258789,38.349998474121094,1180600.0,33.5312385559082
2009-07-07,38.52000045776367,37.54999923706055,38.029998779296875,37.61000061035156,1387100.0,32.88422393798828
2009-07-08,38.0,37.189998626708984,37.66999816894531,37.65999984741211,1376100.0,32.92793273925781
2009-07-09,38.09000015258789,37.08000183105469,37.779998779296875,37.18000030517578,1727700.0,32.50824737548828
2009-07-10,37.5099983215332,36.88999938964844,37.06999969482422,37.310001373291016,1035900.0,32.621910095214844
2009-07-13,38.04999923706055,37.029998779296875,37.34000015258789,38.04999923706055,1670300.0,33.26893615722656
2009-07-14,38.099998474121094,37.5,38.04999923706055,37.75,1593600.0,33.006622314453125
2009-07-15,38.369998931884766,37.65999984741211,38.130001068115234,37.91999816894531,3641800.0,33.15526580810547
2009-07-16,38.2400016784668,37.52000045776367,37.77000045776367,38.09000015258789,2742800.0,33.30390930175781
2009-07-17,38.34000015258789,37.849998474121094,38.0,38.209999084472656,1327800.0,33.408817291259766
2009-07-20,38.459999084472656,37.52000045776367,38.459999084472656,38.369998931884766,1849500.0,33.54872131347656
2009-07-21,38.970001220703125,37.650001525878906,38.720001220703125,38.16999816894531,2283900.0,33.37385177612305
2009-07-22,38.540000915527344,37.86000061035156,37.869998931884766,38.47999954223633,1320900.0,33.644893646240234
2009-07-23,39.47999954223633,38.25,38.349998474121094,39.38999938964844,1696000.0,34.44057083129883
2009-07-24,40.11000061035156,38.790000915527344,39.150001525878906,40.099998474121094,1825900.0,35.06134033203125
2009-07-27,40.47999954223633,39.95000076293945,40.209999084472656,40.41999816894531,1916900.0,35.34113311767578
2009-07-28,40.060001373291016,39.279998779296875,39.81999969482422,40.040000915527344,1948300.0,35.00887680053711
2009-07-29,41.060001373291016,40.130001068115234,40.47999954223633,40.900001525878906,1556600.0,35.76081848144531
2009-07-30,41.7599983215332,41.13999938964844,41.25,41.29999923706055,1295200.0,36.11055374145508
2009-07-31,41.84000015258789,41.13999938964844,41.38999938964844,41.5099983215332,1200400.0,36.29417037963867
2009-08-03,42.63999938964844,41.47999954223633,41.68000030517578,42.59000015258789,1805300.0,37.238460540771484
2009-08-04,42.59000015258789,42.0099983215332,42.45000076293945,42.290000915527344,1397200.0,36.976165771484375
2009-08-05,42.31999969482422,41.68000030517578,42.22999954223633,41.97999954223633,1403300.0,36.70511245727539
2009-08-06,42.38999938964844,41.66999816894531,42.20000076293945,41.869998931884766,1695600.0,36.60894775390625
2009-08-07,42.43000030517578,41.84000015258789,42.11000061035156,42.0099983215332,1493400.0,36.73134994506836
2009-08-10,41.95000076293945,41.619998931884766,41.75,41.880001068115234,1203900.0,36.617679595947266
2009-08-11,41.970001220703125,41.45000076293945,41.630001068115234,41.83000183105469,1019600.0,36.5739631652832
2009-08-12,42.22999954223633,41.58000183105469,41.599998474121094,41.880001068115234,1902300.0,36.617679595947266
2009-08-13,42.54999923706055,41.66999816894531,42.130001068115234,42.27000045776367,1124600.0,36.95866012573242
2009-08-14,42.38999938964844,41.380001068115234,42.189998626708984,42.06999969482422,1156200.0,36.783817291259766
2009-08-17,41.77000045776367,41.09000015258789,41.369998931884766,41.61000061035156,1836100.0,36.38161849975586
2009-08-18,42.380001068115234,41.61000061035156,41.70000076293945,42.310001373291016,1577400.0,36.99365234375
2009-08-19,43.189998626708984,41.650001525878906,41.79999923706055,42.880001068115234,1818300.0,37.492034912109375
2009-08-20,43.119998931884766,42.290000915527344,42.88999938964844,42.470001220703125,1431300.0,37.133548736572266
2009-08-21,43.099998474121094,42.54999923706055,42.83000183105469,42.97999954223633,2357300.0,37.5794563293457
2009-08-24,43.099998474121094,42.25,43.029998779296875,42.290000915527344,1462500.0,36.976165771484375
2009-08-25,42.68000030517578,41.91999816894531,42.66999816894531,42.0,1762500.0,36.72260284423828
2009-08-26,42.119998931884766,41.75,42.0,41.959999084472656,1520400.0,36.687625885009766
2009-08-27,42.290000915527344,41.75,41.88999938964844,41.97999954223633,2246900.0,36.70511245727539
2009-08-28,42.36000061035156,41.540000915527344,42.18000030517578,42.060001373291016,1963000.0,36.77505874633789
2009-08-31,42.40999984741211,41.630001068115234,41.709999084472656,42.290000915527344,1950000.0,36.976165771484375
2009-09-01,42.68000030517578,41.869998931884766,42.04999923706055,42.0099983215332,2309200.0,36.73134994506836
2009-09-02,42.70000076293945,41.900001525878906,41.900001525878906,42.43000030517578,2443600.0,37.09857177734375
2009-09-03,42.810001373291016,42.27000045776367,42.70000076293945,42.58000183105469,2000800.0,37.22971725463867
2009-09-04,42.779998779296875,42.279998779296875,42.43000030517578,42.779998779296875,1285100.0,37.40460205078125
2009-09-08,43.290000915527344,42.779998779296875,43.0099983215332,43.2400016784668,2066100.0,37.80680465698242
2009-09-09,43.689998626708984,42.86000061035156,43.029998779296875,43.66999816894531,2131400.0,38.182769775390625
2009-09-10,44.380001068115234,43.13999938964844,43.939998626708984,44.380001068115234,2176300.0,38.803550720214844
2009-09-11,44.7599983215332,43.900001525878906,44.459999084472656,44.0,2313800.0,38.593040466308594
2009-09-14,45.9900016784668,43.79999923706055,43.79999923706055,45.88999938964844,4154500.0,40.25079345703125
2009-09-15,46.29999923706055,45.38999938964844,45.88999938964844,46.11000061035156,3693400.0,40.44375991821289
2009-09-16,47.470001220703125,45.959999084472656,46.27000045776367,47.31999969482422,3610400.0,41.50506591796875
2009-09-17,47.529998779296875,46.68000030517578,47.119998931884766,47.47999954223633,4453200.0,41.645408630371094
2009-09-18,47.880001068115234,46.720001220703125,47.4900016784668,47.04999923706055,13183700.0,41.268245697021484
2009-09-21,47.20000076293945,46.38999938964844,46.7599983215332,46.66999816894531,3150200.0,40.934932708740234
2009-09-22,47.02000045776367,46.060001373291016,46.93000030517578,46.33000183105469,2406400.0,40.63672637939453
2009-09-23,46.56999969482422,45.79999923706055,46.119998931884766,45.79999923706055,2668800.0,40.17184066772461
2009-09-24,46.41999816894531,45.70000076293945,45.959999084472656,45.90999984741211,1941300.0,40.268333435058594
2009-09-25,46.0099983215332,45.279998779296875,45.86000061035156,45.79999923706055,2010700.0,40.17184066772461
2009-09-28,46.540000915527344,45.86000061035156,45.90999984741211,46.38999938964844,994400.0,40.68935775756836
2009-09-29,46.63999938964844,45.86000061035156,46.22999954223633,45.88999938964844,1097300.0,40.25079345703125
2009-09-30,46.869998931884766,45.84000015258789,46.0,46.22999954223633,2135300.0,40.54899978637695
2009-10-01,46.2599983215332,45.150001525878906,46.2599983215332,45.16999816894531,2116000.0,39.6192741394043
2009-10-02,45.38999938964844,44.79999923706055,45.040000915527344,44.900001525878906,1941500.0,39.382442474365234
2009-10-05,45.439998626708984,44.7599983215332,44.900001525878906,45.43000030517578,1333400.0,39.847320556640625
2009-10-06,46.119998931884766,45.470001220703125,45.95000076293945,45.86000061035156,1013600.0,40.2244873046875
2009-10-07,45.95000076293945,45.220001220703125,45.81999969482422,45.4900016784668,1268400.0,39.899940490722656
2009-10-08,46.43000030517578,45.869998931884766,45.900001525878906,46.02000045776367,1431300.0,40.36481857299805
2009-10-09,46.279998779296875,45.56999969482422,46.09000015258789,45.939998626708984,1760800.0,40.29464340209961
2009-10-12,46.5099983215332,45.900001525878906,46.029998779296875,46.119998931884766,966600.0,40.45253372192383
2009-10-13,46.27000045776367,45.790000915527344,45.93000030517578,46.11000061035156,880300.0,40.44375991821289
2009-10-14,46.75,46.09000015258789,46.75,46.56999969482422,1191900.0,40.847225189208984
2009-10-15,46.599998474121094,46.04999923706055,46.400001525878906,46.380001068115234,1227200.0,40.680580139160156
2009-10-16,46.619998931884766,46.119998931884766,46.189998626708984,46.290000915527344,1621100.0,40.60163879394531
2009-10-19,46.79999923706055,46.150001525878906,46.34000015258789,46.58000183105469,908800.0,40.855995178222656
2009-10-20,46.43000030517578,45.90999984741211,46.369998931884766,46.16999816894531,1215900.0,40.49638366699219
2009-10-21,46.83000183105469,45.72999954223633,46.119998931884766,45.869998931884766,1278900.0,40.23325729370117
2009-10-22,46.59000015258789,45.779998779296875,45.88999938964844,46.33000183105469,957300.0,40.63672637939453
2009-10-23,46.400001525878906,45.70000076293945,46.220001220703125,46.099998474121094,1613200.0,40.43498229980469
2009-10-26,46.88999938964844,45.619998931884766,46.150001525878906,45.93000030517578,1600700.0,40.2858772277832
2009-10-27,46.790000915527344,44.650001525878906,46.63999938964844,44.95000076293945,2378700.0,39.426300048828125
2009-10-28,45.16999816894531,44.060001373291016,44.7599983215332,44.150001525878906,2111200.0,38.724609375
2009-10-29,44.91999816894531,44.130001068115234,44.560001373291016,44.7599983215332,1849400.0,39.259647369384766
2009-10-30,44.97999954223633,43.849998474121094,44.65999984741211,43.959999084472656,1761700.0,38.557952880859375
2009-11-02,44.52000045776367,43.38999938964844,44.150001525878906,44.04999923706055,1479000.0,38.636898040771484
2009-11-03,44.7599983215332,43.63999938964844,43.709999084472656,44.5099983215332,2058400.0,39.040382385253906
2009-11-04,45.0,44.2599983215332,44.52000045776367,44.33000183105469,1490900.0,38.882484436035156
2009-11-05,45.209999084472656,44.47999954223633,44.630001068115234,45.13999938964844,1085200.0,39.59295654296875
2009-11-06,45.369998931884766,44.619998931884766,44.849998474121094,45.18000030517578,1083800.0,39.62803649902344
2009-11-09,46.13999938964844,45.41999816894531,45.45000076293945,46.13999938964844,1045600.0,40.47007369995117
2009-11-10,46.540000915527344,46.0,46.11000061035156,46.380001068115234,927500.0,40.680580139160156
2009-11-11,46.849998474121094,46.09000015258789,46.68000030517578,46.2400016784668,1075900.0,40.55778503417969
2009-11-12,46.369998931884766,45.40999984741211,46.06999969482422,45.540000915527344,1277900.0,39.94380569458008
2009-11-13,46.31999969482422,45.5,45.65999984741211,45.93000030517578,1108200.0,40.2858772277832
2009-11-16,46.16999816894531,45.810001373291016,46.06999969482422,46.150001525878906,1607600.0,40.478843688964844
2009-11-17,46.380001068115234,46.0,46.15999984741211,46.36000061035156,1108400.0,40.66303634643555
2009-11-18,46.40999984741211,45.7599983215332,46.31999969482422,45.959999084472656,882500.0,40.31218719482422
2009-11-19,45.68000030517578,45.04999923706055,45.619998931884766,45.290000915527344,983000.0,39.72453308105469
2009-11-20,45.41999816894531,44.95000076293945,45.15999984741211,45.290000915527344,1052200.0,39.72453308105469
2009-11-23,46.09000015258789,45.380001068115234,45.439998626708984,45.63999938964844,757500.0,40.03150939941406
2009-11-24,45.75,44.91999816894531,45.75,45.099998474121094,976500.0,39.557865142822266
2009-11-25,45.5,44.869998931884766,45.119998931884766,45.290000915527344,943600.0,39.72453308105469
2009-11-27,44.88999938964844,44.130001068115234,44.40999984741211,44.45000076293945,488500.0,38.987754821777344
2009-11-30,44.939998626708984,44.119998931884766,44.5,44.90999984741211,1090900.0,39.39121627807617
2009-12-01,45.54999923706055,45.08000183105469,45.15999984741211,45.47999954223633,1336600.0,39.89116668701172
2009-12-02,45.88999938964844,45.439998626708984,45.56999969482422,45.790000915527344,902700.0,40.163089752197266
2009-12-03,46.060001373291016,45.06999969482422,45.709999084472656,45.099998474121094,931600.0,39.557865142822266
2009-12-04,46.099998474121094,44.9900016784668,45.61000061035156,45.209999084472656,1348300.0,39.65435028076172
2009-12-07,45.349998474121094,44.59000015258789,45.2599983215332,44.91999816894531,1048900.0,39.399986267089844
2009-12-08,44.880001068115234,44.290000915527344,44.59000015258789,44.5,1048400.0,39.03160858154297
2009-12-09,45.11000061035156,44.22999954223633,44.61000061035156,45.06999969482422,844700.0,39.531558990478516
2009-12-10,45.65999984741211,45.29999923706055,45.29999923706055,45.54999923706055,990700.0,39.95256423950195
2009-12-11,45.91999816894531,44.83000183105469,45.70000076293945,45.16999816894531,876600.0,39.75455093383789
2009-12-14,45.65999984741211,45.06999969482422,45.290000915527344,45.40999984741211,734600.0,39.965763092041016
2009-12-15,45.4900016784668,44.900001525878906,45.45000076293945,45.0,1014200.0,39.60493850708008
2009-12-16,45.5,44.90999984741211,45.13999938964844,45.310001373291016,1145200.0,39.87775421142578
2009-12-17,45.09000015258789,44.630001068115234,44.93000030517578,44.720001220703125,893400.0,39.358489990234375
2009-12-18,44.97999954223633,44.2599983215332,44.900001525878906,44.709999084472656,1671500.0,39.349693298339844
2009-12-21,45.099998474121094,44.630001068115234,44.720001220703125,44.81999969482422,770300.0,39.446510314941406
2009-12-22,45.119998931884766,44.650001525878906,44.849998474121094,44.720001220703125,1104500.0,39.358489990234375
2009-12-23,45.11000061035156,44.56999969482422,44.84000015258789,44.880001068115234,802100.0,39.49931716918945
2009-12-24,45.220001220703125,44.93000030517578,45.060001373291016,45.220001220703125,426200.0,39.79854965209961
2009-12-28,45.369998931884766,44.9900016784668,45.369998931884766,45.220001220703125,574200.0,39.79854965209961
2009-12-29,45.4900016784668,45.150001525878906,45.34000015258789,45.349998474121094,411000.0,39.91295623779297
2009-12-30,45.369998931884766,45.0099983215332,45.13999938964844,45.209999084472656,473200.0,39.78974151611328
2009-12-31,45.2400016784668,44.560001373291016,45.209999084472656,44.58000183105469,471900.0,39.23527526855469
2010-01-04,45.34000015258789,44.86000061035156,45.029998779296875,45.25,1009500.0,39.8249626159668
2010-01-05,45.13999938964844,44.310001373291016,45.119998931884766,44.560001373291016,1098400.0,39.21765899658203
2010-01-06,44.849998474121094,44.150001525878906,44.529998779296875,44.43000030517578,1479700.0,39.103275299072266
2010-01-07,45.0099983215332,44.029998779296875,44.52000045776367,44.90999984741211,1350100.0,39.52571105957031
2010-01-08,45.349998474121094,44.619998931884766,44.72999954223633,45.290000915527344,1694600.0,39.86016845703125
2010-01-11,46.369998931884766,45.43000030517578,45.4900016784668,46.279998779296875,1588600.0,40.731449127197266
2010-01-12,46.4900016784668,45.790000915527344,46.029998779296875,46.43000030517578,1786000.0,40.86348342895508
2010-01-13,47.09000015258789,46.310001373291016,46.310001373291016,47.060001373291016,1468700.0,41.4179573059082
2010-01-14,46.970001220703125,46.189998626708984,46.84000015258789,46.38999938964844,1137600.0,40.82828140258789
2010-01-15,46.70000076293945,45.869998931884766,46.34000015258789,46.13999938964844,983000.0,40.60825729370117
2010-01-19,46.939998626708984,46.13999938964844,46.15999984741211,46.91999816894531,1042300.0,41.29473114013672
2010-01-20,47.400001525878906,46.459999084472656,46.529998779296875,47.099998474121094,1933200.0,41.453155517578125
2010-01-21,47.25,45.779998779296875,47.11000061035156,45.810001373291016,2186200.0,40.31782913208008
2010-01-22,45.900001525878906,44.84000015258789,45.68000030517578,44.869998931884766,1573200.0,39.49052047729492
2010-01-25,45.4900016784668,45.0099983215332,45.16999816894531,45.06999969482422,869200.0,39.66653823852539
2010-01-26,45.27000045776367,44.400001525878906,44.90999984741211,44.5099983215332,1151400.0,39.173683166503906
2010-01-27,44.90999984741211,44.15999984741211,44.720001220703125,44.650001525878906,1212800.0,39.296897888183594
2010-01-28,44.849998474121094,43.88999938964844,44.84000015258789,43.900001525878906,1738200.0,38.636802673339844
2010-01-29,44.869998931884766,43.86000061035156,44.29999923706055,43.900001525878906,1957100.0,38.636802673339844
2010-02-01,44.38999938964844,43.84000015258789,44.06999969482422,44.369998931884766,1285900.0,39.050453186035156
2010-02-02,44.7599983215332,44.08000183105469,44.400001525878906,44.68000030517578,1308200.0,39.32328796386719
2010-02-03,44.869998931884766,44.220001220703125,44.45000076293945,44.52000045776367,1188800.0,39.18246841430664
2010-02-04,44.310001373291016,43.13999938964844,44.13999938964844,43.15999984741211,1961400.0,37.98553466796875
2010-02-05,43.650001525878906,42.150001525878906,43.18000030517578,43.369998931884766,2798900.0,38.170345306396484
2010-02-08,44.349998474121094,43.0099983215332,43.45000076293945,43.52000045776367,1898500.0,38.302371978759766
2010-02-09,44.560001373291016,43.68000030517578,44.02000045776367,44.15999984741211,1574900.0,38.86564254760742
2010-02-10,44.27000045776367,43.56999969482422,43.9900016784668,43.779998779296875,2042000.0,38.53118896484375
2010-02-11,42.86000061035156,41.13999938964844,42.38999938964844,41.33000183105469,6666000.0,36.37491226196289
2010-02-12,41.880001068115234,40.65999984741211,41.150001525878906,41.790000915527344,3400100.0,36.77977752685547
2010-02-16,42.400001525878906,41.65999984741211,42.11000061035156,42.380001068115234,2233800.0,37.29903030395508
2010-02-17,42.619998931884766,42.09000015258789,42.25,42.36000061035156,2671200.0,37.28144454956055
2010-02-18,42.84000015258789,42.290000915527344,42.29999923706055,42.720001220703125,1416300.0,37.59827423095703
2010-02-19,42.81999969482422,42.34000015258789,42.5,42.56999969482422,1704600.0,37.466251373291016
2010-02-22,42.75,42.04999923706055,42.59000015258789,42.119998931884766,1852500.0,37.07021713256836
2010-02-23,42.150001525878906,41.4900016784668,42.0099983215332,41.58000183105469,2221900.0,36.594947814941406
2010-02-24,42.119998931884766,41.56999969482422,41.869998931884766,42.0099983215332,1778800.0,36.9734001159668
2010-02-25,42.15999984741211,41.02000045776367,41.459999084472656,42.15999984741211,3252300.0,37.10541534423828
2010-02-26,42.5099983215332,41.97999954223633,41.97999954223633,42.13999938964844,2149800.0,37.08781051635742
2010-03-01,42.52000045776367,41.869998931884766,42.439998626708984,42.36000061035156,2512300.0,37.28144454956055
2010-03-02,42.63999938964844,42.060001373291016,42.36000061035156,42.20000076293945,2603000.0,37.140625
2010-03-03,42.86000061035156,42.209999084472656,42.209999084472656,42.66999816894531,2211100.0,37.55427169799805
2010-03-04,42.900001525878906,42.52000045776367,42.66999816894531,42.68000030517578,2002200.0,37.563072204589844
2010-03-05,43.22999954223633,42.56999969482422,42.77000045776367,43.099998474121094,1607900.0,38.07098388671875
2010-03-08,43.11000061035156,42.599998474121094,43.09000015258789,42.70000076293945,1970100.0,37.717647552490234
2010-03-09,42.84000015258789,42.36000061035156,42.630001068115234,42.54999923706055,1616800.0,37.58515167236328
2010-03-10,42.720001220703125,42.060001373291016,42.439998626708984,42.58000183105469,1939900.0,37.61166000366211
2010-03-11,42.70000076293945,42.11000061035156,42.380001068115234,42.70000076293945,1216800.0,37.717647552490234
2010-03-12,43.88999938964844,42.779998779296875,42.779998779296875,43.619998931884766,3008400.0,38.53030776977539
2010-03-15,43.72999954223633,43.16999816894531,43.47999954223633,43.529998779296875,1324500.0,38.4507942199707
2010-03-16,43.7400016784668,43.290000915527344,43.290000915527344,43.709999084472656,1230800.0,38.609798431396484
2010-03-17,43.900001525878906,43.400001525878906,43.84000015258789,43.599998474121094,2013100.0,38.51264953613281
2010-03-18,43.65999984741211,43.13999938964844,43.630001068115234,43.13999938964844,2571000.0,38.10631561279297
2010-03-19,43.470001220703125,43.0,43.189998626708984,43.189998626708984,2327500.0,38.15047073364258
2010-03-22,43.4900016784668,43.029998779296875,43.06999969482422,43.38999938964844,1306400.0,38.3271369934082
2010-03-23,43.5099983215332,43.02000045776367,43.400001525878906,43.41999816894531,2014300.0,38.35362243652344
2010-03-24,43.58000183105469,43.13999938964844,43.34000015258789,43.290000915527344,1830000.0,38.23881912231445
2010-03-25,43.599998474121094,43.08000183105469,43.599998474121094,43.099998474121094,1931100.0,38.07098388671875
2010-03-26,43.630001068115234,43.08000183105469,43.13999938964844,43.4900016784668,1609700.0,38.41548538208008
2010-03-29,43.84000015258789,43.369998931884766,43.540000915527344,43.630001068115234,1407600.0,38.539127349853516
2010-03-30,44.04999923706055,43.650001525878906,43.709999084472656,43.900001525878906,1422400.0,38.77764129638672
2010-03-31,44.27000045776367,43.61000061035156,43.61000061035156,43.95000076293945,1765200.0,38.82180404663086
2010-04-01,44.529998779296875,44.099998474121094,44.099998474121094,44.43000030517578,1440400.0,39.245792388916016
2010-04-05,44.709999084472656,44.290000915527344,44.43000030517578,44.560001373291016,1336200.0,39.36061096191406
2010-04-06,44.599998474121094,44.15999984741211,44.220001220703125,44.560001373291016,1586000.0,39.36061096191406
2010-04-07,44.83000183105469,44.36000061035156,44.54999923706055,44.70000076293945,2616600.0,39.48429489135742
2010-04-08,44.810001373291016,44.33000183105469,44.540000915527344,44.400001525878906,3262800.0,39.21928405761719
2010-04-09,45.02000045776367,44.439998626708984,44.54999923706055,45.02000045776367,1507400.0,39.76694107055664
2010-04-12,45.209999084472656,44.81999969482422,45.0,45.0,1683800.0,39.74928283691406
2010-04-13,45.20000076293945,45.0,45.0099983215332,45.119998931884766,1295900.0,39.855255126953125
2010-04-14,45.40999984741211,45.0,45.150001525878906,45.310001373291016,2087600.0,40.02312088012695
2010-04-15,45.45000076293945,45.02000045776367,45.20000076293945,45.40999984741211,1666300.0,40.111446380615234
2010-04-16,45.470001220703125,44.83000183105469,45.25,45.279998779296875,2246100.0,39.996612548828125
2010-04-19,45.56999969482422,44.869998931884766,45.119998931884766,45.5099983215332,1453600.0,40.19978332519531
2010-04-20,45.9900016784668,45.52000045776367,45.70000076293945,45.95000076293945,1388700.0,40.588436126708984
2010-04-21,46.5,45.79999923706055,45.880001068115234,46.380001068115234,2426300.0,40.968257904052734
2010-04-22,46.900001525878906,46.279998779296875,46.29999923706055,46.900001525878906,2635600.0,41.427589416503906
2010-04-23,47.70000076293945,46.630001068115234,46.84000015258789,47.619998931884766,2610300.0,42.06357192993164
2010-04-26,47.9900016784668,47.52000045776367,47.689998626708984,47.709999084472656,2989100.0,42.1430778503418
2010-04-27,47.83000183105469,46.81999969482422,47.599998474121094,46.93000030517578,2444600.0,41.45407485961914
2010-04-28,47.66999816894531,47.060001373291016,47.220001220703125,47.459999084472656,2135600.0,41.9222297668457
2010-04-29,49.0,47.689998626708984,47.810001373291016,49.0,2986600.0,43.282554626464844
2010-04-30,49.15999984741211,48.79999923706055,49.099998474121094,48.84000015258789,2460600.0,43.141231536865234
2010-05-03,49.70000076293945,48.970001220703125,49.34000015258789,49.34000015258789,2467300.0,43.582881927490234
2010-05-04,49.09000015258789,48.22999954223633,49.0,48.59000015258789,2608200.0,42.92038345336914
2010-05-05,48.7599983215332,47.939998626708984,48.060001373291016,48.59000015258789,3204100.0,42.92038345336914
2010-05-06,48.63999938964844,46.310001373291016,48.380001068115234,47.5,4210100.0,41.957576751708984
2010-05-07,48.279998779296875,47.119998931884766,47.54999923706055,47.7400016784668,4689300.0,42.16957092285156
2010-05-10,49.470001220703125,48.41999816894531,49.18000030517578,49.029998779296875,3235900.0,43.30905532836914
2010-05-11,49.2599983215332,48.2400016784668,48.54999923706055,48.849998474121094,2361400.0,43.150054931640625
2010-05-12,49.0,48.279998779296875,48.90999984741211,48.5099983215332,3392400.0,42.849727630615234
2010-05-13,48.59000015258789,48.040000915527344,48.5099983215332,48.099998474121094,1978700.0,42.4875602722168
2010-05-14,48.029998779296875,47.2400016784668,47.720001220703125,47.47999954223633,2394700.0,41.939910888671875
2010-05-17,48.02000045776367,47.099998474121094,47.619998931884766,47.88999938964844,2385400.0,42.30207443237305
2010-05-18,48.61000061035156,47.63999938964844,48.150001525878906,47.65999984741211,2032200.0,42.09889602661133
2010-05-19,47.779998779296875,47.0,47.58000183105469,47.4900016784668,2431700.0,41.94873809814453
2010-05-20,46.7599983215332,45.54999923706055,46.58000183105469,45.54999923706055,3814800.0,40.235103607177734
2010-05-21,46.650001525878906,45.0,45.0099983215332,46.650001525878906,3845000.0,41.20675277709961
2010-05-24,46.70000076293945,46.04999923706055,46.5,46.04999923706055,2196500.0,40.676761627197266
2010-05-25,46.599998474121094,44.939998626708984,45.11000061035156,46.599998474121094,3692600.0,41.1625862121582
2010-05-26,47.099998474121094,46.06999969482422,46.689998626708984,46.18000030517578,2154500.0,40.791603088378906
2010-05-27,47.529998779296875,46.630001068115234,46.83000183105469,47.52000045776367,1499600.0,41.97525405883789
2010-05-28,47.63999938964844,46.9900016784668,47.349998474121094,47.22999954223633,1608500.0,41.719085693359375
2010-06-01,47.66999816894531,46.650001525878906,46.97999954223633,46.650001525878906,1768600.0,41.20675277709961
2010-06-02,47.59000015258789,46.599998474121094,46.939998626708984,47.59000015258789,1546300.0,42.03708267211914
2010-06-03,47.869998931884766,47.20000076293945,47.68000030517578,47.63999938964844,1645300.0,42.08123779296875
2010-06-04,47.11000061035156,46.11000061035156,46.79999923706055,46.189998626708984,2297600.0,40.80043029785156
2010-06-07,46.439998626708984,45.400001525878906,46.040000915527344,45.43000030517578,3184600.0,40.12910461425781
2010-06-08,45.900001525878906,45.189998626708984,45.58000183105469,45.88999938964844,3603300.0,40.535423278808594
2010-06-09,46.47999954223633,45.36000061035156,46.060001373291016,45.52000045776367,2556000.0,40.2086181640625
2010-06-10,46.709999084472656,45.93000030517578,46.09000015258789,46.470001220703125,3500600.0,41.047760009765625
2010-06-11,46.459999084472656,45.099998474121094,46.0,46.439998626708984,2739400.0,41.158538818359375
2010-06-14,46.869998931884766,45.91999816894531,46.83000183105469,45.97999954223633,2548100.0,40.750858306884766
2010-06-15,47.25,46.0,46.130001068115234,47.209999084472656,2485100.0,41.84096908569336
2010-06-16,47.33000183105469,46.91999816894531,47.0,47.04999923706055,1167100.0,41.69916915893555
2010-06-17,47.40999984741211,46.630001068115234,47.290000915527344,47.25,1577100.0,41.87642288208008
2010-06-18,47.40999984741211,46.91999816894531,47.40999984741211,47.0,2090800.0,41.65485382080078
2010-06-21,47.650001525878906,46.5099983215332,47.400001525878906,46.97999954223633,1976900.0,41.63713455200195
2010-06-22,47.59000015258789,46.599998474121094,46.849998474121094,46.619998931884766,2468400.0,41.318084716796875
2010-06-23,46.91999816894531,46.279998779296875,46.58000183105469,46.619998931884766,1942700.0,41.318084716796875
2010-06-24,46.720001220703125,45.61000061035156,46.380001068115234,45.65999984741211,1676800.0,40.467247009277344
2010-06-25,46.04999923706055,45.369998931884766,45.689998626708984,45.66999816894531,2713100.0,40.476112365722656
2010-06-28,45.970001220703125,45.18000030517578,45.83000183105469,45.58000183105469,1714400.0,40.39635467529297
2010-06-29,45.33000183105469,44.52000045776367,44.900001525878906,45.060001373291016,2763000.0,39.93550109863281
2010-06-30,45.84000015258789,44.869998931884766,44.91999816894531,44.90999984741211,2831500.0,39.802547454833984
2010-07-01,45.2599983215332,44.689998626708984,44.79999923706055,45.09000015258789,3459700.0,39.96207046508789
2010-07-02,45.349998474121094,44.65999984741211,45.09000015258789,44.91999816894531,2532800.0,39.811405181884766
2010-07-06,45.619998931884766,44.869998931884766,45.52000045776367,45.25,2032300.0,40.103878021240234
2010-07-07,47.06999969482422,45.31999969482422,45.34000015258789,47.060001373291016,2400400.0,41.70802688598633
2010-07-08,47.66999816894531,46.939998626708984,47.400001525878906,47.630001068115234,1710600.0,42.213199615478516
2010-07-09,47.9900016784668,47.45000076293945,47.4900016784668,47.86000061035156,1339800.0,42.417057037353516
2010-07-12,47.83000183105469,47.220001220703125,47.720001220703125,47.380001068115234,1470300.0,41.99163818359375
2010-07-13,48.650001525878906,47.439998626708984,47.849998474121094,48.52000045776367,1582900.0,43.00199508666992
2010-07-14,48.38999938964844,47.810001373291016,48.189998626708984,48.189998626708984,2029600.0,42.70953369140625
2010-07-15,48.54999923706055,47.84000015258789,48.22999954223633,48.45000076293945,1425100.0,42.939964294433594
2010-07-16,48.31999969482422,47.470001220703125,48.150001525878906,47.56999969482422,1534200.0,42.16001510620117
2010-07-19,48.130001068115234,47.38999938964844,47.77000045776367,48.060001373291016,1674600.0,42.59430694580078
2010-07-20,49.09000015258789,47.689998626708984,47.7400016784668,49.09000015258789,2247000.0,43.50717544555664
2010-07-21,49.25,47.77000045776367,49.25,48.15999984741211,2035800.0,42.68293380737305
2010-07-22,48.869998931884766,48.209999084472656,48.459999084472656,48.400001525878906,2703100.0,42.8956298828125
2010-07-23,49.27000045776367,48.34000015258789,48.40999984741211,49.27000045776367,1882900.0,43.66669845581055
2010-07-26,49.77000045776367,49.31999969482422,49.38999938964844,49.77000045776367,1710100.0,44.109840393066406
2010-07-27,48.4900016784668,46.04999923706055,46.27000045776367,48.349998474121094,4552200.0,42.85133743286133
2010-07-28,48.95000076293945,48.040000915527344,48.33000183105469,48.86000061035156,2218000.0,43.3033332824707
2010-07-29,49.290000915527344,48.5,49.22999954223633,48.880001068115234,3441200.0,43.32106018066406
2010-07-30,49.09000015258789,48.52000045776367,48.619998931884766,48.90999984741211,2569200.0,43.34763717651367
2010-08-02,49.38999938964844,48.88999938964844,49.33000183105469,49.130001068115234,1920600.0,43.54261016845703
2010-08-03,49.13999938964844,48.75,49.0099983215332,48.790000915527344,1538200.0,43.24128723144531
2010-08-04,49.529998779296875,48.79999923706055,48.90999984741211,49.5,1619600.0,43.87055206298828
2010-08-05,49.40999984741211,49.099998474121094,49.290000915527344,49.349998474121094,1309900.0,43.73760223388672
2010-08-06,49.310001373291016,48.63999938964844,49.06999969482422,49.16999816894531,1221600.0,43.57807540893555
2010-08-09,49.43000030517578,49.130001068115234,49.2599983215332,49.349998474121094,959300.0,43.73760223388672
2010-08-10,49.189998626708984,48.52000045776367,48.72999954223633,48.959999084472656,1206300.0,43.39195251464844
2010-08-11,48.56999969482422,47.86000061035156,48.529998779296875,47.869998931884766,1330700.0,42.42592239379883
2010-08-12,48.279998779296875,47.45000076293945,47.619998931884766,48.040000915527344,1625900.0,42.57658386230469
2010-08-13,48.029998779296875,47.59000015258789,47.84000015258789,47.70000076293945,938600.0,42.27524948120117
2010-08-16,47.91999816894531,47.31999969482422,47.47999954223633,47.72999954223633,971700.0,42.301841735839844
2010-08-17,48.59000015258789,47.880001068115234,48.13999938964844,48.380001068115234,1557400.0,42.87791061401367
2010-08-18,48.22999954223633,47.88999938964844,48.22999954223633,48.04999923706055,1225200.0,42.58544921875
2010-08-19,47.84000015258789,46.9900016784668,47.84000015258789,47.09000015258789,1362900.0,41.73461151123047
2010-08-20,47.47999954223633,46.70000076293945,46.70000076293945,47.45000076293945,1357800.0,42.053672790527344
2010-08-23,47.66999816894531,46.709999084472656,47.65999984741211,46.720001220703125,1439000.0,41.406700134277344
2010-08-24,46.790000915527344,46.06999969482422,46.290000915527344,46.439998626708984,1443200.0,41.158538818359375
2010-08-25,46.75,46.16999816894531,46.40999984741211,46.560001373291016,2035000.0,41.264892578125
2010-08-26,46.880001068115234,46.380001068115234,46.68000030517578,46.5,1311900.0,41.21171188354492
2010-08-27,47.630001068115234,46.36000061035156,46.7599983215332,47.619998931884766,1318700.0,42.204341888427734
2010-08-30,47.56999969482422,47.04999923706055,47.439998626708984,47.15999984741211,951600.0,41.796661376953125
2010-08-31,47.56999969482422,46.630001068115234,47.02000045776367,47.400001525878906,1470300.0,42.009368896484375
2010-09-01,48.779998779296875,47.79999923706055,48.029998779296875,48.61000061035156,1786400.0,43.08176040649414
2010-09-02,49.150001525878906,48.5099983215332,48.790000915527344,49.150001525878906,941600.0,43.560340881347656
2010-09-03,49.47999954223633,49.0099983215332,49.29999923706055,49.40999984741211,1305300.0,43.79077911376953
2010-09-07,49.189998626708984,48.65999984741211,48.93000030517578,48.689998626708984,1115500.0,43.15266799926758
2010-09-08,49.290000915527344,48.70000076293945,48.83000183105469,49.060001373291016,1215500.0,43.480587005615234
2010-09-09,49.5,49.040000915527344,49.5,49.189998626708984,920900.0,43.595802307128906
2010-09-10,49.5,48.720001220703125,49.29999923706055,48.790000915527344,1558000.0,43.24128723144531
2010-09-13,49.310001373291016,48.939998626708984,49.130001068115234,49.099998474121094,1423100.0,43.51604080200195
2010-09-14,49.75,49.029998779296875,49.040000915527344,49.540000915527344,1285400.0,43.90599060058594
2010-09-15,49.93000030517578,49.25,49.400001525878906,49.88999938964844,1533400.0,44.2161750793457
2010-09-16,50.31999969482422,49.5,49.66999816894531,50.150001525878906,1482300.0,44.446632385253906
2010-09-17,50.31999969482422,49.689998626708984,49.970001220703125,50.15999984741211,1566800.0,44.59330749511719
2010-09-20,50.650001525878906,50.11000061035156,50.31999969482422,50.619998931884766,1472800.0,45.002254486083984
2010-09-21,50.9900016784668,50.34000015258789,50.619998931884766,50.720001220703125,1347800.0,45.09117889404297
2010-09-22,50.959999084472656,50.369998931884766,50.77000045776367,50.5099983215332,947900.0,44.90446472167969
2010-09-23,50.59000015258789,49.97999954223633,50.16999816894531,50.029998779296875,805600.0,44.47773742675781
2010-09-24,50.95000076293945,50.439998626708984,50.47999954223633,50.95000076293945,1104300.0,45.29563903808594
2010-09-27,51.02000045776367,50.529998779296875,51.02000045776367,50.68000030517578,977300.0,45.05559539794922
2010-09-28,50.70000076293945,49.900001525878906,50.66999816894531,50.619998931884766,1282700.0,45.002254486083984
2010-09-29,50.810001373291016,50.2400016784668,50.5099983215332,50.56999969482422,916600.0,44.95779800415039
2010-09-30,51.22999954223633,50.4900016784668,50.810001373291016,50.7400016784668,1146400.0,45.10894012451172
2010-10-01,51.45000076293945,50.90999984741211,50.959999084472656,51.31999969482422,1345000.0,45.624576568603516
2010-10-04,51.29999923706055,50.540000915527344,51.29999923706055,50.77000045776367,744400.0,45.13561248779297
2010-10-05,52.15999984741211,51.16999816894531,51.25,52.099998474121094,1131800.0,46.31801986694336
2010-10-06,52.15999984741211,51.83000183105469,51.959999084472656,52.15999984741211,907100.0,46.371360778808594
2010-10-07,52.38999938964844,51.38999938964844,52.38999938964844,51.7400016784668,980000.0,45.997955322265625
2010-10-08,51.90999984741211,51.5,51.90999984741211,51.63999938964844,962100.0,45.909053802490234
2010-10-11,51.86000061035156,51.47999954223633,51.83000183105469,51.65999984741211,539400.0,45.926841735839844
2010-10-12,51.93000030517578,51.11000061035156,51.54999923706055,51.86000061035156,839900.0,46.104652404785156
2010-10-13,52.38999938964844,51.7400016784668,52.02000045776367,52.29999923706055,1148900.0,46.495819091796875
2010-10-14,52.439998626708984,51.59000015258789,52.31999969482422,51.95000076293945,865000.0,46.18464660644531
2010-10-15,52.459999084472656,51.66999816894531,52.310001373291016,52.060001373291016,1066800.0,46.28244400024414
2010-10-18,52.0099983215332,51.650001525878906,52.0099983215332,51.72999954223633,961200.0,45.98906707763672
2010-10-19,51.529998779296875,50.619998931884766,51.2400016784668,50.7599983215332,1756600.0,45.1267204284668
2010-10-20,51.66999816894531,50.7400016784668,50.90999984741211,51.15999984741211,1605100.0,45.482322692871094
2010-10-21,51.709999084472656,51.279998779296875,51.380001068115234,51.54999923706055,1789500.0,45.829036712646484
2010-10-22,51.70000076293945,51.290000915527344,51.560001373291016,51.560001373291016,1149000.0,45.83794403076172
2010-10-25,52.38999938964844,51.61000061035156,51.720001220703125,52.119998931884766,1847500.0,46.335777282714844
2010-10-26,51.86000061035156,48.650001525878906,51.86000061035156,49.290000915527344,4541900.0,43.81987380981445
2010-10-27,49.810001373291016,48.650001525878906,49.099998474121094,49.56999969482422,2759700.0,44.068790435791016
2010-10-28,50.029998779296875,48.939998626708984,49.880001068115234,49.209999084472656,1884400.0,43.74872970581055
2010-10-29,49.52000045776367,48.86000061035156,49.119998931884766,49.31999969482422,1150400.0,43.846534729003906
2010-11-01,49.849998474121094,49.099998474121094,49.45000076293945,49.31999969482422,1441700.0,43.846534729003906
2010-11-02,50.060001373291016,49.380001068115234,49.77000045776367,49.41999816894531,1151700.0,43.93543243408203
2010-11-03,49.599998474121094,48.90999984741211,49.529998779296875,49.4900016784668,1252600.0,43.9976692199707
2010-11-04,49.9900016784668,49.13999938964844,49.95000076293945,49.540000915527344,2039200.0,44.04210662841797
2010-11-05,50.0,49.310001373291016,49.5099983215332,49.650001525878906,1644900.0,44.13990783691406
2010-11-08,49.970001220703125,49.34000015258789,49.38999938964844,49.66999816894531,1652600.0,44.157691955566406
2010-11-09,49.790000915527344,48.599998474121094,49.61000061035156,48.81999969482422,1737400.0,43.40202331542969
2010-11-10,49.380001068115234,48.599998474121094,48.83000183105469,49.099998474121094,1431100.0,43.650943756103516
2010-11-11,49.529998779296875,48.810001373291016,48.849998474121094,49.4900016784668,1390700.0,43.9976692199707
2010-11-12,49.29999923706055,48.70000076293945,49.279998779296875,48.880001068115234,1250800.0,43.455360412597656
2010-11-15,49.220001220703125,48.209999084472656,48.970001220703125,48.2400016784668,1822500.0,42.88637924194336
2010-11-16,47.93000030517578,47.2599983215332,47.849998474121094,47.61000061035156,2097600.0,42.32630920410156
2010-11-17,47.970001220703125,47.5,47.68000030517578,47.7400016784668,1558100.0,42.44186782836914
2010-11-18,49.400001525878906,48.02000045776367,48.08000183105469,48.88999938964844,2275400.0,43.46425247192383
2010-11-19,49.25,48.65999984741211,48.880001068115234,49.06999969482422,1164300.0,43.62428283691406
2010-11-22,49.189998626708984,48.189998626708984,48.81999969482422,49.06999969482422,767900.0,43.62428283691406
2010-11-23,48.68000030517578,48.08000183105469,48.65999984741211,48.41999816894531,1104400.0,43.04641342163086
2010-11-24,49.13999938964844,48.65999984741211,48.66999816894531,49.119998931884766,843900.0,43.66873550415039
2010-11-26,49.0099983215332,48.45000076293945,48.7599983215332,48.779998779296875,326000.0,43.36647415161133
2010-11-29,48.709999084472656,48.029998779296875,48.470001220703125,48.560001373291016,1090200.0,43.170867919921875
2010-11-30,48.31999969482422,47.779998779296875,47.9900016784668,47.810001373291016,1994400.0,42.50410842895508
2010-12-01,48.560001373291016,47.54999923706055,48.41999816894531,47.880001068115234,2105200.0,42.56633758544922
2010-12-02,48.22999954223633,47.7599983215332,47.88999938964844,47.959999084472656,1416600.0,42.637454986572266
2010-12-03,48.18000030517578,47.41999816894531,47.5,47.59000015258789,1931200.0,42.30851745605469
2010-12-06,47.58000183105469,46.63999938964844,47.439998626708984,47.040000915527344,3185200.0,41.81956481933594
2010-12-07,47.45000076293945,46.79999923706055,47.290000915527344,47.220001220703125,2676000.0,41.97958755493164
2010-12-08,47.810001373291016,47.43000030517578,47.68000030517578,47.54999923706055,3181200.0,42.272972106933594
2010-12-09,48.150001525878906,47.560001373291016,47.70000076293945,47.810001373291016,2511900.0,42.50410842895508
2010-12-10,48.540000915527344,47.93000030517578,48.02000045776367,47.9900016784668,3449400.0,42.66413879394531
2010-12-13,49.20000076293945,48.099998474121094,48.400001525878906,48.939998626708984,2486200.0,43.508705139160156
2010-12-14,49.599998474121094,49.04999923706055,49.04999923706055,49.560001373291016,2527300.0,44.05990219116211
2010-12-15,49.66999816894531,49.0099983215332,49.439998626708984,49.040000915527344,1936700.0,43.59760284423828
2010-12-16,49.77000045776367,49.150001525878906,49.189998626708984,49.77000045776367,1891500.0,44.2465934753418
2010-12-17,50.130001068115234,49.38999938964844,49.75,50.06999969482422,2015000.0,44.67036056518555
2010-12-20,50.59000015258789,50.099998474121094,50.11000061035156,50.33000183105469,1465200.0,44.90232849121094
2010-12-21,50.790000915527344,50.220001220703125,50.54999923706055,50.2400016784668,1005500.0,44.82202911376953
2010-12-22,50.310001373291016,50.0,50.310001373291016,50.2599983215332,705700.0,44.839874267578125
2010-12-23,50.380001068115234,50.13999938964844,50.22999954223633,50.25,740300.0,44.83095169067383
2010-12-27,50.34000015258789,49.900001525878906,50.04999923706055,50.2599983215332,606300.0,44.839874267578125
2010-12-28,50.540000915527344,49.900001525878906,50.279998779296875,50.40999984741211,831700.0,44.97369384765625
2010-12-29,50.63999938964844,50.20000076293945,50.41999816894531,50.33000183105469,658800.0,44.90232849121094
2010-12-30,50.599998474121094,50.209999084472656,50.25,50.47999954223633,571900.0,45.03614807128906
2010-12-31,50.900001525878906,50.369998931884766,50.45000076293945,50.41999816894531,690800.0,44.98262023925781
2011-01-03,50.7400016784668,50.470001220703125,50.630001068115234,50.52000045776367,1456800.0,45.07183837890625
2011-01-04,50.560001373291016,49.27000045776367,50.560001373291016,49.7599983215332,1430800.0,44.39379119873047
2011-01-05,50.130001068115234,49.470001220703125,49.65999984741211,49.86000061035156,1738700.0,44.48301315307617
2011-01-06,50.04999923706055,49.400001525878906,49.900001525878906,49.61000061035156,1493700.0,44.25997543334961
2011-01-07,49.790000915527344,49.06999969482422,49.7599983215332,49.25,1255200.0,43.93878936767578
2011-01-10,49.650001525878906,48.79999923706055,49.15999984741211,49.5,1163700.0,44.161842346191406
2011-01-11,49.779998779296875,48.91999816894531,49.599998474121094,49.0,1151400.0,43.71575164794922
2011-01-12,49.70000076293945,48.970001220703125,49.18000030517578,49.52000045776367,1830500.0,44.17967987060547
2011-01-13,49.58000183105469,48.869998931884766,49.58000183105469,49.040000915527344,1821900.0,43.75144958496094
2011-01-14,49.209999084472656,48.52000045776367,49.0099983215332,48.83000183105469,1900100.0,43.5640983581543
2011-01-18,49.15999984741211,48.4900016784668,48.970001220703125,49.099998474121094,1185800.0,43.80496597290039
2011-01-19,49.7400016784668,48.9900016784668,48.9900016784668,49.720001220703125,1963800.0,44.358116149902344
2011-01-20,49.83000183105469,49.38999938964844,49.66999816894531,49.599998474121094,1389900.0,44.25105285644531
2011-01-21,50.58000183105469,49.880001068115234,50.150001525878906,50.13999938964844,1752200.0,44.732810974121094
2011-01-24,50.599998474121094,49.84000015258789,50.15999984741211,50.369998931884766,1322100.0,44.938011169433594
2011-01-25,50.369998931884766,49.61000061035156,50.33000183105469,49.97999954223633,981000.0,44.5900764465332
2011-01-26,50.4900016784668,50.0099983215332,50.150001525878906,50.45000076293945,770500.0,45.0093879699707
2011-01-27,50.59000015258789,49.91999816894531,50.349998474121094,49.95000076293945,997700.0,44.56332015991211
2011-01-28,50.15999984741211,49.2400016784668,50.06999969482422,49.2599983215332,895900.0,43.94770812988281
2011-01-31,49.84000015258789,49.36000061035156,49.459999084472656,49.689998626708984,1056500.0,44.331336975097656
2011-02-01,50.68000030517578,49.7400016784668,49.900001525878906,50.619998931884766,1182200.0,45.16105270385742
2011-02-02,50.650001525878906,49.95000076293945,50.47999954223633,50.04999923706055,770800.0,44.65252685546875
2011-02-03,50.33000183105469,49.77000045776367,49.970001220703125,50.20000076293945,929500.0,44.786346435546875
2011-02-04,50.45000076293945,49.959999084472656,50.150001525878906,50.279998779296875,974500.0,44.85771942138672
2011-02-07,50.58000183105469,50.22999954223633,50.33000183105469,50.459999084472656,823500.0,45.0182991027832
2011-02-08,50.470001220703125,49.970001220703125,50.400001525878906,50.41999816894531,937200.0,44.98262023925781
2011-02-09,50.38999938964844,49.59000015258789,50.38999938964844,49.790000915527344,713200.0,44.42055892944336
2011-02-10,50.63999938964844,49.599998474121094,49.709999084472656,50.27000045776367,1070900.0,44.84879684448242
2011-02-11,50.09000015258789,49.41999816894531,50.08000183105469,49.54999923706055,1249500.0,44.20643615722656
2011-02-14,49.95000076293945,49.380001068115234,49.619998931884766,49.45000076293945,1198600.0,44.117218017578125
2011-02-15,49.7599983215332,49.18000030517578,49.279998779296875,49.290000915527344,1347400.0,43.974491119384766
2011-02-16,49.84000015258789,49.209999084472656,49.349998474121094,49.7400016784668,1506600.0,44.37594985961914
2011-02-17,48.5099983215332,47.0,48.18000030517578,47.119998931884766,7283300.0,42.03849411010742
2011-02-18,49.45000076293945,47.34000015258789,47.40999984741211,49.349998474121094,4259100.0,44.02800369262695
2011-02-22,48.939998626708984,48.029998779296875,48.790000915527344,48.150001525878906,2263400.0,42.95741653442383
2011-02-23,48.540000915527344,47.650001525878906,48.06999969482422,47.9900016784668,2413700.0,42.81468200683594
2011-02-24,48.09000015258789,47.15999984741211,47.939998626708984,47.4900016784668,2359700.0,42.36859893798828
2011-02-25,48.40999984741211,47.22999954223633,47.61000061035156,48.22999954223633,2168900.0,43.02879333496094
2011-02-28,48.709999084472656,47.72999954223633,48.15999984741211,48.63999938964844,2589500.0,43.39458465576172
2011-03-01,49.75,48.43000030517578,48.68000030517578,48.47999954223633,2356300.0,43.25183868408203
2011-03-02,48.58000183105469,48.04999923706055,48.33000183105469,48.29999923706055,1427200.0,43.091243743896484
2011-03-03,49.0099983215332,48.470001220703125,48.72999954223633,49.0099983215332,1779700.0,43.72468948364258
2011-03-04,48.75,48.0,48.68000030517578,48.349998474121094,1109100.0,43.29042053222656
2011-03-07,48.65999984741211,47.38999938964844,48.5099983215332,47.41999816894531,1681900.0,42.45774841308594
2011-03-08,48.119998931884766,47.31999969482422,47.59000015258789,47.95000076293945,1430500.0,42.93228530883789
2011-03-09,48.0099983215332,47.290000915527344,47.95000076293945,47.63999938964844,1936100.0,42.654720306396484
2011-03-10,48.20000076293945,46.79999923706055,47.22999954223633,47.9900016784668,2776500.0,42.96810531616211
2011-03-11,48.95000076293945,47.59000015258789,47.59000015258789,48.65999984741211,1693600.0,43.567996978759766
2011-03-14,48.97999954223633,48.290000915527344,48.459999084472656,48.81999969482422,1585500.0,43.711246490478516
2011-03-15,49.09000015258789,47.810001373291016,47.869998931884766,48.90999984741211,2120400.0,43.79183578491211
2011-03-16,48.939998626708984,47.849998474121094,48.72999954223633,48.13999938964844,1726100.0,43.10240936279297
2011-03-17,48.88999938964844,47.779998779296875,48.720001220703125,47.81999969482422,1894400.0,42.81589126586914
2011-03-18,48.529998779296875,47.56999969482422,48.470001220703125,47.7400016784668,2599000.0,42.744258880615234
2011-03-21,49.0,48.130001068115234,48.20000076293945,48.70000076293945,1724700.0,43.603797912597656
2011-03-22,48.970001220703125,48.59000015258789,48.689998626708984,48.77000045776367,1513800.0,43.66646957397461
2011-03-23,49.41999816894531,48.36000061035156,48.720001220703125,49.380001068115234,1370000.0,44.212650299072266
2011-03-24,49.7599983215332,49.0,49.4900016784668,49.650001525878906,1616000.0,44.45439529418945
2011-03-25,49.95000076293945,49.4900016784668,49.689998626708984,49.61000061035156,1218500.0,44.41858673095703
2011-03-28,49.970001220703125,49.54999923706055,49.630001068115234,49.970001220703125,1569300.0,44.74089431762695
2011-03-29,50.0,49.459999084472656,49.869998931884766,49.9900016784668,2021500.0,44.75880813598633
2011-03-30,50.4900016784668,49.91999816894531,50.08000183105469,50.29999923706055,1298000.0,45.0363655090332
2011-03-31,51.08000183105469,50.25,50.310001373291016,51.02000045776367,1638200.0,45.6810302734375
2011-04-01,51.72999954223633,51.04999923706055,51.189998626708984,51.56999969482422,1691600.0,46.17348098754883
2011-04-04,51.900001525878906,51.400001525878906,51.689998626708984,51.65999984741211,898800.0,46.254058837890625
2011-04-05,52.25,51.470001220703125,51.619998931884766,52.0099983215332,1044500.0,46.56743240356445
2011-04-06,52.31999969482422,51.5,52.11000061035156,51.75,1113100.0,46.33463668823242
2011-04-07,52.0,51.2599983215332,51.79999923706055,51.470001220703125,1294100.0,46.08394241333008
2011-04-08,51.88999938964844,51.130001068115234,51.79999923706055,51.52000045776367,849800.0,46.128700256347656
2011-04-11,51.650001525878906,51.029998779296875,51.5,51.29999923706055,998000.0,45.93172836303711
2011-04-12,51.2400016784668,50.54999923706055,51.119998931884766,50.779998779296875,1123000.0,45.46614074707031
2011-04-13,51.060001373291016,49.970001220703125,50.84000015258789,50.459999084472656,1346600.0,45.17962646484375
2011-04-14,50.65999984741211,50.130001068115234,50.27000045776367,50.459999084472656,1094700.0,45.17962646484375
2011-04-15,50.97999954223633,50.369998931884766,50.54999923706055,50.939998626708984,1300800.0,45.60939407348633
2011-04-18,51.630001068115234,50.310001373291016,50.45000076293945,50.7400016784668,2056800.0,45.430335998535156
2011-04-19,51.45000076293945,50.77000045776367,50.810001373291016,51.369998931884766,1787600.0,45.994388580322266
2011-04-20,51.900001525878906,51.16999816894531,51.849998474121094,51.36000061035156,1098500.0,45.98546600341797
2011-04-21,51.77000045776367,51.380001068115234,51.4900016784668,51.75,674500.0,46.33463668823242
2011-04-25,52.099998474121094,51.5,51.63999938964844,52.0099983215332,1272400.0,46.56743240356445
2011-04-26,52.34000015258789,51.25,51.9900016784668,51.72999954223633,1500000.0,46.31674575805664
2011-04-27,52.779998779296875,51.54999923706055,51.88999938964844,52.75,1730000.0,47.22998809814453
2011-04-28,53.0,52.45000076293945,52.59000015258789,52.900001525878906,1126000.0,47.36429977416992
2011-04-29,52.93000030517578,52.45000076293945,52.86000061035156,52.7599983215332,887000.0,47.23893356323242
2011-05-02,53.0,52.4900016784668,52.91999816894531,52.58000183105469,870500.0,47.077789306640625
2011-05-03,52.619998931884766,51.91999816894531,52.5,52.25,995400.0,46.78230667114258
2011-05-04,52.349998474121094,51.7400016784668,52.290000915527344,52.18000030517578,1388800.0,46.71963882446289
2011-05-05,52.220001220703125,51.25,51.970001220703125,51.66999816894531,1531000.0,46.26300811767578
2011-05-06,52.70000076293945,51.75,52.08000183105469,51.880001068115234,1003900.0,46.45104217529297
2011-05-09,52.599998474121094,51.84000015258789,52.02000045776367,52.470001220703125,797800.0,46.97929382324219
2011-05-10,52.880001068115234,52.5099983215332,52.709999084472656,52.72999954223633,654400.0,47.21210479736328
2011-05-11,52.66999816894531,51.7400016784668,52.59000015258789,52.06999969482422,779800.0,46.62115478515625
2011-05-12,52.77000045776367,51.58000183105469,52.0,52.689998626708984,1628300.0,47.176273345947266
2011-05-13,52.970001220703125,51.849998474121094,52.61000061035156,52.06999969482422,959200.0,46.62115478515625
2011-05-16,52.70000076293945,51.689998626708984,51.959999084472656,52.16999816894531,916200.0,46.7106819152832
2011-05-17,52.04999923706055,51.2400016784668,51.97999954223633,51.36000061035156,1508200.0,45.98546600341797
2011-05-18,52.939998626708984,51.279998779296875,51.56999969482422,52.86000061035156,1490500.0,47.32848358154297
2011-05-19,53.2400016784668,52.52000045776367,52.86000061035156,52.68000030517578,2136300.0,47.16733169555664
2011-05-20,52.689998626708984,51.90999984741211,52.68000030517578,52.380001068115234,1088200.0,46.89870834350586
2011-05-23,52.790000915527344,51.880001068115234,52.04999923706055,52.66999816894531,1479800.0,47.15837478637695
2011-05-24,53.27000045776367,52.58000183105469,52.7599983215332,52.689998626708984,1277100.0,47.176273345947266
2011-05-25,53.2400016784668,52.41999816894531,52.560001373291016,53.099998474121094,1261000.0,47.54336166381836
2011-05-26,53.41999816894531,52.560001373291016,52.939998626708984,53.29999923706055,1256500.0,47.722434997558594
2011-05-27,54.0,53.150001525878906,53.15999984741211,53.9900016784668,1259000.0,48.34022903442383
2011-05-31,54.880001068115234,54.0,54.15999984741211,54.880001068115234,2292100.0,49.1370964050293
2011-06-01,55.0,54.22999954223633,54.5,54.279998779296875,2833500.0,48.59988021850586
2011-06-02,54.61000061035156,54.02000045776367,54.279998779296875,54.33000183105469,2116500.0,48.644649505615234
2011-06-03,54.290000915527344,53.70000076293945,53.84000015258789,54.099998474121094,1918100.0,48.438720703125
2011-06-06,54.400001525878906,53.689998626708984,53.959999084472656,53.880001068115234,1499700.0,48.24174880981445
2011-06-07,54.220001220703125,53.880001068115234,54.099998474121094,54.099998474121094,1826200.0,48.438720703125
2011-06-08,54.0,53.540000915527344,54.0,53.58000183105469,1868200.0,47.9731330871582
2011-06-09,54.810001373291016,53.70000076293945,53.72999954223633,54.38999938964844,1923700.0,48.69837188720703
2011-06-10,54.459999084472656,53.709999084472656,54.220001220703125,53.79999923706055,2027200.0,48.170108795166016
2011-06-13,54.279998779296875,53.709999084472656,53.83000183105469,54.040000915527344,1345700.0,48.38499450683594
2011-06-14,55.529998779296875,54.40999984741211,54.43000030517578,55.13999938964844,2128000.0,49.36989212036133
2011-06-15,55.18000030517578,54.56999969482422,54.84000015258789,54.900001525878906,1809300.0,49.15501022338867
2011-06-16,55.029998779296875,53.810001373291016,55.029998779296875,54.4900016784668,2382200.0,48.78791046142578
2011-06-17,54.779998779296875,53.83000183105469,54.68000030517578,53.95000076293945,2326500.0,48.460052490234375
2011-06-20,54.33000183105469,53.75,53.95000076293945,54.220001220703125,1757800.0,48.702579498291016
2011-06-21,54.939998626708984,54.369998931884766,54.45000076293945,54.869998931884766,1142100.0,49.286434173583984
2011-06-22,54.95000076293945,54.470001220703125,54.59000015258789,54.5099983215332,927300.0,48.96306610107422
2011-06-23,54.52000045776367,53.400001525878906,53.95000076293945,54.52000045776367,1675600.0,48.972042083740234
2011-06-24,54.63999938964844,54.279998779296875,54.5099983215332,54.41999816894531,997400.0,48.882205963134766
2011-06-27,54.7599983215332,53.75,54.290000915527344,54.54999923706055,892500.0,48.998992919921875
2011-06-28,55.06999969482422,54.619998931884766,54.720001220703125,55.060001373291016,911500.0,49.457088470458984
2011-06-29,55.47999954223633,54.849998474121094,55.18000030517578,55.31999969482422,908800.0,49.690643310546875
2011-06-30,56.45000076293945,55.29999923706055,55.4900016784668,56.380001068115234,1640400.0,50.64276885986328
2011-07-01,56.81999969482422,56.13999938964844,56.43000030517578,56.7599983215332,1001300.0,50.98409652709961
2011-07-05,56.97999954223633,56.220001220703125,56.77000045776367,56.38999938964844,1509100.0,50.651763916015625
2011-07-06,56.84000015258789,56.36000061035156,56.439998626708984,56.619998931884766,1531400.0,50.85834884643555
2011-07-07,57.189998626708984,56.5,56.970001220703125,56.63999938964844,1433000.0,50.876312255859375
2011-07-08,56.56999969482422,55.93000030517578,56.06999969482422,56.5,970900.0,50.75056838989258
2011-07-11,56.33000183105469,55.790000915527344,56.02000045776367,56.0,1062200.0,50.30144119262695
2011-07-12,56.20000076293945,55.619998931884766,55.91999816894531,55.79999923706055,1483300.0,50.121803283691406
2011-07-13,56.61000061035156,55.93000030517578,56.119998931884766,56.08000183105469,938300.0,50.37329864501953
2011-07-14,56.15999984741211,55.31999969482422,56.040000915527344,55.47999954223633,1420600.0,49.83435821533203
2011-07-15,55.75,55.16999816894531,55.560001373291016,55.720001220703125,1338600.0,50.049930572509766
2011-07-18,55.7400016784668,54.79999923706055,55.59000015258789,55.0099983215332,1364700.0,49.41219711303711
2011-07-19,55.459999084472656,55.11000061035156,55.25,55.38999938964844,1225700.0,49.753517150878906
2011-07-20,53.5,50.029998779296875,53.189998626708984,51.310001373291016,23185200.0,46.08869171142578
2011-07-21,53.209999084472656,51.11000061035156,51.41999816894531,53.20000076293945,12080400.0,47.78635787963867
2011-07-22,53.20000076293945,52.56999969482422,53.119998931884766,53.04999923706055,11746900.0,47.651634216308594
2011-07-25,53.099998474121094,51.97999954223633,52.52000045776367,51.97999954223633,4061500.0,46.690521240234375
2011-07-26,52.16999816894531,50.810001373291016,52.150001525878906,50.880001068115234,4526500.0,45.702457427978516
2011-07-27,51.150001525878906,50.09000015258789,51.0,50.150001525878906,4783500.0,45.04673767089844
2011-07-28,50.68000030517578,50.06999969482422,50.189998626708984,50.06999969482422,3224800.0,44.97487258911133
2011-07-29,50.66999816894531,49.4900016784668,49.83000183105469,50.0,3705900.0,44.91201400756836
2011-08-01,50.599998474121094,49.689998626708984,50.40999984741211,49.77000045776367,7238200.0,44.70542907714844
2011-08-02,49.849998474121094,48.52000045776367,49.41999816894531,48.529998779296875,4996600.0,43.59160232543945
2011-08-03,49.560001373291016,48.0,48.84000015258789,49.529998779296875,6077000.0,44.489830017089844
2011-08-04,49.2599983215332,48.08000183105469,48.939998626708984,48.15999984741211,7511100.0,43.259239196777344
2011-08-05,48.65999984741211,46.970001220703125,48.56999969482422,47.779998779296875,8090300.0,42.91791534423828
2011-08-08,47.209999084472656,44.91999816894531,47.119998931884766,44.959999084472656,6511100.0,40.3848762512207
2011-08-09,46.310001373291016,43.810001373291016,45.38999938964844,46.2599983215332,7080700.0,41.55257797241211
2011-08-10,46.619998931884766,44.560001373291016,46.619998931884766,44.75,6639100.0,40.19623947143555
2011-08-11,47.02000045776367,44.900001525878906,45.029998779296875,46.5,5325800.0,41.768150329589844
2011-08-12,47.61000061035156,46.16999816894531,46.61000061035156,47.060001373291016,4308800.0,42.27119064331055
2011-08-15,47.68000030517578,46.70000076293945,47.63999938964844,47.2599983215332,3344300.0,42.45083236694336
2011-08-16,47.27000045776367,46.41999816894531,46.93000030517578,46.59000015258789,3136800.0,41.849002838134766
2011-08-17,47.189998626708984,46.349998474121094,46.970001220703125,46.529998779296875,3532100.0,41.79511260986328
2011-08-18,45.77000045776367,43.9900016784668,45.52000045776367,44.68000030517578,3953800.0,40.13336181640625
2011-08-19,45.310001373291016,44.15999984741211,44.369998931884766,44.529998779296875,3754500.0,39.9986457824707
2011-08-22,46.060001373291016,45.25,45.630001068115234,45.90999984741211,4510800.0,41.23820877075195
2011-08-23,49.060001373291016,45.86000061035156,46.04999923706055,49.060001373291016,8586900.0,44.06766128540039
2011-08-24,49.779998779296875,48.720001220703125,48.83000183105469,49.75,5272400.0,44.687442779541016
2011-08-25,50.0,49.36000061035156,49.849998474121094,49.779998779296875,4228000.0,44.71440124511719
2011-08-26,50.84000015258789,49.459999084472656,49.779998779296875,50.79999923706055,4727800.0,45.63058853149414
2011-08-29,52.40999984741211,51.099998474121094,51.470001220703125,52.40999984741211,2583400.0,47.07677459716797
2011-08-30,53.08000183105469,51.4900016784668,51.59000015258789,52.81999969482422,2745900.0,47.44504165649414
2011-08-31,53.709999084472656,53.13999938964844,53.290000915527344,53.599998474121094,4160800.0,48.14567565917969
2011-09-01,53.77000045776367,52.349998474121094,53.709999084472656,52.40999984741211,2440800.0,47.07677459716797
2011-09-02,52.34000015258789,51.04999923706055,51.7599983215332,51.650001525878906,2200300.0,46.39409637451172
2011-09-06,51.90999984741211,50.099998474121094,51.040000915527344,51.83000183105469,3007400.0,46.55579376220703
2011-09-07,53.130001068115234,52.13999938964844,52.5099983215332,53.130001068115234,2211600.0,47.7234992980957
2011-09-08,52.95000076293945,52.2400016784668,52.59000015258789,52.310001373291016,2418200.0,46.986942291259766
2011-09-09,51.970001220703125,49.779998779296875,51.970001220703125,50.20000076293945,3945700.0,45.09164810180664
2011-09-12,50.279998779296875,48.86000061035156,49.900001525878906,49.77000045776367,3788200.0,44.70542907714844
2011-09-13,50.47999954223633,49.59000015258789,49.779998779296875,50.31999969482422,2641700.0,45.1994514465332
2011-09-14,51.7400016784668,49.93000030517578,50.540000915527344,51.310001373291016,2453400.0,46.08869171142578
2011-09-15,51.86000061035156,50.9900016784668,51.709999084472656,51.56999969482422,2092400.0,46.322242736816406
2011-09-16,52.5,51.4900016784668,52.43000030517578,51.88999938964844,2386000.0,46.76839065551758
2011-09-19,51.52000045776367,50.47999954223633,50.880001068115234,51.31999969482422,1713200.0,46.25465393066406
2011-09-20,52.119998931884766,50.86000061035156,51.41999816894531,51.40999984741211,1458600.0,46.33576202392578
2011-09-21,51.47999954223633,50.189998626708984,50.939998626708984,50.22999954223633,2543900.0,45.272239685058594
2011-09-22,49.630001068115234,48.4900016784668,49.459999084472656,49.189998626708984,6058000.0,44.334861755371094
2011-09-23,49.70000076293945,48.650001525878906,49.040000915527344,49.040000915527344,2517400.0,44.19968795776367
2011-09-26,50.310001373291016,48.83000183105469,49.529998779296875,50.27000045776367,2455700.0,45.30828857421875
2011-09-27,51.91999816894531,50.540000915527344,51.400001525878906,51.09000015258789,2630200.0,46.0473518371582
2011-09-28,51.36000061035156,49.11000061035156,51.25,49.279998779296875,3094200.0,44.41600036621094
2011-09-29,50.38999938964844,48.66999816894531,50.13999938964844,49.33000183105469,2528100.0,44.4610710144043
2011-09-30,49.7599983215332,48.400001525878906,48.439998626708984,48.88999938964844,2934200.0,44.064491271972656
2011-10-03,49.52000045776367,47.959999084472656,47.959999084472656,48.06999969482422,3220100.0,43.32542037963867
2011-10-04,49.7599983215332,47.27000045776367,47.5,49.689998626708984,5000000.0,44.7855224609375
2011-10-05,50.81999969482422,49.25,49.65999984741211,50.619998931884766,2723800.0,45.62373352050781
2011-10-06,51.380001068115234,49.599998474121094,50.709999084472656,50.09000015258789,3653100.0,45.14604949951172
2011-10-07,50.97999954223633,49.4900016784668,50.5,50.25,3941200.0,45.290252685546875
2011-10-10,51.90999984741211,50.790000915527344,51.029998779296875,51.869998931884766,2316300.0,46.75035858154297
2011-10-11,52.70000076293945,51.5099983215332,51.560001373291016,52.25,1871700.0,47.09284973144531
2011-10-12,53.380001068115234,52.25,52.63999938964844,52.779998779296875,3753700.0,47.570533752441406
2011-10-13,52.90999984741211,51.40999984741211,52.47999954223633,52.63999938964844,2576300.0,47.444366455078125
2011-10-14,52.81999969482422,52.15999984741211,52.380001068115234,52.790000915527344,2660500.0,47.579566955566406
2011-10-17,52.810001373291016,51.95000076293945,52.779998779296875,52.349998474121094,2652500.0,47.182987213134766
2011-10-18,53.59000015258789,51.7400016784668,52.349998474121094,53.290000915527344,3383600.0,48.03021240234375
2011-10-19,53.779998779296875,52.810001373291016,53.38999938964844,53.18000030517578,2181400.0,47.931060791015625
2011-10-20,53.470001220703125,52.380001068115234,53.040000915527344,53.20000076293945,1974200.0,47.949073791503906
2011-10-21,53.959999084472656,53.209999084472656,53.790000915527344,53.91999816894531,2258900.0,48.598018646240234
2011-10-24,54.599998474121094,53.61000061035156,53.97999954223633,54.33000183105469,2208700.0,48.96756362915039
2011-10-25,54.630001068115234,52.619998931884766,54.38999938964844,52.65999984741211,2452000.0,47.46237564086914
2011-10-26,53.720001220703125,52.38999938964844,53.150001525878906,53.54999923706055,2595800.0,48.26454162597656
2011-10-27,55.56999969482422,53.970001220703125,54.470001220703125,55.20000076293945,3539400.0,49.751686096191406
2011-10-28,55.599998474121094,54.75,55.04999923706055,55.0,1890900.0,49.57142639160156
2011-10-31,54.560001373291016,53.83000183105469,54.400001525878906,53.84000015258789,2109800.0,48.52591323852539
2011-11-01,53.310001373291016,52.209999084472656,52.650001525878906,52.470001220703125,2510300.0,47.291141510009766
2011-11-02,54.560001373291016,53.5,53.68000030517578,54.15999984741211,3369900.0,48.81432342529297
2011-11-03,55.689998626708984,54.310001373291016,54.61000061035156,55.61000061035156,2723900.0,50.121212005615234
2011-11-04,55.310001373291016,54.099998474121094,55.189998626708984,55.029998779296875,2488900.0,49.59846115112305
2011-11-07,55.709999084472656,54.7400016784668,55.15999984741211,55.68000030517578,2026200.0,50.18429946899414
2011-11-08,56.2400016784668,55.18000030517578,55.790000915527344,56.150001525878906,1598500.0,50.60791015625
2011-11-09,54.9900016784668,53.650001525878906,54.869998931884766,53.810001373291016,2670100.0,48.498878479003906
2011-11-10,54.90999984741211,53.849998474121094,54.310001373291016,54.720001220703125,2471400.0,49.31906509399414
2011-11-11,56.209999084472656,55.040000915527344,55.11000061035156,56.18000030517578,1823300.0,50.63496398925781
2011-11-14,56.310001373291016,55.529998779296875,56.310001373291016,55.630001068115234,1733400.0,50.139244079589844
2011-11-15,56.0099983215332,55.2400016784668,55.52000045776367,55.63999938964844,1935000.0,50.14826202392578
2011-11-16,55.81999969482422,54.84000015258789,55.02000045776367,54.900001525878906,1431000.0,49.481285095214844
2011-11-17,55.04999923706055,53.83000183105469,54.560001373291016,54.16999816894531,1767500.0,48.82334518432617
2011-11-18,54.58000183105469,53.939998626708984,54.40999984741211,54.220001220703125,3207500.0,48.86841583251953
2011-11-21,53.75,53.0099983215332,53.40999984741211,53.11000061035156,3016800.0,47.86798095703125
2011-11-22,53.54999923706055,52.709999084472656,53.15999984741211,53.0099983215332,2945100.0,47.77782440185547
2011-11-23,53.150001525878906,52.27000045776367,52.540000915527344,52.68000030517578,3557100.0,47.48042297363281
2011-11-25,53.560001373291016,52.349998474121094,52.40999984741211,53.5099983215332,2003800.0,48.22848892211914
2011-11-28,55.400001525878906,54.58000183105469,54.68000030517578,55.36000061035156,3722500.0,49.89589309692383
2011-11-29,55.709999084472656,55.060001373291016,55.38999938964844,55.470001220703125,3617300.0,49.99503707885742
2011-11-30,57.599998474121094,56.75,57.0,57.02000045776367,15668200.0,51.392059326171875
2011-12-01,56.5099983215332,54.68000030517578,55.939998626708984,55.619998931884766,10766600.0,50.130218505859375
2011-12-02,57.25,55.7400016784668,56.95000076293945,55.84000015258789,3515500.0,50.32851791381836
2011-12-05,56.63999938964844,54.9900016784668,56.45000076293945,55.22999954223633,3060100.0,49.77871322631836
2011-12-06,55.75,55.04999923706055,55.400001525878906,55.58000183105469,2553800.0,50.09418487548828
2011-12-07,55.54999923706055,55.25,55.4900016784668,55.38999938964844,4031800.0,49.922935485839844
2011-12-08,55.900001525878906,55.349998474121094,55.400001525878906,55.41999816894531,8047100.0,49.9499626159668
2011-12-09,56.380001068115234,55.0,55.27000045776367,55.900001525878906,4775700.0,50.38260269165039
2011-12-12,55.619998931884766,55.119998931884766,55.599998474121094,55.310001373291016,2570600.0,49.85083770751953
2011-12-13,55.58000183105469,54.40999984741211,55.33000183105469,54.66999816894531,2725600.0,49.27399826049805
2011-12-14,54.86000061035156,54.0,54.349998474121094,54.08000183105469,2749600.0,48.74223327636719
2011-12-15,54.650001525878906,54.060001373291016,54.61000061035156,54.349998474121094,1997200.0,48.98558044433594
2011-12-16,55.27000045776367,54.5,54.58000183105469,54.720001220703125,3674600.0,49.50122833251953
2011-12-19,55.040000915527344,54.029998779296875,54.95000076293945,54.11000061035156,2198800.0,48.94939422607422
2011-12-20,55.599998474121094,54.29999923706055,54.619998931884766,55.47999954223633,2716500.0,50.18873977661133
2011-12-21,56.27000045776367,55.65999984741211,55.79999923706055,56.150001525878906,2605800.0,50.794830322265625
2011-12-22,56.470001220703125,55.790000915527344,56.22999954223633,56.33000183105469,1969100.0,50.957672119140625
2011-12-23,56.95000076293945,56.16999816894531,56.56999969482422,56.90999984741211,1070700.0,51.482357025146484
2011-12-27,57.40999984741211,56.81999969482422,56.95000076293945,57.25,1251200.0,51.78993225097656
2011-12-28,57.25,56.40999984741211,57.25,56.540000915527344,1473700.0,51.14765167236328
2011-12-29,57.70000076293945,56.58000183105469,56.619998931884766,57.630001068115234,2221500.0,52.13368225097656
2011-12-30,58.130001068115234,57.459999084472656,57.54999923706055,57.810001373291016,1223500.0,52.29652404785156
2012-01-03,58.58000183105469,57.709999084472656,58.310001373291016,58.02000045776367,2135600.0,52.486488342285156
2012-01-04,58.36000061035156,57.77000045776367,57.81999969482422,58.06999969482422,1691300.0,52.53171920776367
2012-01-05,58.29999923706055,57.439998626708984,57.90999984741211,58.209999084472656,1699000.0,52.65837860107422
2012-01-06,58.529998779296875,57.86000061035156,58.2400016784668,58.290000915527344,1134600.0,52.73074722290039
2012-01-09,58.560001373291016,57.97999954223633,58.47999954223633,58.54999923706055,1489700.0,52.96593475341797
2012-01-10,59.380001068115234,58.709999084472656,58.90999984741211,58.880001068115234,1903700.0,53.26447677612305
2012-01-11,59.529998779296875,58.439998626708984,58.810001373291016,59.33000183105469,1580200.0,53.67155075073242
2012-01-12,59.880001068115234,59.22999954223633,59.470001220703125,59.810001373291016,1556000.0,54.10577392578125
2012-01-13,59.79999923706055,59.380001068115234,59.56999969482422,59.689998626708984,1573000.0,53.99720764160156
2012-01-17,60.18000030517578,59.459999084472656,60.09000015258789,59.63999938964844,1559600.0,53.951988220214844
2012-01-18,60.619998931884766,59.5,59.650001525878906,60.540000915527344,1600100.0,54.76614761352539
2012-01-19,60.599998474121094,60.060001373291016,60.4900016784668,60.150001525878906,2798600.0,54.41333770751953
2012-01-20,60.790000915527344,60.15999984741211,60.209999084472656,60.380001068115234,1884100.0,54.62141799926758
2012-01-23,60.81999969482422,60.22999954223633,60.459999084472656,60.40999984741211,1208900.0,54.648555755615234
2012-01-24,61.38999938964844,60.279998779296875,60.279998779296875,60.9900016784668,2330800.0,55.173240661621094
2012-01-25,61.119998931884766,60.459999084472656,60.540000915527344,60.939998626708984,2133600.0,55.12800979614258
2012-01-26,61.41999816894531,60.529998779296875,61.25,60.7599983215332,2040800.0,54.96516418457031
2012-01-27,60.880001068115234,60.38999938964844,60.66999816894531,60.5099983215332,1761000.0,54.739013671875
2012-01-30,60.36000061035156,59.54999923706055,59.900001525878906,60.27000045776367,2026100.0,54.52190017700195
2012-01-31,60.790000915527344,60.060001373291016,60.599998474121094,60.439998626708984,1462700.0,54.67567443847656
2012-02-01,61.18000030517578,60.45000076293945,60.849998474121094,60.61000061035156,1906400.0,54.8294792175293
2012-02-02,60.880001068115234,60.4900016784668,60.75,60.5,1575100.0,54.729976654052734
2012-02-03,61.650001525878906,60.86000061035156,61.06999969482422,61.529998779296875,1427000.0,55.661739349365234
2012-02-06,61.58000183105469,61.20000076293945,61.290000915527344,61.290000915527344,1424200.0,55.44461441040039
2012-02-07,61.81999969482422,61.06999969482422,61.06999969482422,61.68000030517578,1193400.0,55.797428131103516
2012-02-08,62.099998474121094,61.459999084472656,61.59000015258789,61.86000061035156,1622300.0,55.96027374267578
2012-02-09,61.90999984741211,61.18000030517578,61.90999984741211,61.650001525878906,1178500.0,55.77028274536133
2012-02-10,61.34000015258789,60.56999969482422,60.849998474121094,61.20000076293945,1717700.0,55.36320495605469
2012-02-13,61.720001220703125,60.810001373291016,61.59000015258789,61.45000076293945,1383000.0,55.5893669128418
2012-02-14,61.779998779296875,61.040000915527344,61.439998626708984,61.310001373291016,1618800.0,55.46272659301758
2012-02-15,61.95000076293945,61.279998779296875,61.63999938964844,61.709999084472656,1772000.0,55.82456588745117
2012-02-16,62.15999984741211,61.470001220703125,61.619998931884766,61.97999954223633,1266600.0,56.06881332397461
2012-02-17,62.2400016784668,61.7599983215332,62.09000015258789,61.849998474121094,1119800.0,55.95122146606445
2012-02-21,62.2400016784668,61.349998474121094,61.70000076293945,61.650001525878906,1428200.0,55.77028274536133
2012-02-22,62.04999923706055,61.400001525878906,61.720001220703125,61.939998626708984,1696500.0,56.03263473510742
2012-02-23,62.2400016784668,61.790000915527344,61.970001220703125,62.16999816894531,1508900.0,56.240692138671875
2012-02-24,62.72999954223633,62.130001068115234,62.27000045776367,62.689998626708984,1274600.0,56.71110916137695
2012-02-27,62.86000061035156,61.900001525878906,62.310001373291016,62.619998931884766,1443200.0,56.64778137207031
2012-02-28,61.93000030517578,60.560001373291016,60.7599983215332,61.75,2661900.0,55.86075973510742
2012-02-29,61.220001220703125,59.880001068115234,60.959999084472656,60.0,4465800.0,54.277645111083984
2012-03-01,60.369998931884766,59.709999084472656,59.709999084472656,60.11000061035156,2730000.0,54.377159118652344
2012-03-02,60.220001220703125,59.349998474121094,60.02000045776367,59.54999923706055,2558000.0,54.05039978027344
2012-03-05,59.75,58.97999954223633,59.470001220703125,59.400001525878906,2507800.0,53.91426086425781
2012-03-06,59.47999954223633,58.75,58.849998474121094,59.34000015258789,2605000.0,53.859806060791016
2012-03-07,59.61000061035156,59.08000183105469,59.52000045776367,59.36000061035156,2064300.0,53.87795639038086
2012-03-08,60.220001220703125,59.220001220703125,60.130001068115234,59.33000183105469,1734200.0,53.850730895996094
2012-03-09,59.869998931884766,59.150001525878906,59.5,59.709999084472656,1663600.0,54.19563293457031
2012-03-12,59.880001068115234,59.209999084472656,59.58000183105469,59.22999954223633,1091200.0,53.75996780395508
2012-03-13,60.119998931884766,59.369998931884766,59.47999954223633,60.029998779296875,1821500.0,54.48607635498047
2012-03-14,60.31999969482422,59.4900016784668,59.75,59.81999969482422,2048600.0,54.295467376708984
2012-03-15,59.88999938964844,59.45000076293945,59.7599983215332,59.81999969482422,1343900.0,54.295467376708984
2012-03-16,60.290000915527344,59.84000015258789,60.20000076293945,60.06999969482422,3225000.0,54.52238464355469
2012-03-19,60.459999084472656,59.84000015258789,59.84000015258789,60.209999084472656,961200.0,54.64946746826172
2012-03-20,60.58000183105469,59.91999816894531,60.029998779296875,60.4900016784668,1627300.0,54.90360641479492
2012-03-21,60.59000015258789,60.099998474121094,60.439998626708984,60.15999984741211,1574900.0,54.60407638549805
2012-03-22,60.16999816894531,59.22999954223633,59.72999954223633,60.02000045776367,1843700.0,54.47700500488281
2012-03-23,60.45000076293945,59.630001068115234,60.099998474121094,60.27000045776367,1307100.0,54.70391845703125
2012-03-26,61.720001220703125,60.5,60.529998779296875,61.689998626708984,1653000.0,55.992774963378906
2012-03-27,61.77000045776367,61.22999954223633,61.61000061035156,61.439998626708984,1608200.0,55.765865325927734
2012-03-28,61.540000915527344,60.90999984741211,61.5,61.439998626708984,1496700.0,55.765865325927734
2012-03-29,61.790000915527344,60.970001220703125,61.150001525878906,61.709999084472656,1119300.0,56.010929107666016
2012-03-30,62.06999969482422,61.61000061035156,62.0,61.720001220703125,1333800.0,56.02001190185547
2012-04-02,62.41999816894531,61.459999084472656,61.59000015258789,62.31999969482422,1285600.0,56.56459045410156
2012-04-03,62.33000183105469,61.7400016784668,62.33000183105469,62.18000030517578,1138800.0,56.4375114440918
2012-04-04,61.81999969482422,61.33000183105469,61.810001373291016,61.47999954223633,878300.0,55.802181243896484
2012-04-05,61.7400016784668,61.25,61.34000015258789,61.5,1104100.0,55.82032012939453
2012-04-09,61.36000061035156,60.459999084472656,60.7400016784668,61.22999954223633,1423400.0,55.575260162353516
2012-04-10,61.18000030517578,59.810001373291016,61.029998779296875,59.91999816894531,1379400.0,54.3862419128418
2012-04-11,60.84000015258789,60.16999816894531,60.63999938964844,60.290000915527344,1242400.0,54.722068786621094
2012-04-12,61.91999816894531,60.38999938964844,60.400001525878906,61.81999969482422,1422300.0,56.11076736450195
2012-04-13,61.970001220703125,61.5099983215332,61.75,61.61000061035156,1379700.0,55.92015838623047
2012-04-16,62.08000183105469,61.52000045776367,61.849998474121094,61.790000915527344,1188200.0,56.083534240722656
2012-04-17,62.880001068115234,61.93000030517578,62.060001373291016,62.56999969482422,2083100.0,56.79151153564453
2012-04-18,62.650001525878906,62.11000061035156,62.43000030517578,62.45000076293945,1687000.0,56.68256759643555
2012-04-19,62.7400016784668,61.97999954223633,62.5,62.2599983215332,1423400.0,56.5101432800293
2012-04-20,62.529998779296875,62.099998474121094,62.31999969482422,62.220001220703125,1548300.0,56.47383499145508
2012-04-23,62.04999923706055,61.209999084472656,61.709999084472656,62.040000915527344,1363200.0,56.310455322265625
2012-04-24,62.15999984741211,61.56999969482422,61.91999816894531,62.11000061035156,1109900.0,56.37398910522461
2012-04-25,62.689998626708984,62.290000915527344,62.470001220703125,62.689998626708984,1477300.0,56.90043258666992
2012-04-26,63.20000076293945,62.380001068115234,62.52000045776367,62.970001220703125,984300.0,57.15457534790039
2012-04-27,64.13999938964844,63.029998779296875,63.20000076293945,63.810001373291016,1422600.0,57.9169921875
2012-04-30,63.79999923706055,63.06999969482422,63.7599983215332,63.689998626708984,1612200.0,57.80807113647461
2012-05-01,64.5,63.0,63.5,64.33999633789062,1741600.0,58.39802551269531
2012-05-02,64.0999984741211,63.189998626708984,63.97999954223633,64.01000213623047,1623600.0,58.09852600097656
2012-05-03,64.30000305175781,63.689998626708984,64.0,64.11000061035156,1597300.0,58.18928527832031
2012-05-04,63.9900016784668,63.34000015258789,63.72999954223633,63.5099983215332,1127400.0,57.64469528198242
2012-05-07,65.33999633789062,63.0099983215332,63.41999816894531,64.95999908447266,2723800.0,58.96077346801758
2012-05-08,64.94000244140625,64.02999877929688,64.62999725341797,64.87999725341797,1405300.0,58.88817596435547
2012-05-09,65.26000213623047,64.12000274658203,64.25,64.6500015258789,1856300.0,58.67941665649414
2012-05-10,65.20999908447266,64.62999725341797,65.08000183105469,64.80999755859375,935300.0,58.82464599609375
2012-05-11,65.06999969482422,64.5199966430664,64.5199966430664,64.70999908447266,744500.0,58.7338752746582
2012-05-14,64.58000183105469,63.88999938964844,64.23999786376953,64.26000213623047,881200.0,58.325435638427734
2012-05-15,64.5999984741211,63.91999816894531,64.27999877929688,64.26000213623047,983000.0,58.325435638427734
2012-05-16,65.13999938964844,64.26000213623047,64.55999755859375,64.62999725341797,1513700.0,58.661251068115234
2012-05-17,64.95999908447266,62.72999954223633,64.73999786376953,62.72999954223633,1697400.0,56.936729431152344
2012-05-18,63.75,62.61000061035156,63.060001373291016,62.880001068115234,1855800.0,57.07286834716797
2012-05-21,64.48999786376953,62.86000061035156,62.88999938964844,64.36000061035156,1322600.0,58.41620635986328
2012-05-22,65.52999877929688,64.48999786376953,64.54000091552734,64.81999969482422,1905500.0,58.83372497558594
2012-05-23,65.0,63.439998626708984,64.51000213623047,64.79000091552734,1400000.0,58.806495666503906
2012-05-24,65.5999984741211,64.77999877929688,65.02999877929688,65.08999633789062,2052800.0,59.078765869140625
2012-05-25,65.26000213623047,64.19999694824219,65.05999755859375,64.3499984741211,1503400.0,58.407108306884766
2012-05-29,65.0,64.26000213623047,64.80000305175781,64.41999816894531,2114300.0,58.47065353393555
2012-05-30,64.30000305175781,63.83000183105469,64.0,63.83000183105469,1684700.0,57.935150146484375
2012-05-31,63.849998474121094,63.0099983215332,63.7400016784668,63.209999084472656,1977500.0,57.372398376464844
2012-06-01,62.7599983215332,61.709999084472656,62.2599983215332,61.91999816894531,2016900.0,56.2015266418457
2012-06-04,62.41999816894531,61.45000076293945,62.0,62.27000045776367,1959800.0,56.51921081542969
2012-06-05,62.790000915527344,61.84000015258789,62.02000045776367,62.630001068115234,1111200.0,56.8459587097168
2012-06-06,64.91000366210938,62.900001525878906,62.900001525878906,64.91000366210938,1834300.0,58.91539764404297
2012-06-07,66.0999984741211,65.16000366210938,65.29000091552734,65.66999816894531,2349100.0,59.605220794677734
2012-06-08,66.62999725341797,65.12999725341797,65.44999694824219,66.54000091552734,1449200.0,60.394859313964844
2012-06-11,67.38999938964844,65.5199966430664,66.9000015258789,65.56999969482422,2298300.0,59.51445388793945
2012-06-12,66.66000366210938,65.37999725341797,65.75,66.61000061035156,1546300.0,60.45840835571289
2012-06-13,66.95999908447266,66.06999969482422,66.55000305175781,66.26000213623047,1227700.0,60.140724182128906
2012-06-14,67.0999984741211,66.05999755859375,66.26000213623047,66.86000061035156,1471900.0,60.685325622558594
2012-06-15,67.5,66.87999725341797,67.29000091552734,67.0199966430664,1837800.0,61.01304626464844
2012-06-18,67.36000061035156,66.58999633789062,66.83000183105469,66.95999908447266,1294500.0,60.95841598510742
2012-06-19,67.69999694824219,67.05999755859375,67.26000213623047,67.3499984741211,1266900.0,61.313480377197266
2012-06-20,67.62999725341797,66.08000183105469,67.36000061035156,66.3499984741211,1291800.0,60.40310287475586
2012-06-21,66.6500015258789,64.97000122070312,66.44999694824219,65.0199966430664,1397800.0,59.19230270385742
2012-06-22,66.81999969482422,65.30999755859375,65.58999633789062,66.52999877929688,5964900.0,60.566978454589844
2012-06-25,66.3499984741211,65.63999938964844,65.7300033569336,66.12000274658203,1309000.0,60.19371795654297
2012-06-26,66.80000305175781,65.68000030517578,66.30999755859375,66.62999725341797,1453400.0,60.65800857543945
2012-06-27,67.41999816894531,66.69999694824219,66.87000274658203,66.88999938964844,994900.0,60.89469909667969
2012-06-28,66.77999877929688,65.94000244140625,66.5199966430664,66.63999938964844,983600.0,60.66710662841797
2012-06-29,68.55000305175781,67.31999969482422,67.31999969482422,68.52999877929688,1484500.0,62.387699127197266
2012-07-02,68.87000274658203,68.01000213623047,68.68000030517578,68.7699966430664,1347700.0,62.606204986572266
2012-07-03,68.95999908447266,68.22000122070312,68.77999877929688,68.95999908447266,618900.0,62.77916717529297
2012-07-05,68.83000183105469,68.25,68.7699966430664,68.62000274658203,883300.0,62.46964645385742
2012-07-06,68.23999786376953,67.58999633789062,68.08000183105469,67.81999969482422,830700.0,61.7413330078125
2012-07-09,68.19000244140625,67.63999938964844,67.75,67.94999694824219,858300.0,61.859718322753906
2012-07-10,68.63999938964844,67.27999877929688,68.26000213623047,67.48999786376953,1271400.0,61.44090270996094
2012-07-11,67.56999969482422,66.76000213623047,67.4800033569336,67.16000366210938,1133000.0,61.140480041503906
2012-07-12,67.62999725341797,66.20999908447266,66.75,67.33000183105469,1218300.0,61.2952766418457
2012-07-13,67.83000183105469,67.23999786376953,67.45999908447266,67.69000244140625,1144800.0,61.62300109863281
2012-07-16,67.80000305175781,67.1500015258789,67.5199966430664,67.4800033569336,821700.0,61.431819915771484
2012-07-17,68.30000305175781,67.29000091552734,67.66000366210938,68.13999938964844,1048100.0,62.032649993896484
2012-07-18,67.94999694824219,67.37000274658203,67.77999877929688,67.87000274658203,1025600.0,61.786888122558594
2012-07-19,68.11000061035156,67.36000061035156,67.87999725341797,67.93000030517578,1191100.0,61.84147262573242
2012-07-20,67.75,67.12999725341797,67.5,67.2300033569336,2351300.0,61.204227447509766
2012-07-23,66.97000122070312,66.29000091552734,66.47000122070312,66.61000061035156,904800.0,60.63979721069336
2012-07-24,66.66999816894531,65.05999755859375,66.66999816894531,65.41000366210938,1512200.0,59.54734420776367
2012-07-25,66.04000091552734,65.30000305175781,65.62999725341797,65.41999816894531,1483900.0,59.55645751953125
2012-07-26,66.83000183105469,65.66999816894531,66.25,66.0,1097600.0,60.0844841003418
2012-07-27,67.33000183105469,66.23999786376953,66.44000244140625,67.16999816894531,1948000.0,61.14959716796875
2012-07-30,68.43000030517578,67.13999938964844,67.18000030517578,68.1500015258789,1362300.0,62.041744232177734
2012-07-31,66.11000061035156,61.65999984741211,64.91999816894531,65.44999694824219,4793600.0,59.5837516784668
2012-08-01,66.02999877929688,65.16000366210938,65.7699966430664,65.69999694824219,2014300.0,59.81136703491211
2012-08-02,65.27999877929688,63.33000183105469,65.27999877929688,63.47999954223633,3278300.0,57.79033279418945
2012-08-03,64.55000305175781,63.7599983215332,64.19999694824219,64.41000366210938,2489100.0,58.63698959350586
2012-08-06,64.77999877929688,64.20999908447266,64.30000305175781,64.43000030517578,1109700.0,58.65518569946289
2012-08-07,64.69999694824219,63.869998931884766,64.37000274658203,64.4800033569336,1302700.0,58.70070266723633
2012-08-08,64.70999908447266,64.12000274658203,64.47000122070312,64.18000030517578,936200.0,58.42760467529297
2012-08-09,64.68000030517578,64.05999755859375,64.18000030517578,64.52999877929688,1078600.0,58.74622344970703
2012-08-10,65.41999816894531,64.44999694824219,64.47000122070312,65.33999633789062,1069500.0,59.48362731933594
2012-08-13,65.19999694824219,64.54000091552734,65.11000061035156,65.11000061035156,698100.0,59.27424240112305
2012-08-14,65.37999725341797,64.61000061035156,65.37999725341797,64.79000091552734,874400.0,58.98292541503906
2012-08-15,65.16999816894531,64.5,64.66000366210938,65.08999633789062,943300.0,59.25603103637695
2012-08-16,66.8499984741211,65.08000183105469,65.22000122070312,66.7699966430664,1087500.0,60.785457611083984
2012-08-17,66.91999816894531,66.31999969482422,66.41999816894531,66.79000091552734,918700.0,60.803680419921875
2012-08-20,66.86000061035156,65.9800033569336,66.58999633789062,66.12999725341797,648700.0,60.20280075073242
2012-08-21,66.47000122070312,65.70999908447266,66.33999633789062,65.83999633789062,657300.0,59.93879699707031
2012-08-22,67.30000305175781,65.2699966430664,65.68000030517578,67.29000091552734,1718900.0,61.25883102416992
2012-08-23,67.41000366210938,66.61000061035156,66.63999938964844,66.79000091552734,1527800.0,60.803680419921875
2012-08-24,66.81999969482422,66.33000183105469,66.55999755859375,66.5199966430664,867700.0,60.557861328125
2012-08-27,66.62999725341797,66.08999633789062,66.62999725341797,66.1500015258789,727400.0,60.22102355957031
2012-08-28,65.87999725341797,64.7699966430664,65.87999725341797,65.0199966430664,1495400.0,59.19230270385742
2012-08-29,65.33000183105469,64.6500015258789,65.13999938964844,65.12000274658203,959200.0,59.2833366394043
2012-08-30,64.87999725341797,63.939998626708984,64.77999877929688,64.01000213623047,1233100.0,58.2728271484375
2012-08-31,64.48999786376953,63.72999954223633,64.36000061035156,64.02999877929688,1485500.0,58.291038513183594
2012-09-04,64.26000213623047,63.22999954223633,64.04000091552734,63.470001220703125,1290700.0,57.7812385559082
2012-09-05,64.0199966430664,62.97999954223633,63.470001220703125,63.900001525878906,1466000.0,58.172691345214844
2012-09-06,65.04000091552734,64.23999786376953,64.30999755859375,64.94000244140625,1335000.0,59.119476318359375
2012-09-07,65.41999816894531,64.86000061035156,65.16999816894531,65.26000213623047,1080700.0,59.41080093383789
2012-09-10,65.4000015258789,64.55999755859375,65.2699966430664,64.62999725341797,955000.0,58.837242126464844
2012-09-11,64.76000213623047,64.1500015258789,64.6500015258789,64.19999694824219,1030500.0,58.445796966552734
2012-09-12,64.55000305175781,63.7599983215332,64.31999969482422,64.13999938964844,985700.0,58.39117431640625
2012-09-13,65.48999786376953,63.91999816894531,64.33999633789062,64.9000015258789,1390100.0,59.08306121826172
2012-09-14,65.2300033569336,64.11000061035156,64.80999755859375,64.12000274658203,2048700.0,58.553409576416016
2012-09-17,64.20999908447266,63.779998779296875,64.19000244140625,63.849998474121094,1814900.0,58.306854248046875
2012-09-18,64.06999969482422,63.540000915527344,63.849998474121094,63.630001068115234,1581000.0,58.10594940185547
2012-09-19,63.88999938964844,63.54999923706055,63.81999969482422,63.59000015258789,1247200.0,58.069419860839844
2012-09-20,63.7400016784668,63.130001068115234,63.29999923706055,63.56999969482422,1325600.0,58.051151275634766
2012-09-21,64.19000244140625,63.25,63.650001525878906,64.11000061035156,5485300.0,58.544281005859375
2012-09-24,64.69000244140625,63.79999923706055,63.869998931884766,64.48999786376953,1899400.0,58.89129638671875
2012-09-25,64.94000244140625,63.720001220703125,64.69999694824219,63.77000045776367,1490800.0,58.23379898071289
2012-09-26,64.58999633789062,63.779998779296875,63.90999984741211,64.30000305175781,1436700.0,58.71778869628906
2012-09-27,65.18000030517578,63.97999954223633,64.44000244140625,65.11000061035156,1574000.0,59.45747756958008
2012-09-28,65.02999877929688,64.45999908447266,64.83000183105469,64.80999755859375,1475300.0,59.18351364135742
2012-10-01,65.70999908447266,64.63999938964844,64.98999786376953,64.93000030517578,1073800.0,59.293094635009766
2012-10-02,65.12999725341797,64.38999938964844,65.0999984741211,64.80999755859375,764100.0,59.18351364135742
2012-10-03,65.01000213623047,64.2699966430664,64.8499984741211,64.41999816894531,897900.0,58.827369689941406
2012-10-04,65.19999694824219,64.69000244140625,64.76000213623047,64.9000015258789,655500.0,59.26569747924805
2012-10-05,65.6500015258789,64.69999694824219,65.30999755859375,64.98999786376953,1040000.0,59.347877502441406
2012-10-08,65.0199966430664,64.56999969482422,64.94000244140625,64.88999938964844,768100.0,59.25656509399414
2012-10-09,65.22000122070312,64.12999725341797,64.97000122070312,64.1500015258789,988000.0,58.58081817626953
2012-10-10,64.12999725341797,63.41999816894531,64.06999969482422,63.630001068115234,1097800.0,58.10594940185547
2012-10-11,64.6500015258789,63.66999816894531,64.33000183105469,63.66999816894531,868600.0,58.14247512817383
2012-10-12,66.44000244140625,63.439998626708984,65.22000122070312,66.23999786376953,3817100.0,60.4893684387207
2012-10-15,68.31999969482422,66.73999786376953,66.76000213623047,67.87000274658203,3431800.0,61.977882385253906
2012-10-16,68.81999969482422,68.08000183105469,68.16000366210938,68.77999877929688,2015700.0,62.808860778808594
2012-10-17,70.75,68.55999755859375,68.55999755859375,69.4000015258789,1646100.0,63.37504959106445
2012-10-18,69.97000122070312,69.16999816894531,69.16999816894531,69.87999725341797,1256800.0,63.8133544921875
2012-10-19,69.91999816894531,68.51000213623047,69.68000030517578,69.06999969482422,2164800.0,63.07368469238281
2012-10-22,69.7699966430664,68.9000015258789,68.98999786376953,69.73999786376953,1546700.0,63.68550491333008
2012-10-23,69.55000305175781,68.51000213623047,68.94999694824219,69.18000030517578,1341100.0,63.17413330078125
2012-10-24,69.48999786376953,68.83000183105469,69.36000061035156,68.98999786376953,1033400.0,63.0006217956543
2012-10-25,69.75,68.81999969482422,69.25,69.19999694824219,754100.0,63.19239044189453
2012-10-26,69.56999969482422,68.72000122070312,69.19000244140625,69.55999755859375,1465700.0,63.52112579345703
2012-10-31,69.70999908447266,68.5,69.36000061035156,69.5999984741211,1554400.0,63.55765914916992
2012-11-01,70.94999694824219,68.91999816894531,69.55000305175781,70.81999969482422,1987000.0,64.6717529296875
2012-11-02,71.29000091552734,70.45999908447266,71.0,70.61000061035156,1360300.0,64.47996520996094
2012-11-05,70.87999725341797,70.06999969482422,70.66000366210938,70.73999786376953,774200.0,64.59869384765625
2012-11-06,71.56999969482422,70.63999938964844,70.93000030517578,71.36000061035156,1410400.0,65.16487121582031
2012-11-07,71.1500015258789,70.0999984741211,70.80999755859375,70.4800033569336,1130800.0,64.36128234863281
2012-11-08,70.97000122070312,70.01000213623047,70.37999725341797,70.04000091552734,883400.0,63.9594612121582
2012-11-09,70.30000305175781,69.55000305175781,70.0,69.87000274658203,1079000.0,63.804237365722656
2012-11-12,70.30000305175781,69.37999725341797,70.05000305175781,69.41999816894531,906200.0,63.39329528808594
2012-11-13,69.88999938964844,69.0999984741211,69.20999908447266,69.25,879800.0,63.23805618286133
2012-11-14,69.47000122070312,68.19999694824219,69.47000122070312,68.26000213623047,919900.0,62.334014892578125
2012-11-15,68.94000244140625,68.16000366210938,68.2699966430664,68.69999694824219,972800.0,62.73579788208008
2012-11-16,69.1500015258789,67.97000122070312,68.62000274658203,68.97000122070312,1281700.0,62.982364654541016
2012-11-19,70.0,69.20999908447266,69.69999694824219,70.0,1182300.0,63.922943115234375
2012-11-20,70.37000274658203,69.05000305175781,70.0,70.31999969482422,1031100.0,64.21514892578125
2012-11-21,70.31999969482422,69.55999755859375,70.30999755859375,69.69999694824219,869100.0,63.648983001708984
2012-11-23,70.44000244140625,69.76000213623047,69.87000274658203,70.3499984741211,470300.0,64.24253845214844
2012-11-26,70.08999633789062,69.26000213623047,69.43000030517578,69.80999755859375,1337300.0,63.749473571777344
2012-11-27,70.45999908447266,69.56999969482422,69.83000183105469,70.04000091552734,1364500.0,63.9594612121582
2012-11-28,70.9800033569336,69.43000030517578,69.69000244140625,70.97000122070312,1331100.0,64.8087158203125
2012-11-29,72.0,71.08000183105469,71.0999984741211,71.80999755859375,1340900.0,65.57582092285156
2012-11-30,72.2699966430664,71.51000213623047,71.69000244140625,72.08000183105469,2105700.0,65.82238006591797
2012-12-03,72.13999938964844,71.37999725341797,72.0,71.5199966430664,1717800.0,65.31095886230469
2012-12-04,72.1500015258789,71.38999938964844,71.51000213623047,71.87000274658203,1486900.0,65.63058471679688
2012-12-05,72.04000091552734,71.04000091552734,71.77999877929688,71.16000366210938,1743000.0,64.98223876953125
2012-12-06,72.41999816894531,71.12999725341797,71.16999816894531,72.38999938964844,1080000.0,66.10543823242188
2012-12-07,72.79000091552734,71.93000030517578,72.45999908447266,72.72000122070312,1541100.0,66.40682220458984
2012-12-10,72.75,71.66000366210938,72.48999786376953,72.04000091552734,1262100.0,65.78587341308594
2012-12-11,72.73999786376953,71.76000213623047,72.12000274658203,72.52999877929688,1238800.0,66.23330688476562
2012-12-12,72.7300033569336,70.29000091552734,72.72000122070312,70.51000213623047,2330100.0,64.3886489868164
2012-12-13,70.87999725341797,70.36000061035156,70.62000274658203,70.68000030517578,1413200.0,64.54388427734375
2012-12-14,70.86000061035156,70.0199966430664,70.36000061035156,70.5199966430664,1021700.0,64.60803985595703
2012-12-17,71.08000183105469,70.2699966430664,70.69999694824219,71.08000183105469,1548600.0,65.12108612060547
2012-12-18,71.91000366210938,70.83000183105469,71.0999984741211,71.87000274658203,993900.0,65.84485626220703
2012-12-19,72.16000366210938,71.27999877929688,71.73999786376953,71.80000305175781,1425000.0,65.78072357177734
2012-12-20,72.23999786376953,71.66000366210938,72.11000061035156,72.2300033569336,1026400.0,66.17469787597656
2012-12-21,71.83999633789062,70.94000244140625,70.94000244140625,71.19999694824219,1753900.0,65.23099517822266
2012-12-24,72.27999877929688,71.0199966430664,71.08999633789062,72.08000183105469,595000.0,66.03726959228516
2012-12-26,72.5,71.69000244140625,72.16999816894531,71.81999969482422,1060700.0,65.799072265625
2012-12-27,72.2699966430664,70.83999633789062,71.91999816894531,71.80000305175781,696200.0,65.78072357177734
2012-12-28,71.5999984741211,70.69999694824219,71.2300033569336,70.77999877929688,620700.0,64.84623718261719
2012-12-31,71.91000366210938,70.33000183105469,70.66000366210938,71.9000015258789,888000.0,65.87236022949219
2013-01-02,74.33000183105469,72.76000213623047,72.94000244140625,74.33000183105469,1533100.0,68.0986328125
2013-01-03,74.73999786376953,73.8499984741211,74.2699966430664,74.0999984741211,1060200.0,67.8879165649414
2013-01-04,74.54000091552734,74.0,74.2300033569336,74.3499984741211,621900.0,68.1169662475586
2013-01-07,74.36000061035156,73.4800033569336,74.2300033569336,73.9000015258789,798300.0,67.70466613769531
2013-01-08,73.55999755859375,72.30000305175781,72.30000305175781,73.25,1137700.0,67.10916137695312
2013-01-09,73.69999694824219,73.04000091552734,73.47000122070312,73.37000274658203,1044700.0,67.2191162109375
2013-01-10,73.61000061035156,72.81999969482422,73.52999877929688,73.1500015258789,1029800.0,67.01754760742188
2013-01-11,73.5199966430664,72.56999969482422,73.51000213623047,72.80999755859375,829300.0,66.7060775756836
2013-01-14,73.08000183105469,72.55000305175781,72.91000366210938,72.94000244140625,777800.0,66.8251724243164
2013-01-15,73.38999938964844,72.45999908447266,72.54000091552734,73.12999725341797,722800.0,66.99922943115234
2013-01-16,73.05000305175781,72.66000366210938,72.9800033569336,72.83999633789062,789500.0,66.73353576660156
2013-01-17,73.76000213623047,72.91999816894531,73.16000366210938,73.31999969482422,658700.0,67.17329406738281
2013-01-18,73.87000274658203,73.0199966430664,73.61000061035156,73.81999969482422,941100.0,67.63137817382812
2013-01-22,74.19999694824219,73.47000122070312,73.62999725341797,74.16000366210938,1100000.0,67.94287872314453
2013-01-23,74.0199966430664,73.13999938964844,74.0,73.38999938964844,1091100.0,67.2374496459961
2013-01-24,73.72000122070312,73.0199966430664,73.47000122070312,73.16999816894531,898400.0,67.03587341308594
2013-01-25,73.5199966430664,72.77999877929688,73.43000030517578,73.44000244140625,736000.0,67.28324890136719
2013-01-28,73.69999694824219,72.55999755859375,73.37999725341797,72.6500015258789,770400.0,66.55947875976562
2013-01-29,73.0199966430664,72.02999877929688,72.44999694824219,72.87999725341797,563100.0,66.77017211914062
2013-01-30,73.0,72.16999816894531,72.98999786376953,72.23999786376953,757700.0,66.183837890625
2013-01-31,72.97000122070312,71.98999786376953,72.04000091552734,72.4000015258789,1198200.0,66.33043670654297
2013-02-01,73.98999786376953,72.44999694824219,72.79000091552734,73.87000274658203,995000.0,67.67720031738281
2013-02-04,73.62000274658203,72.91999816894531,73.5,73.27999877929688,2018500.0,67.13665771484375
2013-02-05,74.52999877929688,73.43000030517578,73.68000030517578,74.30999755859375,876600.0,68.08031463623047
2013-02-06,74.37999725341797,73.69000244140625,74.0199966430664,74.05999755859375,847600.0,67.85128021240234
2013-02-07,73.94999694824219,72.77999877929688,73.81999969482422,73.44000244140625,845400.0,67.28324890136719
2013-02-08,74.47000122070312,73.43000030517578,73.45999908447266,74.4000015258789,760600.0,68.16278839111328
2013-02-11,74.54000091552734,73.79000091552734,74.19999694824219,74.05999755859375,610100.0,67.85128021240234
2013-02-12,74.48999786376953,73.88999938964844,73.94999694824219,74.45999908447266,712900.0,68.21772003173828
2013-02-13,74.86000061035156,74.11000061035156,74.69000244140625,74.66999816894531,691300.0,68.41011047363281
2013-02-14,75.13999938964844,74.26000213623047,74.45999908447266,74.81999969482422,1055200.0,68.54753112792969
2013-02-15,75.9000015258789,74.95999908447266,75.20999908447266,75.20999908447266,1995800.0,68.90486145019531
2013-02-19,75.7699966430664,74.80000305175781,75.22000122070312,75.69000244140625,973000.0,69.34461212158203
2013-02-20,75.97000122070312,74.69999694824219,75.68000030517578,74.80999755859375,1235300.0,68.53836822509766
2013-02-21,74.51000213623047,73.61000061035156,74.51000213623047,73.9800033569336,1241900.0,67.77799987792969
2013-02-22,74.94999694824219,74.2699966430664,74.37000274658203,74.69999694824219,1046500.0,68.43761444091797
2013-02-25,75.36000061035156,72.79000091552734,75.0,72.80000305175781,1443400.0,66.69691467285156
2013-02-26,75.9800033569336,72.02999877929688,72.30999755859375,75.83999633789062,1782400.0,69.48204040527344
2013-02-27,77.77999877929688,75.9800033569336,76.08000183105469,77.30999755859375,1731700.0,70.82880401611328
2013-02-28,77.68000030517578,76.51000213623047,77.30000305175781,76.55000305175781,2251700.0,70.13251495361328
2013-03-01,77.06999969482422,75.48999786376953,76.22000122070312,76.7699966430664,1462300.0,70.54605102539062
2013-03-04,77.31999969482422,76.19000244140625,76.44000244140625,77.31999969482422,736300.0,71.05146026611328
2013-03-05,78.0,77.13999938964844,77.69000244140625,77.27999877929688,866100.0,71.01469421386719
2013-03-06,78.04000091552734,77.30999755859375,77.5999984741211,77.66999816894531,970400.0,71.3730697631836
2013-03-07,78.20999908447266,77.4800033569336,77.86000061035156,77.93000030517578,1105400.0,71.61197662353516
2013-03-08,78.4000015258789,77.69999694824219,78.04000091552734,78.13999938964844,700100.0,71.80497741699219
2013-03-11,78.93000030517578,78.02999877929688,78.16000366210938,78.80999755859375,837300.0,72.42063903808594
2013-03-12,79.48999786376953,78.7300033569336,78.7300033569336,79.44999694824219,1016900.0,73.00875091552734
2013-03-13,80.13999938964844,79.19000244140625,79.45999908447266,79.94999694824219,1336400.0,73.46821594238281
2013-03-14,80.31999969482422,79.5,80.29000091552734,79.95999908447266,1089200.0,73.47738647460938
2013-03-15,79.95999908447266,79.33999633789062,79.69000244140625,79.63999938964844,1695300.0,73.18333435058594
2013-03-18,79.16000366210938,78.62999725341797,78.97000122070312,78.77999877929688,876700.0,72.39307403564453
2013-03-19,79.36000061035156,78.30999755859375,78.93000030517578,79.19000244140625,894400.0,72.76985168457031
2013-03-20,80.0,79.16000366210938,79.61000061035156,79.37999725341797,726600.0,72.94441223144531
2013-03-21,79.30999755859375,78.31999969482422,78.76000213623047,78.8499984741211,656200.0,72.4574203491211
2013-03-22,79.80999755859375,78.69999694824219,78.98999786376953,79.47000122070312,875200.0,73.02713775634766
2013-03-25,80.69000244140625,79.29000091552734,79.75,79.7300033569336,1141700.0,73.26608276367188
2013-03-26,80.22000122070312,78.62999725341797,80.05999755859375,78.87999725341797,1071000.0,72.48495483398438
2013-03-27,78.86000061035156,77.83999633789062,78.19000244140625,78.33999633789062,1513000.0,71.9887466430664
2013-03-28,80.3499984741211,78.66999816894531,78.66999816894531,80.18000030517578,1304400.0,73.67955780029297
2013-04-01,80.2699966430664,79.29000091552734,80.0,79.5,731700.0,73.0547103881836
2013-04-02,80.33000183105469,79.62999725341797,79.9000015258789,80.19999694824219,711300.0,73.69795227050781
2013-04-03,80.27999877929688,78.94999694824219,80.16999816894531,79.55999755859375,1101900.0,73.10983276367188
2013-04-04,80.11000061035156,79.27999877929688,79.77999877929688,79.8499984741211,1131000.0,73.37632751464844
2013-04-05,79.4800033569336,78.73999786376953,78.98999786376953,79.33999633789062,879600.0,72.90768432617188
2013-04-08,80.04000091552734,78.91999816894531,79.23999786376953,80.04000091552734,707500.0,73.55093383789062
2013-04-09,81.22000122070312,80.01000213623047,80.62000274658203,80.56999969482422,1219300.0,74.0379638671875
2013-04-10,82.33000183105469,80.68000030517578,80.98999786376953,82.30999755859375,899500.0,75.63689422607422
2013-04-11,83.23999786376953,82.13999938964844,82.30999755859375,82.97000122070312,1677600.0,76.24340057373047
2013-04-12,82.77999877929688,81.73999786376953,82.76000213623047,82.22000122070312,644200.0,75.55419921875
2013-04-15,82.4000015258789,80.52999877929688,82.0,80.52999877929688,1309400.0,74.001220703125
2013-04-16,82.12000274658203,81.13999938964844,81.33000183105469,81.91999816894531,1346100.0,75.27851104736328
2013-04-17,81.87999725341797,80.29000091552734,81.33999633789062,81.55999755859375,948800.0,74.94770050048828
2013-04-18,81.87999725341797,80.83999633789062,81.66999816894531,81.33000183105469,999000.0,74.7363510131836
2013-04-19,82.63999938964844,81.58000183105469,81.62000274658203,82.2300033569336,1216300.0,75.56336975097656
2013-04-22,83.4000015258789,81.93000030517578,82.1500015258789,83.0199966430664,1214900.0,76.28932189941406
2013-04-23,84.12000274658203,83.0,83.2699966430664,83.79000091552734,1322100.0,76.99689483642578
2013-04-24,84.20999908447266,83.29000091552734,84.16999816894531,83.29000091552734,731800.0,76.53742980957031
2013-04-25,84.27999877929688,83.3499984741211,83.52999877929688,83.7300033569336,743000.0,76.94176483154297
2013-04-26,83.87000274658203,82.87000274658203,83.7300033569336,82.94000244140625,637200.0,76.2158203125
2013-04-29,83.29000091552734,82.3499984741211,82.8499984741211,83.25,1529400.0,76.50067901611328
2013-04-30,84.69999694824219,82.88999938964844,83.05000305175781,84.62000274658203,1893900.0,77.75960540771484
2013-05-01,85.16000366210938,83.98999786376953,84.75,84.25,1548300.0,77.41959381103516
2013-05-02,84.55999755859375,83.97000122070312,84.16999816894531,84.2699966430664,1277200.0,77.43800354003906
2013-05-03,85.6500015258789,84.76000213623047,85.05999755859375,85.58000183105469,1178600.0,78.64179992675781
2013-05-06,85.73999786376953,85.0199966430664,85.7300033569336,85.3499984741211,570100.0,78.43042755126953
2013-05-07,87.16999816894531,85.75,85.75,87.16999816894531,1360500.0,80.10285949707031
2013-05-08,87.08999633789062,86.51000213623047,87.08999633789062,86.87000274658203,635000.0,79.82720947265625
2013-05-09,87.18000030517578,86.55999755859375,86.77999877929688,86.77999877929688,741800.0,79.74449157714844
2013-05-10,87.33999633789062,86.51000213623047,86.72000122070312,86.80000305175781,571600.0,79.76288604736328
2013-05-13,87.58000183105469,86.51000213623047,86.7300033569336,86.9800033569336,870400.0,79.92828369140625
2013-05-14,87.98999786376953,86.97000122070312,87.19000244140625,87.97000122070312,1083600.0,80.83802032470703
2013-05-15,89.22000122070312,87.66000366210938,87.80000305175781,89.13999938964844,713500.0,81.91315460205078
2013-05-16,88.94999694824219,88.08000183105469,88.80000305175781,88.16000366210938,835600.0,81.01262664794922
2013-05-17,89.08999633789062,87.80000305175781,88.22000122070312,89.08999633789062,1127800.0,81.8672103881836
2013-05-20,88.9000015258789,88.0199966430664,88.87999725341797,88.08000183105469,825600.0,80.9391098022461
2013-05-21,89.47000122070312,88.0999984741211,88.22000122070312,89.05000305175781,1012600.0,81.83047485351562
2013-05-22,89.22000122070312,87.0199966430664,89.0,87.43000030517578,1137400.0,80.341796875
2013-05-23,87.62000274658203,86.69000244140625,86.73999786376953,87.19000244140625,1209200.0,80.12126922607422
2013-05-24,87.33000183105469,86.05000305175781,86.75,87.13999938964844,856100.0,80.07530975341797
2013-05-28,88.0,86.8499984741211,87.93000030517578,87.05999755859375,1185200.0,80.00178527832031
2013-05-29,86.8499984741211,85.45999908447266,86.62000274658203,86.04000091552734,1094400.0,79.06449890136719
2013-05-30,86.44999694824219,85.44999694824219,86.13999938964844,85.45999908447266,1301600.0,78.53150177001953
2013-05-31,85.58999633789062,84.43000030517578,85.01000213623047,84.47000122070312,2815000.0,77.62176513671875
2013-06-03,84.73999786376953,83.25,84.72000122070312,83.75,2321300.0,76.96014404296875
2013-06-04,85.91999816894531,83.70999908447266,83.73999786376953,84.5199966430664,2138400.0,77.667724609375
2013-06-05,84.62999725341797,83.48999786376953,84.1500015258789,83.51000213623047,1295200.0,76.73963165283203
2013-06-06,84.08999633789062,83.1500015258789,83.51000213623047,84.08999633789062,1358600.0,77.2725601196289
2013-06-07,84.81999969482422,83.9800033569336,84.30999755859375,84.75,1388400.0,77.87905883789062
2013-06-10,85.44999694824219,84.47000122070312,85.0,84.61000061035156,1316200.0,77.75041961669922
2013-06-11,84.86000061035156,83.5199966430664,83.91000366210938,83.69999694824219,842000.0,76.9142074584961
2013-06-12,84.87999725341797,83.8499984741211,84.33999633789062,84.25,1682800.0,77.41959381103516
2013-06-13,84.87999725341797,83.4000015258789,84.04000091552734,84.76000213623047,1292800.0,77.88826751708984
2013-06-14,84.69999694824219,83.95999908447266,84.37000274658203,84.02999877929688,898600.0,77.42755889892578
2013-06-17,86.33999633789062,84.62000274658203,84.62999725341797,86.31999969482422,1481200.0,79.5376205444336
2013-06-18,86.8499984741211,86.08999633789062,86.37000274658203,86.7300033569336,1000800.0,79.9154052734375
2013-06-19,86.81999969482422,85.5999984741211,86.72000122070312,85.68000030517578,851500.0,78.94792175292969
2013-06-20,85.30999755859375,83.83000183105469,85.20999908447266,83.98999786376953,1205200.0,77.39069366455078
2013-06-21,84.3499984741211,82.93000030517578,84.29000091552734,83.7699966430664,2312100.0,77.18799591064453
2013-06-24,84.76000213623047,82.58000183105469,83.0,83.93000030517578,1288900.0,77.3354263305664
2013-06-25,84.87000274658203,83.97000122070312,84.69999694824219,84.41000366210938,1416200.0,77.7776870727539
2013-06-26,86.0,84.87000274658203,85.0,85.93000030517578,787700.0,79.17826843261719
2013-06-27,86.62000274658203,85.16000366210938,86.48999786376953,85.69999694824219,1074400.0,78.9663314819336
2013-06-28,86.30999755859375,85.18000030517578,85.63999938964844,85.19000244140625,1450600.0,78.49642181396484
2013-07-01,86.93000030517578,85.4800033569336,85.54000091552734,86.33999633789062,1314900.0,79.55606079101562
2013-07-02,86.69000244140625,85.69999694824219,85.83000183105469,86.12999725341797,1358400.0,79.36256408691406
2013-07-03,86.30999755859375,85.68000030517578,86.05000305175781,85.83000183105469,873100.0,79.08612823486328
2013-07-05,86.63999938964844,85.58000183105469,86.43000030517578,86.5,584700.0,79.70348358154297
2013-07-08,87.4000015258789,86.66000366210938,86.8499984741211,86.86000061035156,605400.0,80.03520202636719
2013-07-09,88.47000122070312,87.33000183105469,87.41000366210938,88.45999908447266,871100.0,81.50948333740234
2013-07-10,88.93000030517578,87.93000030517578,88.2300033569336,88.66000366210938,815800.0,81.69378662109375
2013-07-11,89.94000244140625,89.30999755859375,89.30999755859375,89.9000015258789,1120000.0,82.83631134033203
2013-07-12,90.29000091552734,89.44000244140625,89.83000183105469,90.29000091552734,826000.0,83.19567108154297
2013-07-15,90.81999969482422,89.94999694824219,90.19999694824219,90.7699966430664,757400.0,83.6379623413086
2013-07-16,91.41000366210938,90.75,90.83000183105469,91.31999969482422,1294400.0,84.14476776123047
2013-07-17,91.80999755859375,91.13999938964844,91.51000213623047,91.63999938964844,1073000.0,84.43962860107422
2013-07-18,92.51000213623047,91.58000183105469,91.75,92.4800033569336,794300.0,85.21361541748047
2013-07-19,93.47000122070312,92.2699966430664,92.62999725341797,93.4000015258789,1718300.0,86.06133270263672
2013-07-22,94.3499984741211,93.02999877929688,93.02999877929688,94.27999877929688,1269600.0,86.87218475341797
2013-07-23,95.19000244140625,94.16999816894531,94.66999816894531,94.7699966430664,1439400.0,87.32368469238281
2013-07-24,95.0,93.55000305175781,95.0,93.68000030517578,1178700.0,86.3193130493164
2013-07-25,93.79000091552734,93.0999984741211,93.5,93.54000091552734,1274700.0,86.19034576416016
2013-07-26,93.29000091552734,92.12999725341797,93.0999984741211,92.98999786376953,901900.0,85.68356323242188
2013-07-29,93.11000061035156,91.48999786376953,92.87999725341797,92.0999984741211,1263400.0,84.86344909667969
2013-07-30,94.87999725341797,92.43000030517578,92.44000244140625,93.75,1190600.0,86.38382720947266
2013-07-31,94.97000122070312,92.06999969482422,93.98999786376953,92.13999938964844,1494900.0,84.90033721923828
2013-08-01,94.16000366210938,92.83000183105469,92.87000274658203,94.04000091552734,1257600.0,86.65104675292969
2013-08-02,93.88999938964844,92.77999877929688,93.88999938964844,93.62000274658203,756300.0,86.2640380859375
2013-08-05,93.5199966430664,92.0,93.5199966430664,92.45999908447266,711400.0,85.1951904296875
2013-08-06,93.66000366210938,92.41000366210938,92.48999786376953,93.5,783300.0,86.15348052978516
2013-08-07,93.58999633789062,92.44999694824219,93.33000183105469,93.30000305175781,846100.0,85.96918487548828
2013-08-08,93.91999816894531,93.0199966430664,93.5999984741211,93.05000305175781,642700.0,85.73883819580078
2013-08-09,94.0,92.5999984741211,93.0999984741211,93.04000091552734,918400.0,85.7296142578125
2013-08-12,93.38999938964844,92.33000183105469,92.9000015258789,92.79000091552734,722500.0,85.49927520751953
2013-08-13,93.43000030517578,92.33999633789062,92.80999755859375,93.1500015258789,459200.0,85.83098602294922
2013-08-14,93.62000274658203,92.7699966430664,93.2699966430664,93.02999877929688,651100.0,85.72041320800781
2013-08-15,92.55999755859375,91.25,92.36000061035156,92.19999694824219,1252600.0,84.95561218261719
2013-08-16,92.18000030517578,91.31999969482422,91.94000244140625,91.70999908447266,939600.0,84.50411224365234
2013-08-19,92.13999938964844,91.13999938964844,91.20999908447266,91.2300033569336,712100.0,84.06182861328125
2013-08-20,91.30000305175781,90.51000213623047,91.16000366210938,90.5999984741211,991400.0,83.4813461303711
2013-08-21,91.55999755859375,90.25,90.56999969482422,90.69000244140625,713400.0,83.56426239013672
2013-08-22,91.70999908447266,90.18000030517578,90.62999725341797,91.54000091552734,553700.0,84.34746551513672
2013-08-23,91.86000061035156,90.83999633789062,91.66000366210938,91.70999908447266,531800.0,84.50411224365234
2013-08-26,93.12000274658203,91.77999877929688,91.83000183105469,92.44000244140625,911600.0,85.17676544189453
2013-08-27,91.87999725341797,90.55999755859375,91.66999816894531,90.5999984741211,710600.0,83.4813461303711
2013-08-28,91.22000122070312,90.47000122070312,90.79000091552734,90.83000183105469,665300.0,83.69327545166016
2013-08-29,92.12999725341797,90.48999786376953,90.81999969482422,91.63999938964844,814500.0,84.43962860107422
2013-08-30,92.2300033569336,91.12000274658203,91.88999938964844,91.3499984741211,970000.0,84.17240905761719
2013-09-03,93.0,91.94999694824219,92.54000091552734,92.58000183105469,1137700.0,85.30575561523438
2013-09-04,93.91999816894531,92.4800033569336,92.51000213623047,93.7300033569336,1263100.0,86.36539459228516
2013-09-05,93.87000274658203,93.0,93.41999816894531,93.12000274658203,750300.0,85.8033447265625
2013-09-06,93.5,92.12000274658203,93.23999786376953,92.7300033569336,925700.0,85.4439926147461
2013-09-09,93.80999755859375,92.76000213623047,92.76000213623047,93.79000091552734,630900.0,86.42068481445312
2013-09-10,95.41999816894531,94.0,94.0,95.38999938964844,952200.0,87.89496612548828
2013-09-11,96.37000274658203,94.87000274658203,95.25,96.0999984741211,877400.0,88.54917907714844
2013-09-12,96.16999816894531,95.0999984741211,96.06999969482422,96.0,794900.0,88.45704650878906
2013-09-13,95.87999725341797,95.0199966430664,95.83000183105469,95.69000244140625,686300.0,88.38313293457031
2013-09-16,97.33000183105469,96.0,96.88999938964844,96.8499984741211,681200.0,89.45454406738281
2013-09-17,96.98999786376953,95.97000122070312,96.94999694824219,96.2699966430664,910300.0,88.91886138916016
2013-09-18,99.33000183105469,96.0,96.37999725341797,99.0,1172100.0,91.44041442871094
2013-09-19,99.44999694824219,98.33000183105469,99.04000091552734,98.80000305175781,749600.0,91.25567626953125
2013-09-20,99.30000305175781,98.12999725341797,98.91000366210938,98.12999725341797,1803000.0,90.63682556152344
2013-09-23,99.01000213623047,97.76000213623047,98.30000305175781,98.37000274658203,780000.0,90.85850524902344
2013-09-24,98.83000183105469,98.11000061035156,98.5199966430664,98.36000061035156,687700.0,90.8492660522461
2013-09-25,98.95999908447266,98.29000091552734,98.58000183105469,98.62999725341797,613100.0,91.09864807128906
2013-09-26,99.30999755859375,98.22000122070312,98.91000366210938,99.12000274658203,543700.0,91.55123138427734
2013-09-27,99.05000305175781,98.0199966430664,98.7699966430664,98.11000061035156,630700.0,90.61834716796875
2013-09-30,99.02999877929688,97.25,97.75,98.76000213623047,951400.0,91.21871948242188
2013-10-01,99.56999969482422,98.72000122070312,98.87000274658203,99.4800033569336,711000.0,91.88374328613281
2013-10-02,99.51000213623047,98.66000366210938,99.27999877929688,99.51000213623047,767500.0,91.91145324707031
2013-10-03,99.22000122070312,97.05000305175781,99.13999938964844,97.76000213623047,1111900.0,90.2950668334961
2013-10-04,99.41000366210938,97.51000213623047,97.73999786376953,99.33999633789062,731200.0,91.75442504882812
2013-10-07,98.51000213623047,97.22000122070312,98.51000213623047,97.2699966430664,951400.0,89.8425064086914
2013-10-08,97.52999877929688,96.58000183105469,97.2300033569336,96.91000366210938,1083700.0,89.50999450683594
2013-10-09,97.94999694824219,96.44000244140625,97.01000213623047,97.62999725341797,1232400.0,90.1750259399414
2013-10-10,99.38999938964844,98.2699966430664,98.69000244140625,98.83000183105469,974600.0,91.28335571289062
2013-10-11,100.33000183105469,98.76000213623047,98.8499984741211,100.0199966430664,958500.0,92.38250732421875
2013-10-14,100.88999938964844,99.12999725341797,99.4800033569336,100.70999908447266,645900.0,93.01982116699219
2013-10-15,100.81999969482422,99.29000091552734,100.4000015258789,99.62000274658203,703100.0,92.01306915283203
2013-10-16,101.94000244140625,100.2300033569336,100.36000061035156,101.83999633789062,767500.0,94.06352996826172
2013-10-17,102.44000244140625,100.7300033569336,101.5,102.30000305175781,945600.0,94.48841857910156
2013-10-18,103.75,102.2699966430664,102.41999816894531,103.51000213623047,774600.0,95.60603332519531
2013-10-21,103.62999725341797,102.37000274658203,103.06999969482422,102.62000274658203,671800.0,94.78398132324219
2013-10-22,104.37000274658203,102.5999984741211,102.5999984741211,104.26000213623047,735900.0,96.29873657226562
2013-10-23,104.16999816894531,103.0,104.16999816894531,103.27999877929688,760900.0,95.39356231689453
2013-10-24,105.0,103.36000061035156,103.36000061035156,104.91999816894531,801700.0,96.9083480834961
2013-10-25,105.30999755859375,104.27999877929688,105.0,105.18000030517578,804400.0,97.14849090576172
2013-10-28,105.62000274658203,102.9000015258789,105.18000030517578,103.26000213623047,1861700.0,95.3750991821289
2013-10-29,107.51000213623047,103.19999694824219,103.19999694824219,107.4800033569336,1765900.0,99.27285766601562
2013-10-30,108.33999633789062,106.11000061035156,107.4800033569336,106.36000061035156,1302100.0,98.2383804321289
2013-10-31,107.20999908447266,105.81999969482422,106.37000274658203,106.0,1100000.0,97.90587615966797
2013-11-01,107.12999725341797,105.1500015258789,106.19999694824219,105.69000244140625,1060300.0,97.61954498291016
2013-11-04,106.5999984741211,105.6500015258789,106.22000122070312,105.95999908447266,602200.0,97.86893463134766
2013-11-05,105.9800033569336,104.83999633789062,105.45999908447266,105.31999969482422,758000.0,97.2778091430664
2013-11-06,106.9800033569336,105.58000183105469,105.91999816894531,106.38999938964844,550300.0,98.26608276367188
2013-11-07,106.7300033569336,104.52999877929688,106.38999938964844,104.62000274658203,642600.0,96.63125610351562
2013-11-08,106.58999633789062,104.52999877929688,104.80999755859375,106.55999755859375,723100.0,98.42311096191406
2013-11-11,106.56999969482422,105.77999877929688,106.48999786376953,105.98999786376953,491400.0,97.89664459228516
2013-11-12,106.48999786376953,105.05999755859375,105.80999755859375,106.43000030517578,689200.0,98.30307006835938
2013-11-13,106.33000183105469,104.69000244140625,106.0,106.29000091552734,754200.0,98.17373657226562
2013-11-14,107.23999786376953,106.1500015258789,106.72000122070312,107.02999877929688,707800.0,98.85723114013672
2013-11-15,107.86000061035156,106.97000122070312,107.33000183105469,107.61000061035156,1195100.0,99.39292907714844
2013-11-18,107.88999938964844,106.70999908447266,107.81999969482422,107.06999969482422,713100.0,98.8941650390625
2013-11-19,107.19999694824219,106.20999908447266,106.69999694824219,106.58000183105469,719900.0,98.44157409667969
2013-11-20,107.16000366210938,106.19999694824219,106.7300033569336,106.58999633789062,494700.0,98.45081329345703
2013-11-21,107.76000213623047,106.55999755859375,107.12000274658203,107.41999816894531,673700.0,99.21744537353516
2013-11-22,107.55000305175781,106.75,107.47000122070312,107.45999908447266,576200.0,99.2543716430664
2013-11-25,107.88999938964844,105.97000122070312,107.48999786376953,106.4800033569336,806900.0,98.34923553466797
2013-11-26,108.13999938964844,106.30000305175781,106.72000122070312,107.98999786376953,1711100.0,99.74392700195312
2013-11-27,107.94000244140625,106.80999755859375,107.94000244140625,106.95999908447266,772200.0,98.7925796508789
2013-11-29,107.7699966430664,106.86000061035156,107.16000366210938,107.16999816894531,417900.0,98.98651885986328
2013-12-02,106.9800033569336,105.6500015258789,106.9000015258789,105.75,956500.0,97.67498016357422
2013-12-03,105.79000091552734,103.20999908447266,105.26000213623047,103.6500015258789,1589500.0,95.73532104492188
2013-12-04,103.9800033569336,102.55000305175781,103.33999633789062,103.41000366210938,1217800.0,95.51363372802734
2013-12-05,103.68000030517578,102.62999725341797,103.2300033569336,103.05000305175781,1213400.0,95.18114471435547
2013-12-06,105.7300033569336,103.91999816894531,104.30000305175781,105.69000244140625,1500300.0,97.61954498291016
2013-12-09,106.33999633789062,105.1500015258789,106.33000183105469,105.76000213623047,1247500.0,97.68421936035156
2013-12-10,106.05000305175781,104.9000015258789,105.2300033569336,105.05000305175781,1078500.0,97.02842712402344
2013-12-11,105.25,103.2300033569336,105.0199966430664,103.23999786376953,1115900.0,95.35663604736328
2013-12-12,103.55999755859375,102.75,103.22000122070312,102.83999633789062,1143900.0,94.98716735839844
2013-12-13,103.30000305175781,102.44000244140625,102.88999938964844,102.58000183105469,822400.0,95.00106811523438
2013-12-16,102.97000122070312,101.98999786376953,102.83999633789062,102.0999984741211,1235500.0,94.5565185546875
2013-12-17,102.69000244140625,101.37999725341797,102.68000030517578,102.05999755859375,1565000.0,94.5195083618164
2013-12-18,104.11000061035156,101.69999694824219,102.38999938964844,104.08000183105469,1090100.0,96.3902587890625
2013-12-19,104.0,102.80999755859375,103.68000030517578,102.94999694824219,922900.0,95.34373474121094
2013-12-20,104.55999755859375,102.55000305175781,102.6500015258789,104.23999786376953,1598300.0,96.53840637207031
2013-12-23,105.05000305175781,103.86000061035156,105.05000305175781,104.27999877929688,871000.0,96.57545471191406
2013-12-24,104.97000122070312,103.83999633789062,104.12999725341797,104.93000030517578,369700.0,97.17745208740234
2013-12-26,105.06999969482422,104.3499984741211,105.02999877929688,104.69999694824219,687000.0,96.96443176269531
2013-12-27,105.30000305175781,104.33000183105469,105.08999633789062,104.47000122070312,502300.0,96.7514419555664
2013-12-30,104.54000091552734,103.94999694824219,104.37000274658203,104.11000061035156,792600.0,96.41801452636719
2013-12-31,104.44000244140625,103.87000274658203,104.29000091552734,104.2699966430664,898800.0,96.56620025634766
2014-01-02,104.41999816894531,103.41000366210938,103.58000183105469,103.79000091552734,814900.0,96.12167358398438
2014-01-03,104.27999877929688,103.77999877929688,104.0999984741211,103.91999816894531,554500.0,96.2420654296875
2014-01-06,102.68000030517578,101.22000122070312,101.41000366210938,102.27999877929688,1657500.0,94.72322082519531
2014-01-07,103.83999633789062,102.3499984741211,102.4800033569336,103.33000183105469,1001700.0,95.6956558227539
2014-01-08,104.51000213623047,102.80999755859375,103.1500015258789,104.13999938964844,1208200.0,96.44580078125
2014-01-09,105.08000183105469,103.88999938964844,105.0,105.0,1092600.0,97.24226379394531
2014-01-10,106.0,104.94000244140625,105.75,105.38999938964844,859100.0,97.60348510742188
2014-01-13,105.27999877929688,102.9000015258789,104.91000366210938,103.0999984741211,979400.0,95.4826431274414
2014-01-14,104.37000274658203,102.62000274658203,103.30999755859375,104.33000183105469,1146600.0,96.62178039550781
2014-01-15,104.47000122070312,103.11000061035156,104.2699966430664,103.62000274658203,1080000.0,95.96421813964844
2014-01-16,104.6500015258789,103.62000274658203,103.6500015258789,104.44999694824219,793900.0,96.73287963867188
2014-01-17,104.69000244140625,103.93000030517578,104.6500015258789,104.1500015258789,884100.0,96.45508575439453
2014-01-21,104.68000030517578,102.8499984741211,104.55000305175781,103.9000015258789,875300.0,96.22354888916016
2014-01-22,104.25,103.4000015258789,104.25,103.69000244140625,814200.0,96.02906799316406
2014-01-23,103.0,101.45999908447266,102.77999877929688,101.94000244140625,1180600.0,94.4083480834961
2014-01-24,101.4000015258789,99.27999877929688,101.12999725341797,99.3499984741211,1971400.0,92.00970458984375
2014-01-27,99.44000244140625,97.94000244140625,99.30999755859375,98.76000213623047,1255800.0,91.46330261230469
2014-01-28,100.06999969482422,99.0,99.0,99.8499984741211,936700.0,92.47276306152344
2014-01-29,100.83999633789062,99.25,99.36000061035156,100.2300033569336,2023300.0,92.82470703125
2014-01-30,101.5999984741211,100.0999984741211,100.70999908447266,100.83000183105469,1238700.0,93.38035583496094
2014-01-31,101.0199966430664,99.2300033569336,99.45999908447266,100.54000091552734,1154000.0,93.11178588867188
2014-02-03,101.2699966430664,97.87000274658203,100.29000091552734,98.02999877929688,1580100.0,90.7872543334961
2014-02-04,99.08999633789062,97.88999938964844,98.94999694824219,98.69999694824219,1280100.0,91.40771484375
2014-02-05,99.36000061035156,97.6500015258789,98.37999725341797,99.16000366210938,943800.0,91.83375549316406
2014-02-06,99.94000244140625,98.51000213623047,99.08999633789062,99.88999938964844,1117200.0,92.50979614257812
2014-02-07,100.66000366210938,99.80999755859375,100.38999938964844,100.12999725341797,1368600.0,92.73207092285156
2014-02-10,100.8499984741211,99.12999725341797,99.94999694824219,100.62000274658203,1040700.0,93.18586730957031
2014-02-11,101.68000030517578,100.30000305175781,100.62000274658203,101.41000366210938,942000.0,93.91749572753906
2014-02-12,101.76000213623047,101.02999877929688,101.3499984741211,101.13999938964844,788700.0,93.66744995117188
2014-02-13,102.7699966430664,100.55000305175781,100.68000030517578,102.30000305175781,743700.0,94.74175262451172
2014-02-14,103.27999877929688,102.12999725341797,102.30000305175781,103.1500015258789,582700.0,95.5289306640625
2014-02-18,103.69000244140625,103.01000213623047,103.38999938964844,103.08000183105469,762100.0,95.464111328125
2014-02-19,104.1500015258789,101.94000244140625,103.02999877929688,101.97000122070312,927100.0,94.43612670898438
2014-02-20,102.18000030517578,101.01000213623047,102.05999755859375,101.87000274658203,1523700.0,94.34353637695312
2014-02-21,105.0,101.3499984741211,102.30000305175781,102.19000244140625,1998400.0,94.63987731933594
2014-02-24,102.72000122070312,101.3499984741211,101.88999938964844,102.38999938964844,1339600.0,94.82511901855469
2014-02-25,105.04000091552734,102.13999938964844,102.13999938964844,104.58000183105469,1576100.0,96.85330963134766
2014-02-26,106.19000244140625,104.58000183105469,104.80999755859375,105.43000030517578,1201600.0,97.6404800415039
2014-02-27,106.77999877929688,104.87000274658203,105.0,106.6500015258789,953600.0,98.77035522460938
2014-02-28,108.19999694824219,106.47000122070312,106.61000061035156,107.75,1331400.0,99.78907775878906
2014-03-03,108.19000244140625,106.19999694824219,106.19999694824219,107.9800033569336,1401800.0,100.00211334228516
2014-03-04,109.95999908447266,108.3499984741211,108.98999786376953,109.66000366210938,1617500.0,101.5579605102539
2014-03-05,110.0,109.05999755859375,110.0,109.37999725341797,1125100.0,101.29865264892578
2014-03-06,110.3499984741211,109.27999877929688,109.44000244140625,109.86000061035156,730000.0,101.74321746826172
2014-03-07,110.25,109.55000305175781,109.93000030517578,109.83999633789062,1016300.0,101.97994995117188
2014-03-10,110.2699966430664,109.20999908447266,109.4800033569336,110.18000030517578,747100.0,102.29561614990234
2014-03-11,111.83000183105469,109.76000213623047,110.16999816894531,111.23999786376953,1816400.0,103.27974700927734
2014-03-12,110.97000122070312,109.91000366210938,110.55999755859375,110.62000274658203,1749700.0,102.70415496826172
2014-03-13,111.30999755859375,109.20999908447266,110.69999694824219,109.25,1438700.0,101.43217468261719
2014-03-14,110.51000213623047,108.52999877929688,109.20999908447266,108.62999725341797,1273600.0,100.85652160644531
2014-03-17,110.88999938964844,109.16000366210938,109.16000366210938,110.0199966430664,943900.0,102.14705657958984
2014-03-18,110.62999725341797,110.0,110.08000183105469,110.33999633789062,673400.0,102.44414520263672
2014-03-19,110.6500015258789,108.76000213623047,110.2300033569336,109.31999969482422,1027000.0,101.49716186523438
2014-03-20,110.23999786376953,109.11000061035156,109.30000305175781,110.04000091552734,769600.0,102.16564178466797
2014-03-21,111.58000183105469,109.93000030517578,110.97000122070312,110.7300033569336,1909700.0,102.80628204345703
2014-03-24,111.48999786376953,109.54000091552734,111.0199966430664,109.83999633789062,786500.0,101.97994995117188
2014-03-25,110.51000213623047,108.16999816894531,110.12000274658203,108.30999755859375,1685200.0,100.5594253540039
2014-03-26,108.95999908447266,107.02999877929688,108.7300033569336,107.05000305175781,1650300.0,99.38959503173828
2014-03-27,107.2300033569336,105.7300033569336,107.02999877929688,106.19999694824219,1054600.0,98.60042572021484
2014-03-28,106.9800033569336,106.08000183105469,106.36000061035156,106.2300033569336,1301900.0,98.62828063964844
2014-03-31,108.05999755859375,106.68000030517578,107.20999908447266,107.98999786376953,972300.0,100.2623291015625
2014-04-01,108.66999816894531,107.73999786376953,108.44999694824219,108.66000366210938,778200.0,100.88436889648438
2014-04-02,109.2300033569336,108.44999694824219,108.70999908447266,108.58999633789062,690200.0,100.81937408447266
2014-04-03,109.83000183105469,108.61000061035156,109.0199966430664,109.05000305175781,712800.0,101.2464828491211
2014-04-04,109.76000213623047,106.94000244140625,109.69000244140625,107.18000030517578,1131800.0,99.5102767944336
2014-04-07,107.55000305175781,105.55999755859375,107.11000061035156,105.7300033569336,1023300.0,98.16405487060547
2014-04-08,105.69999694824219,101.81999969482422,105.69999694824219,105.22000122070312,1301400.0,97.6905517578125
2014-04-09,107.5199966430664,105.33999633789062,105.62999725341797,107.19999694824219,1244000.0,99.52886199951172
2014-04-10,107.66000366210938,104.77999877929688,107.36000061035156,105.0199966430664,902700.0,97.5048599243164
2014-04-11,105.25,103.69000244140625,104.61000061035156,103.69999694824219,1022400.0,96.27931213378906
2014-04-14,104.6500015258789,103.51000213623047,104.1500015258789,104.2699966430664,892700.0,96.80850982666016
2014-04-15,105.44999694824219,103.79000091552734,104.45999908447266,105.41999816894531,813400.0,97.87622833251953
2014-04-16,107.12000274658203,106.0,106.36000061035156,107.02999877929688,768000.0,99.37101745605469
2014-04-17,108.12999725341797,106.79000091552734,106.79000091552734,107.79000091552734,880300.0,100.07662963867188
2014-04-21,108.33999633789062,106.72000122070312,107.05000305175781,107.87999725341797,739500.0,100.16020965576172
2014-04-22,108.12000274658203,107.20999908447266,107.94999694824219,107.27999877929688,732000.0,99.60311889648438
2014-04-23,107.44000244140625,106.66000366210938,106.91000366210938,106.88999938964844,782000.0,99.24105072021484
2014-04-24,107.33999633789062,105.94000244140625,107.0999984741211,106.08999633789062,758100.0,98.49829864501953
2014-04-25,106.61000061035156,104.94000244140625,105.9800033569336,105.2300033569336,1338400.0,97.6998519897461
2014-04-28,107.0,104.0199966430664,106.5,104.83000183105469,1229400.0,97.32846069335938
2014-04-29,105.22000122070312,104.16999816894531,105.04000091552734,104.30000305175781,1110400.0,96.83639526367188
2014-04-30,104.91999816894531,104.02999877929688,104.76000213623047,104.63999938964844,866700.0,97.15206146240234
2014-05-01,105.0999984741211,104.25,104.62000274658203,104.61000061035156,750000.0,97.12419891357422
2014-05-02,105.33999633789062,104.30000305175781,104.5,104.5,907700.0,97.02206420898438
2014-05-05,105.5199966430664,103.91000366210938,104.4000015258789,105.30999755859375,939500.0,97.77410888671875
2014-05-06,105.06999969482422,104.16999816894531,105.02999877929688,104.30999755859375,884000.0,96.84564208984375
2014-05-07,105.25,104.29000091552734,104.8499984741211,105.11000061035156,813700.0,97.5884017944336
2014-05-08,105.69999694824219,104.0,104.94000244140625,104.5,691600.0,97.02206420898438
2014-05-09,105.0999984741211,104.02999877929688,104.47000122070312,104.75,705400.0,97.25416564941406
2014-05-12,105.7300033569336,104.91999816894531,105.22000122070312,105.58999633789062,773800.0,98.03406524658203
2014-05-13,106.16999816894531,105.4800033569336,105.75,105.69999694824219,822700.0,98.13619232177734
2014-05-14,106.76000213623047,105.47000122070312,105.63999938964844,106.19999694824219,910700.0,98.60042572021484
2014-05-15,106.52999877929688,105.0199966430664,106.36000061035156,105.80999755859375,1255500.0,98.23832702636719
2014-05-16,105.9800033569336,104.9000015258789,105.80999755859375,105.88999938964844,1223700.0,98.31259155273438
2014-05-19,107.52999877929688,105.44000244140625,105.44000244140625,107.19999694824219,878600.0,99.52886199951172
2014-05-20,107.4800033569336,106.4000015258789,107.1500015258789,106.66999816894531,814500.0,99.03678131103516
2014-05-21,108.11000061035156,106.76000213623047,106.81999969482422,107.77999877929688,670300.0,100.06737518310547
2014-05-22,108.0199966430664,107.37999725341797,107.9000015258789,107.4000015258789,661900.0,99.71456909179688
2014-05-23,108.16999816894531,107.4800033569336,107.69999694824219,108.05000305175781,445200.0,100.31803894042969
2014-05-27,109.19000244140625,108.06999969482422,108.38999938964844,108.69000244140625,778500.0,100.91224670410156
2014-05-28,108.9800033569336,108.01000213623047,108.69999694824219,108.12999725341797,777000.0,100.39231872558594
2014-05-29,108.80000305175781,107.5199966430664,108.3499984741211,108.68000030517578,670300.0,100.9029541015625
2014-05-30,109.33000183105469,108.38999938964844,108.73999786376953,109.19000244140625,731900.0,101.37645721435547
2014-06-02,109.45999908447266,108.41000366210938,109.12000274658203,109.04000091552734,489100.0,101.2371826171875
2014-06-03,109.6500015258789,108.76000213623047,108.80999755859375,109.12999725341797,605200.0,101.32075500488281
2014-06-04,110.02999877929688,108.25,108.72000122070312,109.9800033569336,692300.0,102.10993194580078
2014-06-05,110.20999908447266,108.66000366210938,109.97000122070312,109.80000305175781,649800.0,101.94280242919922
2014-06-06,110.69999694824219,109.73999786376953,110.04000091552734,110.33999633789062,486100.0,102.44414520263672
2014-06-09,110.62999725341797,109.55000305175781,110.25,110.05000305175781,837800.0,102.1749267578125
2014-06-10,110.26000213623047,109.5199966430664,109.91999816894531,110.05999755859375,862500.0,102.18418884277344
2014-06-11,109.88999938964844,109.06999969482422,109.56999969482422,109.33000183105469,498400.0,101.5064468383789
2014-06-12,109.55000305175781,108.0,108.88999938964844,108.33999633789062,625100.0,100.58726501464844
2014-06-13,108.27999877929688,107.27999877929688,107.98999786376953,108.1500015258789,500100.0,100.6664047241211
2014-06-16,108.04000091552734,107.05999755859375,107.81999969482422,107.75,768600.0,100.2940902709961
2014-06-17,108.38999938964844,107.19000244140625,107.62999725341797,107.80000305175781,775900.0,100.34062957763672
2014-06-18,108.55000305175781,106.91000366210938,107.7699966430664,108.43000030517578,972400.0,100.92703247070312
2014-06-19,108.69999694824219,108.0999984741211,108.43000030517578,108.37999725341797,665300.0,100.8804931640625
2014-06-20,109.0,108.43000030517578,108.72000122070312,108.68000030517578,1042000.0,101.15972137451172
2014-06-23,108.97000122070312,107.94000244140625,108.91000366210938,108.31999969482422,800000.0,100.82463836669922
2014-06-24,108.77999877929688,107.12000274658203,108.33999633789062,107.18000030517578,956900.0,99.76351928710938
2014-06-25,108.08999633789062,107.02999877929688,107.29000091552734,107.44999694824219,861700.0,100.01484680175781
2014-06-26,107.5,106.30999755859375,107.5,107.26000213623047,1175800.0,99.83798217773438
2014-06-27,108.75,106.8499984741211,106.8499984741211,108.62999725341797,1403600.0,101.11319732666016
2014-06-30,111.56999969482422,108.68000030517578,108.98999786376953,111.33999633789062,2148600.0,103.63565826416016
2014-07-01,112.2699966430664,110.87999725341797,111.72000122070312,111.52999877929688,1198800.0,103.81251525878906
2014-07-02,111.8499984741211,110.36000061035156,111.18000030517578,110.62999725341797,683200.0,102.97479248046875
2014-07-03,111.11000061035156,110.41000366210938,111.08999633789062,110.61000061035156,589300.0,102.95618438720703
2014-07-07,110.5,109.41999816894531,110.19999694824219,110.27999877929688,791200.0,102.64900970458984
2014-07-08,110.5199966430664,109.93000030517578,110.16999816894531,110.4000015258789,815200.0,102.7607192993164
2014-07-09,110.93000030517578,109.62000274658203,110.75,110.2699966430664,638000.0,102.63970184326172
2014-07-10,110.2300033569336,109.20999908447266,109.56999969482422,110.01000213623047,642000.0,102.39769744873047
2014-07-11,109.97000122070312,108.94999694824219,109.80999755859375,109.58999633789062,499400.0,102.00676727294922
2014-07-14,110.37000274658203,109.77999877929688,109.9800033569336,109.87999725341797,660400.0,102.27670288085938
2014-07-15,110.5199966430664,109.62000274658203,110.0,110.2300033569336,1046300.0,102.60247802734375
2014-07-16,110.91999816894531,110.2699966430664,110.68000030517578,110.58000183105469,899100.0,102.92825317382812
2014-07-17,110.62999725341797,109.63999938964844,109.97000122070312,109.9800033569336,852700.0,102.3697738647461
2014-07-18,110.66000366210938,109.62000274658203,110.19999694824219,110.43000030517578,797300.0,102.78863525390625
2014-07-21,109.88999938964844,109.04000091552734,109.66000366210938,109.38999938964844,694600.0,101.82061004638672
2014-07-22,110.43000030517578,109.55999755859375,109.79000091552734,109.9800033569336,821800.0,102.3697738647461
2014-07-23,110.30999755859375,109.52999877929688,110.05000305175781,110.0,784800.0,102.38838958740234
2014-07-24,110.61000061035156,109.81999969482422,110.0,110.38999938964844,628200.0,102.75141906738281
2014-07-25,110.76000213623047,110.05999755859375,110.20999908447266,110.58000183105469,683400.0,102.92825317382812
2014-07-28,111.25,110.06999969482422,110.29000091552734,111.0199966430664,989000.0,103.33779907226562
2014-07-29,111.08999633789062,109.69999694824219,111.0,109.83000183105469,1025200.0,102.23017120361328
2014-07-30,110.66000366210938,109.1500015258789,110.04000091552734,109.3499984741211,1128400.0,101.78336334228516
2014-07-31,110.06999969482422,108.51000213623047,109.66999816894531,108.52999877929688,1249200.0,101.0201187133789
2014-08-01,108.63999938964844,107.30999755859375,107.66999816894531,108.26000213623047,823100.0,100.76879119873047
2014-08-04,109.6500015258789,107.72000122070312,108.43000030517578,109.31999969482422,653800.0,101.75542449951172
2014-08-05,109.44000244140625,107.87999725341797,109.18000030517578,108.19000244140625,621200.0,100.70364379882812
2014-08-06,109.16000366210938,107.55000305175781,108.06999969482422,108.86000061035156,820800.0,101.3272705078125
2014-08-07,109.5,107.76000213623047,109.19999694824219,108.05000305175781,587200.0,100.57333374023438
2014-08-08,109.16000366210938,107.91999816894531,108.41999816894531,109.11000061035156,614900.0,101.55996704101562
2014-08-11,109.8499984741211,109.12000274658203,109.18000030517578,109.37999725341797,558800.0,101.811279296875
2014-08-12,110.16999816894531,109.20999908447266,109.51000213623047,110.0199966430664,571100.0,102.40699768066406
2014-08-13,111.30999755859375,110.25,110.3499984741211,111.2699966430664,665000.0,103.57049560546875
2014-08-14,112.0,111.47000122070312,111.5199966430664,111.97000122070312,710000.0,104.22207641601562
2014-08-15,112.69999694824219,111.02999877929688,112.0,112.37000274658203,1119600.0,104.59440612792969
2014-08-18,113.95999908447266,112.66999816894531,112.80000305175781,113.4000015258789,810200.0,105.5531005859375
2014-08-19,114.05000305175781,113.43000030517578,113.63999938964844,113.81999969482422,621900.0,105.94404602050781
2014-08-20,114.11000061035156,113.4800033569336,113.55999755859375,113.69000244140625,674900.0,105.82305908203125
2014-08-21,114.19000244140625,113.2300033569336,113.9000015258789,113.7699966430664,706200.0,105.89752197265625
2014-08-22,113.86000061035156,113.22000122070312,113.51000213623047,113.66000366210938,541000.0,105.79512786865234
2014-08-25,115.16000366210938,113.81999969482422,114.0,114.58000183105469,669700.0,106.6514663696289
2014-08-26,115.45999908447266,114.47000122070312,114.93000030517578,114.87000274658203,671700.0,106.92140197753906
2014-08-27,115.08999633789062,113.77999877929688,114.8499984741211,114.08000183105469,641700.0,106.1860580444336
2014-08-28,114.70999908447266,113.55999755859375,113.76000213623047,114.38999938964844,693000.0,106.47461700439453
2014-08-29,114.86000061035156,114.26000213623047,114.48999786376953,114.81999969482422,593800.0,106.87486267089844
2014-09-02,115.02999877929688,114.23999786376953,114.94000244140625,114.6500015258789,698800.0,106.71662139892578
2014-09-03,115.0999984741211,114.62999725341797,114.98999786376953,114.83999633789062,591300.0,106.89347839355469
2014-09-04,115.37999725341797,114.61000061035156,114.75,114.88999938964844,591200.0,106.94001770019531
2014-09-05,115.51000213623047,114.72000122070312,114.75,115.51000213623047,531800.0,107.51712036132812
2014-09-08,116.0999984741211,114.95999908447266,115.27999877929688,115.63999938964844,741600.0,107.63813018798828
2014-09-09,115.52999877929688,114.51000213623047,115.31999969482422,114.66000366210938,478700.0,106.72595977783203
2014-09-10,114.81999969482422,113.87000274658203,114.81999969482422,114.75,507600.0,106.80970001220703
2014-09-11,114.91000366210938,114.19000244140625,114.55000305175781,114.69999694824219,452700.0,106.76315307617188
2014-09-12,116.30999755859375,114.33999633789062,114.58999633789062,115.47000122070312,1208700.0,107.73819732666016
2014-09-15,115.61000061035156,114.6500015258789,115.30000305175781,115.08999633789062,726600.0,107.38363647460938
2014-09-16,116.48999786376953,114.66000366210938,115.0999984741211,116.12000274658203,774400.0,108.34465789794922
2014-09-17,117.18000030517578,115.94000244140625,116.52999877929688,116.69000244140625,633300.0,108.87651062011719
2014-09-18,117.56999969482422,116.56999969482422,116.79000091552734,117.52999877929688,695000.0,109.66024017333984
2014-09-19,118.45999908447266,117.7300033569336,118.1500015258789,118.06999969482422,1201000.0,110.16410827636719
2014-09-22,118.43000030517578,117.11000061035156,117.9000015258789,117.30999755859375,979900.0,109.45497131347656
2014-09-23,117.31999969482422,116.73999786376953,117.29000091552734,116.7699966430664,726300.0,108.9511489868164
2014-09-24,117.87999725341797,116.7699966430664,116.83999633789062,117.62999725341797,1075300.0,109.75357818603516
2014-09-25,118.11000061035156,115.63999938964844,117.4800033569336,115.63999938964844,1270300.0,107.89682006835938
2014-09-26,116.63999938964844,115.51000213623047,115.54000091552734,116.55999755859375,935700.0,108.75518798828125
2014-09-29,116.70999908447266,115.70999908447266,116.05999755859375,116.31999969482422,724000.0,108.5312728881836
2014-09-30,116.69000244140625,114.5,116.25,114.83000183105469,1118300.0,107.14104461669922
2014-10-01,114.88999938964844,112.31999969482422,114.88999938964844,112.69999694824219,1391000.0,105.15367126464844
2014-10-02,113.45999908447266,111.52999877929688,112.43000030517578,113.30000305175781,1300500.0,105.71349334716797
2014-10-03,114.80000305175781,113.52999877929688,113.66000366210938,114.6500015258789,999800.0,106.97311401367188
2014-10-06,115.38999938964844,113.30000305175781,115.0,113.41999816894531,1033600.0,105.8254623413086
2014-10-07,113.12999725341797,111.80000305175781,112.93000030517578,111.80999755859375,1014800.0,104.32329559326172
2014-10-08,113.56999969482422,110.77999877929688,111.69999694824219,113.5,1022200.0,105.90010070800781
2014-10-09,113.7699966430664,110.47000122070312,113.36000061035156,110.66000366210938,1405000.0,103.2502670288086
2014-10-10,110.93000030517578,109.27999877929688,110.44999694824219,109.27999877929688,1304600.0,101.96267700195312
2014-10-13,109.81999969482422,107.47000122070312,109.44999694824219,107.54000091552734,1127600.0,100.33916473388672
2014-10-14,108.63999938964844,106.41000366210938,108.30999755859375,106.9800033569336,1590800.0,99.81668853759766
2014-10-15,106.0999984741211,103.76000213623047,106.08000183105469,105.33999633789062,3094400.0,98.2864761352539
2014-10-16,106.3499984741211,103.4000015258789,103.55000305175781,105.38999938964844,2736400.0,98.33316040039062
2014-10-17,109.19000244140625,106.22000122070312,106.22000122070312,107.88999938964844,1865900.0,100.66574096679688
2014-10-20,109.95999908447266,107.91999816894531,107.9800033569336,109.94999694824219,885100.0,102.58780670166016
2014-10-21,112.79000091552734,110.27999877929688,110.55999755859375,112.69999694824219,1187200.0,105.15367126464844
2014-10-22,114.1500015258789,112.38999938964844,112.91999816894531,112.41000366210938,1398600.0,104.8830795288086
2014-10-23,113.72000122070312,112.30000305175781,113.72000122070312,112.55999755859375,1080400.0,105.02304077148438
2014-10-24,112.98999786376953,111.66000366210938,112.55999755859375,112.72000122070312,833800.0,105.17233276367188
2014-10-27,112.54000091552734,110.26000213623047,112.54000091552734,110.63999938964844,1847800.0,103.2315902709961
2014-10-28,113.56999969482422,110.12999725341797,111.73999786376953,110.61000061035156,1626700.0,103.20361328125
2014-10-29,110.44000244140625,107.05999755859375,110.30000305175781,108.16000366210938,4439500.0,100.91767120361328
2014-10-30,108.70999908447266,106.9000015258789,107.69999694824219,108.3499984741211,865400.0,101.09496307373047
2014-10-31,111.3499984741211,109.05000305175781,109.91000366210938,111.2300033569336,1526900.0,103.7821044921875
2014-11-03,111.63999938964844,109.88999938964844,111.63999938964844,110.0999984741211,1634500.0,102.7277603149414
2014-11-04,110.27999877929688,108.70999908447266,110.05000305175781,109.3499984741211,1253500.0,102.02798461914062
2014-11-05,110.80999755859375,109.5,110.16000366210938,110.45999908447266,1325300.0,103.06366729736328
2014-11-06,111.98999786376953,110.2699966430664,110.81999969482422,111.94000244140625,875300.0,104.44457244873047
2014-11-07,112.62999725341797,111.94999694824219,112.0199966430664,112.4800033569336,737200.0,104.94841003417969
2014-11-10,112.81999969482422,112.16999816894531,112.44999694824219,112.7300033569336,505100.0,105.18164825439453
2014-11-11,113.37000274658203,111.94999694824219,112.1500015258789,112.79000091552734,536900.0,105.2376480102539
2014-11-12,113.4000015258789,112.44000244140625,112.77999877929688,112.9800033569336,652000.0,105.41490173339844
2014-11-13,113.66999816894531,112.44000244140625,113.30000305175781,112.94999694824219,1061000.0,105.38693237304688
2014-11-14,112.87999725341797,112.18000030517578,112.83999633789062,112.41000366210938,1040400.0,104.8830795288086
2014-11-17,113.12999725341797,112.12999725341797,112.33999633789062,112.19000244140625,641400.0,104.67781066894531
2014-11-18,113.38999938964844,112.0,112.44000244140625,113.18000030517578,893200.0,105.60151672363281
2014-11-19,113.4800033569336,112.73999786376953,113.26000213623047,113.22000122070312,913300.0,105.63883972167969
2014-11-20,113.62999725341797,112.44999694824219,112.4800033569336,113.45999908447266,590000.0,105.86278533935547
2014-11-21,115.19000244140625,114.13999938964844,114.52999877929688,114.55999755859375,1051600.0,106.8891372680664
2014-11-24,114.80999755859375,113.55000305175781,114.56999969482422,114.5,786700.0,106.83313751220703
2014-11-25,114.72000122070312,113.41999816894531,114.4000015258789,113.5,1046200.0,105.90010070800781
2014-11-26,113.80000305175781,112.5,113.30999755859375,113.75,787200.0,106.13335418701172
2014-11-28,113.3499984741211,108.08999633789062,113.3499984741211,108.94999694824219,1678100.0,101.65473175048828
2014-12-01,108.01000213623047,103.91999816894531,106.5999984741211,104.30000305175781,3253800.0,97.31613159179688
2014-12-02,106.45999908447266,103.80999755859375,104.0,106.2300033569336,2826600.0,99.11688995361328
2014-12-03,109.30000305175781,106.06999969482422,106.12999725341797,109.25,2633200.0,101.93468475341797
2014-12-04,109.81999969482422,108.8499984741211,109.19999694824219,109.52999877929688,1603300.0,102.1959228515625
2014-12-05,110.41000366210938,108.81999969482422,109.68000030517578,109.04000091552734,1328300.0,101.7387466430664
2014-12-08,108.37000274658203,103.6500015258789,107.93000030517578,103.8499984741211,2827000.0,96.8962631225586
2014-12-09,105.61000061035156,102.5199966430664,102.80999755859375,105.44999694824219,1687800.0,98.38912200927734
2014-12-10,105.27999877929688,103.80000305175781,105.27999877929688,104.20999908447266,2089400.0,97.2321548461914
2014-12-11,105.58000183105469,103.72000122070312,104.36000061035156,104.63999938964844,1689400.0,97.63336181640625
2014-12-12,103.9800033569336,102.30999755859375,103.51000213623047,102.33000183105469,1637400.0,95.78011322021484
2014-12-15,103.87999725341797,101.68000030517578,103.36000061035156,102.02999877929688,2096300.0,95.49929809570312
2014-12-16,103.70999908447266,101.26000213623047,101.66000366210938,101.55000305175781,1650600.0,95.0500259399414
2014-12-17,104.5999984741211,102.08999633789062,102.36000061035156,104.43000030517578,2495000.0,97.74566650390625
2014-12-18,106.16999816894531,104.48999786376953,105.41999816894531,105.29000091552734,2203800.0,98.55064392089844
2014-12-19,107.05999755859375,105.44000244140625,106.08000183105469,106.62999725341797,1976800.0,99.80486297607422
2014-12-22,107.05999755859375,106.08000183105469,106.76000213623047,106.83000183105469,1344000.0,99.99205780029297
2014-12-23,107.93000030517578,106.97000122070312,107.33000183105469,107.44999694824219,1278500.0,100.57238006591797
2014-12-24,107.72000122070312,107.16000366210938,107.5999984741211,107.18000030517578,417200.0,100.31965637207031
2014-12-26,107.7300033569336,106.80000305175781,106.9000015258789,107.11000061035156,661000.0,100.25414276123047
2014-12-29,107.4800033569336,106.61000061035156,106.7699966430664,106.73999786376953,990900.0,99.90782165527344
2014-12-30,106.83000183105469,105.2300033569336,106.5999984741211,105.2699966430664,1158200.0,98.53192138671875
2014-12-31,105.8499984741211,104.5,105.5199966430664,104.5199966430664,1036500.0,97.82991790771484
2015-01-02,105.23999786376953,103.61000061035156,104.69000244140625,104.30999755859375,1191200.0,97.63336944580078
2015-01-05,104.19000244140625,101.94000244140625,103.83000183105469,101.9800033569336,2073800.0,95.45249938964844
2015-01-06,101.7300033569336,97.77999877929688,101.69000244140625,98.93000030517578,3396100.0,92.59772491455078
2015-01-07,100.63999938964844,99.08000183105469,99.94000244140625,100.37999725341797,2315500.0,93.95492553710938
2015-01-08,103.16000366210938,101.37000274658203,101.45999908447266,102.62000274658203,1935500.0,96.05152893066406
2015-01-09,102.80000305175781,101.22000122070312,102.55999755859375,101.33000183105469,1784900.0,94.8440933227539
2015-01-12,101.75,99.51000213623047,101.61000061035156,100.76000213623047,2157200.0,94.31060028076172
2015-01-13,102.23999786376953,100.81999969482422,101.25,101.91999816894531,2083000.0,95.3963394165039
2015-01-14,101.41999816894531,99.94999694824219,100.2699966430664,101.33000183105469,1721300.0,94.8440933227539
2015-01-15,102.4000015258789,100.6500015258789,101.7300033569336,100.68000030517578,1460000.0,94.23572540283203
2015-01-16,102.38999938964844,100.5199966430664,100.94000244140625,102.20999908447266,1754300.0,95.66778564453125
2015-01-20,103.4800033569336,101.37000274658203,102.98999786376953,102.55999755859375,1938000.0,95.99536895751953
2015-01-21,104.05000305175781,101.80000305175781,102.4000015258789,104.0,1716400.0,97.34320068359375
2015-01-22,106.44000244140625,104.27999877929688,104.75,106.37000274658203,2078700.0,99.56150817871094
2015-01-23,107.19000244140625,105.7699966430664,106.44999694824219,105.87999725341797,1749000.0,99.10287475585938
2015-01-26,107.05999755859375,105.41999816894531,106.01000213623047,107.0199966430664,1884600.0,100.1698989868164
2015-01-27,107.44000244140625,105.54000091552734,105.63999938964844,106.4800033569336,1462700.0,99.66448211669922
2015-01-28,106.95999908447266,103.54000091552734,106.95999908447266,103.58000183105469,1730500.0,96.9500961303711
2015-01-29,104.6500015258789,102.44999694824219,103.45999908447266,104.37999725341797,2048100.0,97.69888305664062
2015-01-30,104.63999938964844,103.0199966430664,103.0199966430664,103.7699966430664,2634500.0,97.12792205810547
2015-02-02,104.33999633789062,101.56999969482422,102.52999877929688,103.48999786376953,2059000.0,96.86585998535156
2015-02-03,106.13999938964844,103.79000091552734,103.91000366210938,106.08000183105469,1566400.0,99.29008483886719
2015-02-04,106.0,104.12999725341797,106.0,104.44000244140625,1384100.0,97.75505065917969
2015-02-05,106.69999694824219,104.63999938964844,105.12000274658203,106.37999725341797,1281700.0,99.57086944580078
2015-02-06,107.3499984741211,106.3499984741211,106.61000061035156,106.68000030517578,1052900.0,99.85166931152344
2015-02-09,107.44000244140625,106.54000091552734,106.58999633789062,107.23999786376953,1358500.0,100.3758316040039
2015-02-10,108.33999633789062,106.76000213623047,107.61000061035156,108.33000183105469,1305800.0,101.39608001708984
2015-02-11,109.80999755859375,107.87999725341797,108.25,109.30999755859375,1834700.0,102.3133316040039
2015-02-12,111.16000366210938,109.62000274658203,110.05000305175781,110.7699966430664,1585000.0,103.67987823486328
2015-02-13,112.0999984741211,110.62000274658203,111.0199966430664,111.62000274658203,1150200.0,104.4754638671875
2015-02-17,111.9800033569336,110.9000015258789,111.6500015258789,111.66999816894531,1029600.0,104.52225494384766
2015-02-18,111.56999969482422,110.68000030517578,111.31999969482422,111.55999755859375,1246900.0,104.41930389404297
2015-02-19,111.80000305175781,110.01000213623047,110.8499984741211,111.7699966430664,1323500.0,104.61585235595703
2015-02-20,112.56999969482422,110.91999816894531,111.7300033569336,112.52999877929688,2188100.0,105.32723236083984
2015-02-23,112.0999984741211,110.9800033569336,112.06999969482422,111.41000366210938,1481400.0,104.27890014648438
2015-02-24,113.37999725341797,110.37999725341797,111.2300033569336,113.0,2182500.0,105.76714324951172
2015-02-25,115.68000030517578,112.9000015258789,113.0,115.6500015258789,2135500.0,108.24754333496094
2015-02-26,116.72000122070312,114.5199966430664,115.31999969482422,116.1500015258789,1820600.0,108.71551513671875
2015-02-27,117.0,115.44999694824219,115.9800033569336,115.54000091552734,1612700.0,108.1445541381836
2015-03-02,116.02999877929688,114.75,115.5199966430664,115.95999908447266,1369800.0,108.53768920898438
2015-03-03,116.37000274658203,114.7300033569336,115.29000091552734,116.19000244140625,1179100.0,108.75296020507812
2015-03-04,116.54000091552734,114.76000213623047,115.77999877929688,116.18000030517578,1681300.0,108.74359893798828
2015-03-05,116.88999938964844,115.70999908447266,116.73999786376953,116.7699966430664,1029600.0,109.29582214355469
2015-03-06,116.72000122070312,114.51000213623047,116.5,114.69000244140625,1360300.0,107.6531753540039
2015-03-09,116.2300033569336,114.51000213623047,114.69000244140625,115.87999725341797,1117400.0,108.77019500732422
2015-03-10,115.5,114.16000366210938,114.75,114.88999938964844,1665200.0,107.84093475341797
2015-03-11,115.4000015258789,114.30999755859375,114.51000213623047,114.5,1166700.0,107.4748306274414
2015-03-12,115.87999725341797,114.44000244140625,114.44000244140625,115.80999755859375,1030500.0,108.70448303222656
2015-03-13,115.54000091552734,114.01000213623047,115.31999969482422,114.47000122070312,1073600.0,107.44670104980469
2015-03-16,115.58999633789062,114.4800033569336,114.77999877929688,115.16999816894531,1220700.0,108.10374450683594
2015-03-17,114.87000274658203,113.41000366210938,114.41000366210938,114.30999755859375,1155600.0,107.29652404785156
2015-03-18,116.44999694824219,112.75,113.87000274658203,115.69999694824219,1338800.0,108.60124969482422
2015-03-19,115.52999877929688,114.30999755859375,115.16000366210938,115.01000213623047,968300.0,107.95356750488281
2015-03-20,116.0199966430664,115.23999786376953,115.75,115.2699966430664,1572500.0,108.19762420654297
2015-03-23,115.45999908447266,114.2699966430664,115.45999908447266,114.27999877929688,1290200.0,107.26834106445312
2015-03-24,114.56999969482422,113.5199966430664,114.27999877929688,113.58000183105469,1529000.0,106.6113052368164
2015-03-25,114.9800033569336,113.31999969482422,114.16999816894531,113.81999969482422,1893700.0,106.83657836914062
2015-03-26,114.6500015258789,113.4800033569336,113.51000213623047,114.26000213623047,1028500.0,107.24958801269531
2015-03-27,114.55000305175781,113.70999908447266,114.13999938964844,114.23999786376953,1076700.0,107.2308120727539
2015-03-30,115.66999816894531,114.33999633789062,114.88999938964844,114.79000091552734,1188900.0,107.74706268310547
2015-03-31,115.41000366210938,114.19000244140625,114.33000183105469,114.37999725341797,929500.0,107.36221313476562
2015-04-01,114.58000183105469,113.1500015258789,114.37999725341797,113.54000091552734,1279100.0,106.57378387451172
2015-04-02,114.36000061035156,113.16000366210938,113.16000366210938,113.37000274658203,900800.0,106.4141845703125
2015-04-06,114.9800033569336,113.04000091552734,113.20999908447266,114.63999938964844,1085700.0,107.60626983642578
2015-04-07,115.27999877929688,114.38999938964844,114.58000183105469,114.56999969482422,516700.0,107.54055786132812
2015-04-08,115.5,114.70999908447266,114.70999908447266,115.33999633789062,807200.0,108.2633285522461
2015-04-09,116.19000244140625,115.30000305175781,115.5,115.86000061035156,901700.0,108.75140380859375
2015-04-10,116.94000244140625,115.44000244140625,116.0,116.36000061035156,947200.0,109.22076416015625
2015-04-13,116.83999633789062,115.4000015258789,116.08999633789062,115.43000030517578,897800.0,108.3478012084961
2015-04-14,116.31999969482422,115.05999755859375,115.48999786376953,116.1500015258789,1016000.0,109.02362060546875
2015-04-15,117.27999877929688,116.27999877929688,116.37000274658203,117.0199966430664,849400.0,109.84024810791016
2015-04-16,117.30999755859375,116.27999877929688,116.58999633789062,116.83000183105469,809700.0,109.66191101074219
2015-04-17,116.2699966430664,114.48999786376953,116.08000183105469,115.19999694824219,1189200.0,108.13188934326172
2015-04-20,116.44000244140625,115.6500015258789,115.9800033569336,116.1500015258789,857500.0,109.02362060546875
2015-04-21,116.62999725341797,115.45999908447266,116.2300033569336,115.87999725341797,981800.0,108.77019500732422
2015-04-22,116.05999755859375,115.05000305175781,115.87999725341797,116.05000305175781,1109400.0,108.92975616455078
2015-04-23,116.41000366210938,115.62999725341797,116.01000213623047,115.8499984741211,505200.0,108.74203491210938
2015-04-24,116.13999938964844,115.25,115.88999938964844,115.58999633789062,699600.0,108.49797821044922
2015-04-27,116.48999786376953,115.54000091552734,116.19000244140625,116.08999633789062,1533200.0,108.9673080444336
2015-04-28,114.37999725341797,110.02999877929688,113.81999969482422,112.97000122070312,3208600.0,106.03874969482422
2015-04-29,114.63999938964844,111.58000183105469,112.55999755859375,114.41000366210938,2125400.0,107.39038848876953
2015-04-30,114.20999908447266,111.83999633789062,114.06999969482422,111.9800033569336,1766800.0,105.1094741821289
2015-05-01,114.04000091552734,112.08000183105469,112.27999877929688,113.94999694824219,1500300.0,106.95861053466797
2015-05-04,114.66999816894531,113.69999694824219,114.25,113.97000122070312,1085700.0,106.97737121582031
2015-05-05,114.87000274658203,112.12000274658203,114.41000366210938,112.36000061035156,1342400.0,105.4661636352539
2015-05-06,113.19000244140625,112.0199966430664,112.80000305175781,112.5,1596500.0,105.59757995605469
2015-05-07,113.38999938964844,112.0999984741211,112.30000305175781,113.27999877929688,954600.0,106.32970428466797
2015-05-08,115.56999969482422,112.33999633789062,112.52999877929688,114.79000091552734,932800.0,107.74706268310547
2015-05-11,114.76000213623047,113.44999694824219,114.33000183105469,113.58000183105469,1191300.0,106.6113052368164
2015-05-12,113.86000061035156,112.5199966430664,112.9800033569336,113.44999694824219,976500.0,106.48927307128906
2015-05-13,114.44000244140625,113.19000244140625,113.56999969482422,114.01000213623047,1020100.0,107.01493835449219
2015-05-14,116.0,114.33000183105469,114.83999633789062,115.98999786376953,855000.0,108.87344360351562
2015-05-15,116.2300033569336,115.05999755859375,116.0,116.12000274658203,870700.0,108.9954605102539
2015-05-18,116.12000274658203,115.47000122070312,115.68000030517578,115.8499984741211,756800.0,108.74203491210938
2015-05-19,116.30000305175781,115.43000030517578,116.25,115.7300033569336,1134200.0,108.62940979003906
2015-05-20,116.13999938964844,115.33999633789062,116.0,115.56999969482422,800600.0,108.47920989990234
2015-05-21,116.30999755859375,115.3499984741211,115.44000244140625,116.04000091552734,854200.0,108.92037200927734
2015-05-22,116.11000061035156,115.0999984741211,115.61000061035156,115.26000213623047,998200.0,108.18822479248047
2015-05-26,114.93000030517578,113.44999694824219,114.91000366210938,113.81999969482422,862200.0,106.83657836914062
2015-05-27,114.62999725341797,113.58999633789062,113.81999969482422,114.44999694824219,1115200.0,107.42792510986328
2015-05-28,114.83999633789062,113.79000091552734,113.87999725341797,114.80000305175781,1350400.0,107.75645446777344
2015-05-29,115.01000213623047,114.08000183105469,114.94999694824219,114.6500015258789,2303500.0,107.61566162109375
2015-06-01,115.51000213623047,114.11000061035156,114.98999786376953,115.05999755859375,1149900.0,108.00048828125
2015-06-02,116.30000305175781,114.2300033569336,114.2300033569336,115.66999816894531,949400.0,108.57306671142578
2015-06-03,116.58000183105469,115.48999786376953,115.9800033569336,116.36000061035156,899000.0,109.22076416015625
2015-06-04,115.81999969482422,113.9000015258789,115.58000183105469,114.0199966430664,860700.0,107.02429962158203
2015-06-05,114.4800033569336,113.33000183105469,113.55999755859375,114.01000213623047,789300.0,107.01493835449219
2015-06-08,114.45999908447266,113.58000183105469,113.98999786376953,113.5999984741211,660400.0,106.63005065917969
2015-06-09,114.33000183105469,113.2300033569336,113.9000015258789,113.66000366210938,959200.0,106.6864013671875
2015-06-10,115.79000091552734,114.06999969482422,114.2300033569336,115.61000061035156,810800.0,108.51676177978516
2015-06-11,116.27999877929688,115.5999984741211,115.93000030517578,115.70999908447266,780500.0,108.61062622070312
2015-06-12,115.27999877929688,114.16000366210938,115.27999877929688,114.26000213623047,687500.0,107.55632781982422
2015-06-15,114.13999938964844,113.3499984741211,114.0,113.87999725341797,1023600.0,107.19863891601562
2015-06-16,114.62000274658203,113.54000091552734,113.8499984741211,114.44999694824219,965800.0,107.73518371582031
2015-06-17,115.44000244140625,114.02999877929688,115.0,115.04000091552734,1024800.0,108.29057312011719
2015-06-18,117.54000091552734,115.37999725341797,115.62999725341797,117.22000122070312,1263900.0,110.3426742553711
2015-06-19,118.2699966430664,117.05000305175781,117.45999908447266,117.16999816894531,2385300.0,110.29561614990234
2015-06-22,118.08999633789062,117.23999786376953,117.54000091552734,117.7300033569336,997300.0,110.82275390625
2015-06-23,117.95999908447266,116.9000015258789,117.95999908447266,117.22000122070312,655300.0,110.3426742553711
2015-06-24,117.37999725341797,116.23999786376953,117.0199966430664,116.26000213623047,683200.0,109.43898010253906
2015-06-25,116.95999908447266,115.69999694824219,116.25,115.95999908447266,710500.0,109.15660095214844
2015-06-26,116.55000305175781,115.55999755859375,116.44999694824219,115.7300033569336,771600.0,108.94010162353516
2015-06-29,115.23999786376953,112.88999938964844,114.80000305175781,112.93000030517578,1197600.0,106.30437469482422
2015-06-30,114.0,112.6500015258789,113.69000244140625,113.06999969482422,1608500.0,106.43614959716797
2015-07-01,114.0,112.94999694824219,113.66999816894531,113.19999694824219,886300.0,106.55852508544922
2015-07-02,113.8499984741211,112.1500015258789,113.77999877929688,112.80999755859375,816600.0,106.19140625
2015-07-06,113.0199966430664,111.30999755859375,111.6500015258789,111.9000015258789,901600.0,105.33480072021484
2015-07-07,112.37999725341797,110.45999908447266,111.9000015258789,112.18000030517578,945300.0,105.59837341308594
2015-07-08,111.51000213623047,110.4000015258789,111.31999969482422,110.62000274658203,1190200.0,104.1299057006836
2015-07-09,112.20999908447266,110.58000183105469,112.20999908447266,110.61000061035156,751200.0,104.12047576904297
2015-07-10,112.44999694824219,111.47000122070312,111.7699966430664,112.27999877929688,543100.0,105.6924819946289
2015-07-13,113.81999969482422,112.87999725341797,113.26000213623047,113.7300033569336,494200.0,107.05744171142578
2015-07-14,114.91000366210938,113.18000030517578,113.61000061035156,114.69999694824219,856500.0,107.97051239013672
2015-07-15,115.4800033569336,114.19999694824219,114.70999908447266,114.5999984741211,1110400.0,107.87639617919922
2015-07-16,115.27999877929688,114.16999816894531,115.06999969482422,114.69999694824219,825100.0,107.97051239013672
2015-07-17,114.86000061035156,112.08000183105469,114.47000122070312,112.77999877929688,1532300.0,106.16315460205078
2015-07-20,113.61000061035156,112.37999725341797,112.70999908447266,112.7699966430664,1178800.0,106.15373992919922
2015-07-21,113.41999816894531,111.88999938964844,112.98999786376953,112.56999969482422,941600.0,105.9654769897461
2015-07-22,112.87999725341797,111.7699966430664,112.44000244140625,111.8499984741211,924200.0,105.2877426147461
2015-07-23,112.33000183105469,111.18000030517578,111.94999694824219,111.23999786376953,879000.0,104.71350860595703
2015-07-24,111.23999786376953,109.13999938964844,111.23999786376953,109.52999877929688,999200.0,103.10383605957031
2015-07-27,109.0999984741211,107.72000122070312,109.0,108.38999938964844,1841900.0,102.03073120117188
2015-07-28,114.27999877929688,108.23999786376953,108.37999725341797,113.7699966430664,2405000.0,107.0950698852539
2015-07-29,115.77999877929688,113.05000305175781,113.87999725341797,115.31999969482422,1281400.0,108.55415344238281
2015-07-30,116.25,115.20999908447266,115.33999633789062,116.0999984741211,893000.0,109.28837585449219
2015-07-31,116.95999908447266,115.55999755859375,116.5,115.80999755859375,923000.0,109.01538848876953
2015-08-03,115.9800033569336,114.66000366210938,115.25,115.27999877929688,1022500.0,108.51649475097656
2015-08-04,115.97000122070312,114.98999786376953,115.88999938964844,115.31999969482422,685000.0,108.55415344238281
2015-08-05,117.69000244140625,115.93000030517578,116.73999786376953,116.75,843100.0,109.9002456665039
2015-08-06,117.18000030517578,115.94999694824219,116.54000091552734,116.30999755859375,743600.0,109.48605346679688
2015-08-07,116.5,114.13999938964844,116.12999725341797,114.36000061035156,889100.0,107.65045928955078
2015-08-10,116.58999633789062,114.72000122070312,115.05000305175781,116.58999633789062,774300.0,109.74960327148438
2015-08-11,116.1500015258789,114.66999816894531,115.33999633789062,115.93000030517578,1129800.0,109.12834167480469
2015-08-12,115.86000061035156,114.19000244140625,115.38999938964844,115.04000091552734,1180700.0,108.29057312011719
2015-08-13,115.8499984741211,114.33000183105469,115.25,115.27999877929688,626500.0,108.51649475097656
2015-08-14,116.55000305175781,115.08000183105469,115.5,116.4800033569336,697200.0,109.64610290527344
2015-08-17,116.6500015258789,115.29000091552734,116.1500015258789,116.3499984741211,817500.0,109.52372741699219
2015-08-18,116.69999694824219,115.56999969482422,116.0199966430664,115.9000015258789,577700.0,109.10009765625
2015-08-19,115.72000122070312,114.54000091552734,115.12000274658203,114.86000061035156,633400.0,108.12113952636719
2015-08-20,114.8499984741211,112.56999969482422,114.08000183105469,112.62000274658203,1211900.0,106.0125503540039
2015-08-21,112.16999816894531,109.73999786376953,111.91999816894531,109.9000015258789,1448900.0,103.45213317871094
2015-08-24,109.27999877929688,103.08999633789062,104.47000122070312,105.3499984741211,2321900.0,99.16908264160156
2015-08-25,109.38999938964844,104.38999938964844,109.12999725341797,104.52999877929688,2222800.0,98.39717864990234
2015-08-26,106.68000030517578,104.26000213623047,106.56999969482422,106.48999786376953,1952700.0,100.24220275878906
2015-08-27,110.73999786376953,107.8499984741211,108.23999786376953,109.91999816894531,1824100.0,103.47095489501953
2015-08-28,110.76000213623047,109.20999908447266,109.4800033569336,110.45999908447266,988000.0,103.97928619384766
2015-08-31,110.38999938964844,108.37999725341797,109.44999694824219,109.13999938964844,1033000.0,102.73672485351562
2015-09-01,107.66999816894531,104.94000244140625,106.77999877929688,105.41999816894531,2168300.0,99.23497009277344
2015-09-02,108.11000061035156,105.52999877929688,106.7699966430664,107.9800033569336,2889800.0,101.64478302001953
2015-09-03,109.31999969482422,108.08000183105469,108.79000091552734,108.83000183105469,1101700.0,102.44490814208984
2015-09-04,107.9800033569336,106.5,107.19000244140625,106.54000091552734,1429500.0,100.28926086425781
2015-09-08,108.62999725341797,107.08999633789062,108.37999725341797,108.58999633789062,1386100.0,102.218994140625
2015-09-09,112.0,110.0,110.31999969482422,110.5199966430664,2552200.0,104.03575897216797
2015-09-10,111.41999816894531,109.69000244140625,110.13999938964844,110.44000244140625,1620800.0,103.96045684814453
2015-09-11,110.20999908447266,108.77999877929688,109.37999725341797,109.98999786376953,1095800.0,103.8471450805664
2015-09-14,110.30000305175781,108.47000122070312,110.01000213623047,108.91999816894531,1231300.0,102.83689880371094
2015-09-15,110.81999969482422,109.0199966430664,109.51000213623047,110.20999908447266,1489600.0,104.05486297607422
2015-09-16,113.75,110.12999725341797,110.12999725341797,113.5999984741211,1600900.0,107.25552368164062
2015-09-17,115.3499984741211,113.04000091552734,113.44999694824219,113.54000091552734,1597600.0,107.19889831542969
2015-09-18,113.08999633789062,111.68000030517578,112.30000305175781,112.55000305175781,1898400.0,106.26419067382812
2015-09-21,113.87000274658203,112.48999786376953,113.08999633789062,112.7300033569336,881600.0,106.43411254882812
2015-09-22,111.69000244140625,110.0199966430664,111.5,110.86000061035156,984800.0,104.66857147216797
2015-09-23,111.04000091552734,109.6500015258789,111.01000213623047,110.04000091552734,1073900.0,103.89436340332031
2015-09-24,111.0,108.69000244140625,109.05000305175781,110.54000091552734,1417800.0,104.36642456054688
2015-09-25,111.68000030517578,109.80999755859375,111.48999786376953,110.45999908447266,1417600.0,104.29090881347656
2015-09-28,110.18000030517578,107.27999877929688,109.54000091552734,107.31999969482422,1454600.0,101.32627868652344
2015-09-29,108.7300033569336,107.02999877929688,107.75,108.36000061035156,1674300.0,102.30819702148438
2015-09-30,110.04000091552734,108.58000183105469,109.31999969482422,109.72000122070312,1696100.0,103.59223937988281
2015-10-01,112.4000015258789,109.63999938964844,110.20999908447266,112.33000183105469,1800900.0,106.05648040771484
2015-10-02,114.2300033569336,110.69999694824219,110.87999725341797,114.19999694824219,1507500.0,107.82201385498047
2015-10-05,115.77999877929688,114.51000213623047,114.94999694824219,115.73999786376953,1526500.0,109.27603149414062
2015-10-06,117.55000305175781,115.55000305175781,115.73999786376953,117.19000244140625,1964800.0,110.6450424194336
2015-10-07,118.36000061035156,116.12999725341797,117.5,118.2699966430664,1764400.0,111.66471862792969
2015-10-08,120.7300033569336,117.72000122070312,118.11000061035156,120.52999877929688,1650500.0,113.79849243164062
2015-10-09,120.73999786376953,118.95999908447266,119.0,120.54000091552734,2142600.0,113.80793762207031
2015-10-12,120.80000305175781,119.41000366210938,120.1500015258789,120.56999969482422,991900.0,113.83626556396484
2015-10-13,121.05999755859375,119.12000274658203,119.62999725341797,120.16000366210938,1645200.0,113.44916534423828
2015-10-14,121.88999938964844,119.9000015258789,120.12999725341797,121.33999633789062,1109300.0,114.56327056884766
2015-10-15,121.87000274658203,120.2300033569336,121.5999984741211,121.58000183105469,902700.0,114.78987121582031
2015-10-16,122.30000305175781,120.83999633789062,122.19000244140625,122.0999984741211,1077800.0,115.28081512451172
2015-10-19,120.94000244140625,118.43000030517578,120.66999816894531,119.37999725341797,2008100.0,112.71270751953125
2015-10-20,120.05999755859375,118.77999877929688,119.12999725341797,119.43000030517578,1113000.0,112.75995635986328
2015-10-21,120.0,117.52999877929688,119.9000015258789,117.9000015258789,1260600.0,111.31537628173828
2015-10-22,120.7699966430664,118.33999633789062,118.81999969482422,120.55000305175781,2349600.0,113.81741333007812
2015-10-23,121.62000274658203,119.66999816894531,121.25,119.98999786376953,1407400.0,113.28866577148438
2015-10-26,120.8499984741211,119.41000366210938,120.2300033569336,119.58000183105469,1182500.0,112.90156555175781
2015-10-27,119.4000015258789,117.80999755859375,119.06999969482422,118.52999877929688,998500.0,111.91020202636719
2015-10-28,119.69000244140625,118.20999908447266,118.6500015258789,119.58999633789062,1060200.0,112.91099548339844
2015-10-29,120.18000030517578,119.01000213623047,119.02999877929688,119.93000030517578,945600.0,113.23202514648438
2015-10-30,120.94000244140625,119.72000122070312,119.88999938964844,120.3499984741211,1920200.0,113.62855529785156
2015-11-02,120.33999633789062,114.37999725341797,116.0999984741211,117.98999786376953,3627900.0,111.40034484863281
2015-11-03,122.4800033569336,117.41000366210938,118.0,120.04000091552734,1984900.0,113.33585357666016
2015-11-04,120.75,117.41000366210938,120.5199966430664,117.48999786376953,2174600.0,110.92829895019531
2015-11-05,118.52999877929688,116.97000122070312,117.19999694824219,117.63999938964844,1293000.0,111.06991577148438
2015-11-06,117.91000366210938,116.54000091552734,116.94000244140625,117.4000015258789,1537900.0,110.84332275390625
2015-11-09,117.62999725341797,115.36000061035156,117.20999908447266,115.95999908447266,864300.0,109.48374938964844
2015-11-10,116.75,114.5199966430664,115.6500015258789,116.3499984741211,1131300.0,109.85195922851562
2015-11-11,117.7300033569336,115.87999725341797,116.61000061035156,117.47000122070312,729900.0,110.9094009399414
2015-11-12,116.80999755859375,115.12999725341797,116.45999908447266,115.1500015258789,817300.0,108.7189712524414
2015-11-13,116.76000213623047,114.31999969482422,114.83000183105469,116.43000030517578,968900.0,109.92749786376953
2015-11-16,116.95999908447266,115.47000122070312,116.2300033569336,116.69999694824219,1047400.0,110.18240356445312
2015-11-17,117.95999908447266,116.08000183105469,116.69000244140625,116.75,1053500.0,110.2296142578125
2015-11-18,118.44000244140625,116.31999969482422,116.70999908447266,118.31999969482422,1000000.0,111.71194458007812
2015-11-19,118.47000122070312,117.43000030517578,118.0199966430664,117.91000366210938,741300.0,111.3248291015625
2015-11-20,118.76000213623047,117.87000274658203,118.37000274658203,118.12999725341797,984400.0,111.53253936767578
2015-11-23,120.7699966430664,118.06999969482422,118.06999969482422,119.5199966430664,1661700.0,112.84489440917969
2015-11-24,120.4000015258789,118.79000091552734,119.47000122070312,119.72000122070312,979000.0,113.03375244140625
2015-11-25,120.16000366210938,118.95999908447266,119.5,119.0199966430664,1087100.0,112.37283325195312
2015-11-27,119.3499984741211,118.05000305175781,118.77999877929688,118.91000366210938,389900.0,112.26898193359375
2015-11-30,119.33000183105469,118.08000183105469,119.1500015258789,119.16000366210938,2955100.0,112.50502014160156
2015-12-01,119.79000091552734,118.81999969482422,119.5,119.66999816894531,931000.0,112.98652648925781
2015-12-02,119.77999877929688,118.45999908447266,119.33000183105469,118.63999938964844,858100.0,112.01406860351562
2015-12-03,119.48999786376953,117.37999725341797,118.97000122070312,117.88999938964844,1223300.0,111.30595397949219
2015-12-04,119.4000015258789,117.9000015258789,118.20999908447266,119.2300033569336,1417200.0,112.57111358642578
2015-12-07,119.48999786376953,117.55000305175781,118.61000061035156,118.36000061035156,910000.0,111.74968719482422
2015-12-08,117.87000274658203,116.30000305175781,117.05999755859375,116.37000274658203,1042300.0,109.87083435058594
2015-12-09,119.27999877929688,116.44999694824219,116.83999633789062,116.94999694824219,1177900.0,110.41844177246094
2015-12-10,117.29000091552734,115.62999725341797,116.69000244140625,115.95999908447266,938800.0,109.48374938964844
2015-12-11,114.27999877929688,112.19000244140625,114.12000274658203,112.38999938964844,1378700.0,106.43436431884766
2015-12-14,113.94000244140625,111.7699966430664,112.16999816894531,113.63999938964844,1361500.0,107.61811065673828
2015-12-15,115.22000122070312,113.8499984741211,114.55000305175781,115.06999969482422,1224700.0,108.97233581542969
2015-12-16,118.05999755859375,115.16000366210938,115.66999816894531,117.88999938964844,1289700.0,111.64293670654297
2015-12-17,118.48999786376953,115.25,118.05000305175781,115.30000305175781,1056900.0,109.1901626586914
2015-12-18,115.18000030517578,112.58000183105469,115.16000366210938,112.62000274658203,1754900.0,106.65216827392578
2015-12-21,113.9000015258789,112.5999984741211,113.31999969482422,113.22000122070312,913400.0,107.22039031982422
2015-12-22,114.69000244140625,113.1500015258789,113.9800033569336,114.41999816894531,719100.0,108.35678100585938
2015-12-23,116.69000244140625,114.94000244140625,115.47000122070312,116.5,818300.0,110.32656860351562
2015-12-24,116.27999877929688,115.55000305175781,116.19000244140625,115.77999877929688,331100.0,109.64472198486328
2015-12-28,115.56999969482422,114.68000030517578,115.31999969482422,115.47000122070312,480900.0,109.35115051269531
2015-12-29,116.80999755859375,115.76000213623047,116.4000015258789,116.38999938964844,669500.0,110.222412109375
2015-12-30,116.45999908447266,115.37000274658203,116.16999816894531,115.43000030517578,525300.0,109.31326293945312
2015-12-31,116.13999938964844,114.37000274658203,115.04000091552734,114.37999725341797,965400.0,108.31889343261719
2016-01-04,113.1500015258789,111.0,112.9000015258789,112.48999786376953,1769700.0,106.52906036376953
2016-01-05,113.69000244140625,112.29000091552734,112.55000305175781,112.9000015258789,1222800.0,106.9173355102539
2016-01-06,110.8499984741211,106.55000305175781,109.81999969482422,108.06999969482422,3837000.0,102.34329223632812
2016-01-07,107.87000274658203,104.94000244140625,105.94999694824219,105.2699966430664,1963100.0,99.69165802001953
2016-01-08,105.77999877929688,104.08000183105469,105.48999786376953,104.3499984741211,1297300.0,98.82040405273438
2016-01-11,105.18000030517578,103.61000061035156,104.66000366210938,104.62000274658203,1498400.0,99.07609558105469
2016-01-12,106.25,104.61000061035156,105.83000183105469,105.72000122070312,1349100.0,100.11782836914062
2016-01-13,106.76000213623047,103.0199966430664,106.6500015258789,103.12999725341797,1399600.0,97.66504669189453
2016-01-14,105.4000015258789,102.4800033569336,103.4800033569336,104.81999969482422,1485000.0,99.26551055908203
2016-01-15,103.91000366210938,100.58999633789062,103.38999938964844,102.58000183105469,2042300.0,97.14421081542969
2016-01-19,104.08000183105469,101.48999786376953,104.0,102.37000274658203,1426800.0,96.9453125
2016-01-20,103.54000091552734,99.98999786376953,100.87999725341797,102.44000244140625,1738000.0,97.01162719726562
2016-01-21,102.73999786376953,100.58999633789062,102.11000061035156,101.8499984741211,1627900.0,96.45289611816406
2016-01-22,106.80999755859375,103.61000061035156,103.87999725341797,104.98999786376953,1555500.0,99.42649841308594
2016-01-25,104.88999938964844,103.08000183105469,104.4800033569336,103.26000213623047,1206000.0,97.7881851196289
2016-01-26,104.16000366210938,103.12000274658203,103.41000366210938,104.12999725341797,1148000.0,98.61206817626953
2016-01-27,104.7300033569336,102.05999755859375,103.41000366210938,102.77999877929688,1146500.0,97.33360290527344
2016-01-28,105.19999694824219,103.37999725341797,104.08000183105469,104.0,1030200.0,98.48896026611328
2016-01-29,107.9800033569336,103.98999786376953,104.70999908447266,107.87000274658203,2133100.0,102.15388488769531
2016-02-01,107.6500015258789,105.4800033569336,106.55999755859375,107.41999816894531,1109500.0,101.72772216796875
2016-02-02,106.54000091552734,104.69000244140625,106.54000091552734,104.93000030517578,1330400.0,99.36968231201172
2016-02-03,107.9000015258789,104.1500015258789,106.9000015258789,107.27999877929688,1546100.0,101.59513854980469
2016-02-04,109.69000244140625,107.12999725341797,107.45999908447266,109.16999816894531,1382200.0,103.38500213623047
2016-02-05,108.88999938964844,105.66999816894531,108.88999938964844,106.16999816894531,1353100.0,100.54397583007812
2016-02-08,105.72000122070312,102.44000244140625,105.04000091552734,103.62000274658203,1654500.0,98.12910461425781
2016-02-09,107.69999694824219,102.20999908447266,102.91000366210938,107.19999694824219,1792600.0,101.51937866210938
2016-02-10,109.6500015258789,106.06999969482422,107.62000274658203,106.20999908447266,1239400.0,100.58184051513672
2016-02-11,104.5999984741211,102.55000305175781,104.0199966430664,103.30000305175781,1449000.0,97.8260498046875
2016-02-12,106.93000030517578,104.04000091552734,104.95999908447266,106.62999725341797,1201600.0,100.97960662841797
2016-02-16,108.87999725341797,106.37999725341797,108.2300033569336,108.6500015258789,1243500.0,102.89253997802734
2016-02-17,110.55999755859375,109.55999755859375,110.0,109.95999908447266,1353200.0,104.13313293457031
2016-02-18,110.0,108.33999633789062,109.7300033569336,108.76000213623047,1000300.0,102.99671936035156
2016-02-19,108.33000183105469,106.7699966430664,108.30000305175781,107.7699966430664,2189700.0,102.0591812133789
2016-02-22,109.47000122070312,106.8499984741211,109.2699966430664,108.08999633789062,2274700.0,102.36223602294922
2016-02-23,104.12000274658203,99.98999786376953,103.62000274658203,100.13999938964844,6287600.0,94.83350372314453
2016-02-24,102.30999755859375,98.62000274658203,99.41000366210938,102.12999725341797,2945800.0,96.71803283691406
2016-02-25,103.69000244140625,101.58999633789062,102.58999633789062,103.68000030517578,1250900.0,98.18590545654297
2016-02-26,106.55999755859375,104.22000122070312,104.44999694824219,106.27999877929688,1816400.0,100.64810943603516
2016-02-29,106.80999755859375,102.55000305175781,105.94000244140625,102.55000305175781,2055100.0,97.11579895019531
2016-03-01,106.13999938964844,102.69000244140625,103.55000305175781,105.86000061035156,1789700.0,100.25038146972656
2016-03-02,105.72000122070312,104.0999984741211,105.27999877929688,104.68000030517578,1385800.0,99.13291931152344
2016-03-03,105.4800033569336,104.45999908447266,104.7300033569336,105.23999786376953,1164400.0,99.66324615478516
2016-03-04,107.12000274658203,104.79000091552734,105.69999694824219,106.33000183105469,1235000.0,100.6954574584961
2016-03-07,106.66999816894531,105.2699966430664,105.69999694824219,105.95999908447266,1148300.0,100.34508514404297
2016-03-08,105.4000015258789,104.20999908447266,104.94999694824219,104.27999877929688,1362300.0,98.75411987304688
2016-03-09,105.33000183105469,103.91999816894531,104.73999786376953,104.22000122070312,2218900.0,98.69728088378906
2016-03-10,106.26000213623047,103.87999725341797,104.83000183105469,105.26000213623047,1639000.0,99.68218994140625
2016-03-11,106.81999969482422,105.94999694824219,106.01000213623047,106.36000061035156,1000600.0,101.0599136352539
2016-03-14,104.27999877929688,102.91999816894531,104.27999877929688,103.04000091552734,2158800.0,97.90538024902344
2016-03-15,104.19000244140625,102.37999725341797,102.7699966430664,104.05000305175781,1359900.0,98.86503601074219
2016-03-16,106.43000030517578,103.52999877929688,103.94999694824219,105.87000274658203,1169000.0,100.59435272216797
2016-03-17,108.08000183105469,106.02999877929688,106.02999877929688,107.83999633789062,1762100.0,102.46617126464844
2016-03-18,109.41000366210938,107.73999786376953,108.22000122070312,108.13999938964844,2388400.0,102.751220703125
2016-03-21,109.68000030517578,107.83000183105469,108.12999725341797,108.9800033569336,1343600.0,103.54937744140625
2016-03-22,111.86000061035156,108.04000091552734,108.04000091552734,110.55999755859375,2044300.0,105.0506362915039
2016-03-23,110.91000366210938,109.61000061035156,110.25,110.0,898300.0,104.51854705810547
2016-03-24,110.5999984741211,109.08000183105469,109.2699966430664,110.52999877929688,1065700.0,105.02214050292969
2016-03-28,111.2300033569336,109.58000183105469,110.52999877929688,110.5999984741211,1109600.0,105.08865356445312
2016-03-29,111.55000305175781,109.7699966430664,110.12000274658203,111.45999908447266,879600.0,105.90579223632812
2016-03-30,113.22000122070312,111.91999816894531,112.08999633789062,112.41999816894531,982100.0,106.81793975830078
2016-03-31,113.4000015258789,111.05999755859375,112.62000274658203,111.5199966430664,1289100.0,105.96280670166016
2016-04-01,112.66999816894531,109.83000183105469,110.47000122070312,112.41999816894531,1355700.0,106.81793975830078
2016-04-04,112.81999969482422,111.69000244140625,111.97000122070312,112.08000183105469,1279100.0,106.49490356445312
2016-04-05,112.02999877929688,110.97000122070312,111.26000213623047,111.30000305175781,656900.0,105.75376892089844
2016-04-06,112.45999908447266,110.47000122070312,111.23999786376953,112.36000061035156,940200.0,106.76094055175781
2016-04-07,112.06999969482422,110.44999694824219,111.7300033569336,110.7300033569336,1017600.0,105.21217346191406
2016-04-08,113.16000366210938,111.29000091552734,112.0999984741211,111.62999725341797,820100.0,106.06732177734375
2016-04-11,112.79000091552734,111.44999694824219,112.05000305175781,111.47000122070312,698200.0,105.91531372070312
2016-04-12,112.94000244140625,111.5,111.51000213623047,112.58999633789062,885300.0,106.9794921875
2016-04-13,114.19999694824219,112.72000122070312,113.0,114.12999725341797,1509700.0,108.4427490234375
2016-04-14,115.9800033569336,114.08000183105469,114.4000015258789,115.47000122070312,1343800.0,109.7159652709961
2016-04-15,115.5999984741211,114.43000030517578,115.5999984741211,115.01000213623047,1551600.0,109.27889251708984
2016-04-18,115.2300033569336,114.13999938964844,114.52999877929688,115.18000030517578,1063200.0,109.44041442871094
2016-04-19,116.0999984741211,115.19000244140625,115.62999725341797,116.04000091552734,767900.0,110.257568359375
2016-04-20,116.0,114.83000183105469,115.80000305175781,115.56999969482422,1081500.0,109.81098175048828
2016-04-21,116.66000366210938,115.11000061035156,115.83999633789062,115.29000091552734,819400.0,109.54495239257812
2016-04-22,116.68000030517578,115.31999969482422,115.55000305175781,116.23999786376953,1052200.0,110.4476089477539
2016-04-25,116.33000183105469,115.38999938964844,115.9000015258789,115.7300033569336,1071500.0,109.96300506591797
2016-04-26,116.37999725341797,115.5999984741211,116.23999786376953,115.95999908447266,849400.0,110.1815414428711
2016-04-27,116.9000015258789,115.55000305175781,116.01000213623047,116.6500015258789,863600.0,110.83715057373047
2016-04-28,115.7300033569336,114.69000244140625,115.36000061035156,115.30000305175781,1796300.0,109.55443572998047
2016-04-29,115.37000274658203,114.11000061035156,114.83999633789062,114.9800033569336,1326200.0,109.25039672851562
2016-05-02,115.13999938964844,113.86000061035156,114.47000122070312,114.2699966430664,2031500.0,108.57575225830078
2016-05-03,116.87000274658203,112.69000244140625,116.86000061035156,113.58999633789062,2659400.0,107.92964935302734
2016-05-04,115.68000030517578,112.30000305175781,112.7300033569336,115.30999755859375,2036900.0,109.56393432617188
2016-05-05,115.93000030517578,114.22000122070312,115.31999969482422,115.04000091552734,1241000.0,109.30738830566406
2016-05-06,117.33000183105469,114.33000183105469,114.94999694824219,117.05000305175781,1427000.0,111.21723175048828
2016-05-09,116.66999816894531,115.26000213623047,116.56999969482422,115.47000122070312,1085900.0,109.7159652709961
2016-05-10,117.16999816894531,115.93000030517578,116.05000305175781,117.11000061035156,862200.0,111.27423858642578
2016-05-11,117.48999786376953,116.5,117.05000305175781,116.56999969482422,1067300.0,110.76114654541016
2016-05-12,117.75,116.5999984741211,117.29000091552734,117.12999725341797,944300.0,111.29324340820312
2016-05-13,117.30000305175781,115.70999908447266,117.0999984741211,116.0199966430664,1091400.0,110.23856353759766
2016-05-16,118.37000274658203,116.2300033569336,116.2300033569336,118.16000366210938,984800.0,112.27192687988281
2016-05-17,118.16999816894531,116.80999755859375,117.69999694824219,117.02999877929688,1091400.0,111.19820404052734
2016-05-18,117.13999938964844,115.47000122070312,116.6500015258789,116.01000213623047,1086900.0,110.22907257080078
2016-05-19,116.2699966430664,114.98999786376953,115.86000061035156,116.16000366210938,943500.0,110.37159729003906
2016-05-20,117.58000183105469,116.38999938964844,116.80999755859375,116.72000122070312,1736100.0,110.90367889404297
2016-05-23,117.18000030517578,116.19000244140625,116.76000213623047,116.8499984741211,678900.0,111.02720642089844
2016-05-24,118.94000244140625,115.0199966430664,117.1500015258789,118.55999755859375,990400.0,112.65199279785156
2016-05-25,119.5,118.43000030517578,118.9800033569336,118.5199966430664,1119900.0,112.61397552490234
2016-05-26,119.08999633789062,118.04000091552734,118.8499984741211,118.19999694824219,846000.0,112.30992126464844
2016-05-27,118.58999633789062,117.83999633789062,118.19999694824219,118.33999633789062,882900.0,112.44295501708984
2016-05-31,118.62000274658203,116.8499984741211,118.62000274658203,117.23999786376953,1486600.0,111.39776611328125
2016-06-01,118.61000061035156,116.2300033569336,117.05999755859375,118.5199966430664,829800.0,112.61397552490234
2016-06-02,118.87000274658203,117.5,117.94999694824219,118.87000274658203,763400.0,112.94654846191406
2016-06-03,118.97000122070312,117.70999908447266,118.08000183105469,118.79000091552734,1091200.0,112.87052917480469
2016-06-06,120.33999633789062,118.4800033569336,119.0,120.12999725341797,1131500.0,114.14373779296875
2016-06-07,120.97000122070312,119.70999908447266,120.25,120.80999755859375,950600.0,114.78987121582031
2016-06-08,121.80999755859375,120.4000015258789,121.0,121.55000305175781,1109200.0,115.49297332763672
2016-06-09,121.4800033569336,120.4800033569336,121.13999938964844,120.79000091552734,840500.0,114.77088165283203
2016-06-10,120.44000244140625,118.7699966430664,120.05999755859375,120.25,1618000.0,114.25777435302734
2016-06-13,121.2699966430664,119.30999755859375,119.83000183105469,119.33999633789062,1011800.0,113.39311981201172
2016-06-14,119.56999969482422,118.72000122070312,119.0,119.3499984741211,1117400.0,113.40260314941406
2016-06-15,119.87999725341797,118.51000213623047,119.66999816894531,118.5999984741211,1089800.0,112.68999481201172
2016-06-16,119.5,117.63999938964844,118.33000183105469,119.31999969482422,1120000.0,113.37411499023438
2016-06-17,118.97000122070312,117.79000091552734,118.97000122070312,118.5999984741211,1359500.0,113.0215072631836
2016-06-20,120.16999816894531,119.08999633789062,119.41000366210938,119.13999938964844,925100.0,113.53611755371094
2016-06-21,119.83000183105469,118.93000030517578,119.33000183105469,119.43000030517578,608300.0,113.8125
2016-06-22,120.0,119.33000183105469,119.7699966430664,119.44000244140625,705900.0,113.82202911376953
2016-06-23,121.16999816894531,120.25,120.79000091552734,120.94000244140625,807300.0,115.25146484375
2016-06-24,118.16000366210938,116.12000274658203,117.86000061035156,116.37000274658203,1405200.0,110.89642333984375
2016-06-27,115.4800033569336,113.79000091552734,115.16999816894531,114.47000122070312,1563300.0,109.08577728271484
2016-06-28,115.9000015258789,114.52999877929688,115.48999786376953,115.25,1232500.0,109.82908630371094
2016-06-29,116.93000030517578,116.0,116.0,116.79000091552734,1045900.0,111.2966537475586
2016-06-30,118.9800033569336,116.56999969482422,116.83999633789062,118.5999984741211,1706200.0,113.0215072631836
2016-07-01,119.58999633789062,118.58999633789062,118.87000274658203,118.8499984741211,894700.0,113.25975799560547
2016-07-05,118.44999694824219,117.2699966430664,118.44999694824219,117.58999633789062,1063400.0,112.05901336669922
2016-07-06,118.16999816894531,117.12000274658203,117.23999786376953,117.80000305175781,888100.0,112.25914001464844
2016-07-07,118.86000061035156,117.38999938964844,117.94999694824219,117.58999633789062,899800.0,112.05901336669922
2016-07-08,119.62000274658203,118.4000015258789,118.70999908447266,119.19999694824219,1384900.0,113.59329223632812
2016-07-11,119.48999786376953,118.81999969482422,119.48999786376953,119.0999984741211,731400.0,113.49800872802734
2016-07-12,121.16000366210938,119.58000183105469,119.75,120.30000305175781,977200.0,114.64154052734375
2016-07-13,120.72000122070312,119.95999908447266,120.5999984741211,120.55999755859375,786600.0,114.88931274414062
2016-07-14,121.75,120.94000244140625,120.94000244140625,121.2699966430664,720900.0,115.56592559814453
2016-07-15,121.75,120.7699966430664,121.7300033569336,120.94999694824219,779300.0,115.26097869873047
2016-07-18,121.0999984741211,120.12000274658203,120.68000030517578,120.33999633789062,696000.0,114.67967987060547
2016-07-19,120.55000305175781,119.91000366210938,120.12000274658203,120.13999938964844,680900.0,114.48908996582031
2016-07-20,120.43000030517578,119.70999908447266,120.19000244140625,120.02999877929688,840500.0,114.38424682617188
2016-07-21,119.95999908447266,118.68000030517578,119.58000183105469,119.63999938964844,1053800.0,114.01261138916016
2016-07-22,120.38999938964844,119.41000366210938,119.73999786376953,120.0199966430664,573000.0,114.3747329711914
2016-07-25,120.20999908447266,119.0199966430664,120.0,119.79000091552734,532500.0,114.15555572509766
2016-07-26,120.05000305175781,119.37999725341797,119.69000244140625,119.75,640300.0,114.11743927001953
2016-07-27,119.8499984741211,118.37999725341797,119.79000091552734,119.20999908447266,796800.0,113.60282135009766
2016-07-28,119.7699966430664,118.01000213623047,119.0999984741211,119.12999725341797,807300.0,113.5265884399414
2016-07-29,118.86000061035156,117.61000061035156,118.80999755859375,118.37999725341797,982700.0,112.81185913085938
2016-08-01,119.22000122070312,117.23999786376953,117.70999908447266,118.66999816894531,1342100.0,113.08822631835938
2016-08-02,122.81999969482422,119.19000244140625,119.37999725341797,122.80999755859375,2023300.0,117.03348541259766
2016-08-03,123.41000366210938,120.76000213623047,122.75,121.41000366210938,1575100.0,115.69934844970703
2016-08-04,122.66000366210938,121.52999877929688,121.69000244140625,122.2300033569336,1015800.0,116.48078155517578
2016-08-05,122.79000091552734,121.63999938964844,122.5,122.72000122070312,822800.0,116.94774627685547
2016-08-08,123.0,122.02999877929688,123.0,122.25,571300.0,116.4998550415039
2016-08-09,123.44000244140625,122.05999755859375,122.26000213623047,122.80000305175781,606400.0,117.02395629882812
2016-08-10,123.2300033569336,122.37999725341797,123.11000061035156,122.86000061035156,577100.0,117.08114624023438
2016-08-11,123.30000305175781,122.68000030517578,122.94000244140625,123.1500015258789,481900.0,117.35751342773438
2016-08-12,123.05000305175781,122.18000030517578,122.80000305175781,122.44999694824219,631600.0,116.69043731689453
2016-08-15,122.9800033569336,121.33000183105469,122.91000366210938,122.68000030517578,720900.0,116.90959167480469
2016-08-16,122.95999908447266,122.0199966430664,122.55000305175781,122.23999786376953,790700.0,116.49029541015625
2016-08-17,122.58000183105469,121.55000305175781,122.36000061035156,122.26000213623047,608400.0,116.5093765258789
2016-08-18,122.6500015258789,122.06999969482422,122.12999725341797,122.38999938964844,550200.0,116.63325500488281
2016-08-19,122.94000244140625,121.55999755859375,121.93000030517578,122.7699966430664,803200.0,116.99539184570312
2016-08-22,122.5999984741211,121.6500015258789,122.37999725341797,122.26000213623047,670400.0,116.5093765258789
2016-08-23,123.27999877929688,122.3499984741211,122.80000305175781,122.66999816894531,563600.0,116.90009307861328
2016-08-24,122.30000305175781,121.43000030517578,122.27999877929688,121.70999908447266,636100.0,115.98524475097656
2016-08-25,123.2699966430664,121.30000305175781,121.80000305175781,122.80000305175781,828000.0,117.02395629882812
2016-08-26,124.11000061035156,122.58000183105469,123.23999786376953,122.93000030517578,909900.0,117.14787292480469
2016-08-29,124.16000366210938,122.52999877929688,123.01000213623047,123.88999938964844,658800.0,118.06269073486328
2016-08-30,124.2300033569336,123.44000244140625,124.08999633789062,123.9800033569336,787200.0,118.1484603881836
2016-08-31,124.2300033569336,122.63999938964844,123.86000061035156,123.05000305175781,786300.0,117.2622299194336
2016-09-01,123.4000015258789,121.72000122070312,122.73999786376953,123.0999984741211,864800.0,117.30986785888672
2016-09-02,124.23999786376953,123.37999725341797,123.72000122070312,124.05000305175781,577500.0,118.21517944335938
2016-09-06,124.5999984741211,123.29000091552734,124.16000366210938,123.69999694824219,740700.0,117.88163757324219
2016-09-07,124.47000122070312,122.26000213623047,124.47000122070312,122.73999786376953,698800.0,116.96678924560547
2016-09-08,122.66000366210938,121.98999786376953,122.4000015258789,122.37999725341797,546300.0,116.62371826171875
2016-09-09,121.94000244140625,118.66999816894531,121.48999786376953,118.68000030517578,1270800.0,113.0977554321289
2016-09-12,120.44000244140625,118.19999694824219,118.33000183105469,120.05999755859375,923800.0,114.412841796875
2016-09-13,120.13999938964844,117.16999816894531,119.5,117.55000305175781,1061200.0,112.0208969116211
2016-09-14,118.1500015258789,116.87999725341797,117.52999877929688,117.52999877929688,996900.0,112.0018539428711
2016-09-15,118.43000030517578,117.0199966430664,117.30000305175781,118.08000183105469,649200.0,112.5259780883789
2016-09-16,117.58999633789062,116.66000366210938,117.38999938964844,117.33000183105469,1057300.0,112.14364624023438
2016-09-19,118.4000015258789,117.30999755859375,118.01000213623047,117.62000274658203,599700.0,112.42084503173828
2016-09-20,118.22000122070312,117.16000366210938,117.97000122070312,117.30999755859375,1130600.0,112.1245346069336
2016-09-21,118.56999969482422,117.01000213623047,117.75,118.48999786376953,749500.0,113.25238800048828
2016-09-22,119.7300033569336,118.83999633789062,119.33000183105469,119.13999938964844,596800.0,113.87364196777344
2016-09-23,119.44999694824219,118.31999969482422,118.88999938964844,119.04000091552734,1107300.0,113.778076171875
2016-09-26,119.5199966430664,118.37999725341797,119.05000305175781,118.93000030517578,806000.0,113.67292785644531
2016-09-27,120.0,118.45999908447266,118.66999816894531,119.91999816894531,866400.0,114.6191635131836
2016-09-28,121.44000244140625,119.97000122070312,120.44999694824219,121.30000305175781,888500.0,115.93816375732422
2016-09-29,121.80000305175781,120.41000366210938,121.05999755859375,120.7300033569336,777900.0,115.39337921142578
2016-09-30,122.06999969482422,120.69999694824219,120.83000183105469,121.72000122070312,956800.0,116.33960723876953
2016-10-03,121.73999786376953,120.80999755859375,121.55000305175781,121.11000061035156,735200.0,115.7565689086914
2016-10-04,121.26000213623047,119.69000244140625,121.05000305175781,120.16000366210938,932800.0,114.84854888916016
2016-10-05,120.97000122070312,119.88999938964844,120.2300033569336,120.01000213623047,672200.0,114.7052001953125
2016-10-06,120.97000122070312,119.27999877929688,119.73999786376953,120.54000091552734,607100.0,115.21176147460938
2016-10-07,120.48999786376953,118.63999938964844,120.48999786376953,119.0199966430664,538200.0,113.75895690917969
2016-10-10,120.0,118.9800033569336,119.66999816894531,119.06999969482422,493800.0,113.80674743652344
2016-10-11,119.13999938964844,116.5,118.4800033569336,117.16000366210938,864300.0,111.9811782836914
2016-10-12,117.68000030517578,116.68000030517578,117.0,117.13999938964844,705100.0,111.9620590209961
2016-10-13,117.38999938964844,116.0199966430664,116.45999908447266,117.01000213623047,660200.0,111.83780670166016
2016-10-14,117.81999969482422,116.75,117.62999725341797,116.76000213623047,903700.0,111.5988540649414
2016-10-17,116.79000091552734,116.19999694824219,116.48999786376953,116.33999633789062,656400.0,111.19741821289062
2016-10-18,117.55000305175781,116.56999969482422,117.51000213623047,116.5999984741211,634100.0,111.4459457397461
2016-10-19,117.37000274658203,116.37999725341797,116.80000305175781,116.81999969482422,778600.0,111.65619659423828
2016-10-20,116.88999938964844,115.91000366210938,116.7300033569336,116.43000030517578,588700.0,111.28341674804688
2016-10-21,116.02999877929688,115.0199966430664,116.02999877929688,115.77999877929688,741200.0,110.66215515136719
2016-10-24,116.80000305175781,116.1500015258789,116.1500015258789,116.70999908447266,676900.0,111.55105590820312
2016-10-25,116.56999969482422,115.8499984741211,116.37999725341797,115.94999694824219,621100.0,110.82465362548828
2016-10-26,115.87000274658203,115.11000061035156,115.63999938964844,115.3499984741211,755300.0,110.25116729736328
2016-10-27,115.44000244140625,114.6500015258789,115.44000244140625,114.95999908447266,891800.0,109.87842559814453
2016-10-28,116.20999908447266,114.58000183105469,115.20999908447266,115.0999984741211,860100.0,110.01221466064453
2016-10-31,115.5999984741211,114.0,115.38999938964844,114.16999816894531,1523400.0,109.12332153320312
2016-11-01,114.80999755859375,111.38999938964844,113.80000305175781,112.13999938964844,1673000.0,107.18306732177734
2016-11-02,112.56999969482422,111.5,112.16000366210938,111.98999786376953,919300.0,107.03970336914062
2016-11-03,112.30999755859375,111.0999984741211,112.19000244140625,111.18000030517578,943000.0,106.2655029296875
2016-11-04,111.77999877929688,110.6500015258789,111.18000030517578,110.66999816894531,1012400.0,105.7780532836914
2016-11-07,113.01000213623047,111.76000213623047,111.97000122070312,112.87000274658203,840900.0,107.88078308105469
2016-11-08,114.01000213623047,112.63999938964844,112.81999969482422,113.5999984741211,583300.0,108.57853698730469
2016-11-09,115.18000030517578,111.06999969482422,111.80999755859375,114.76000213623047,1346100.0,109.68727111816406
2016-11-10,116.98999786376953,114.69000244140625,115.0,116.1500015258789,1272900.0,111.01580047607422
2016-11-11,116.45999908447266,115.33000183105469,115.83999633789062,115.66999816894531,1062400.0,110.5570297241211
2016-11-14,116.19999694824219,113.7699966430664,115.79000091552734,113.9800033569336,1330000.0,108.94173431396484
2016-11-15,114.27999877929688,113.5,113.9800033569336,114.13999938964844,911900.0,109.09466552734375
2016-11-16,114.83999633789062,114.05000305175781,114.12999725341797,114.77999877929688,619000.0,109.70638275146484
2016-11-17,114.87999725341797,114.12000274658203,114.63999938964844,114.83000183105469,759500.0,109.75418853759766
2016-11-18,115.2699966430664,114.08999633789062,114.6500015258789,114.27999877929688,710300.0,109.22848510742188
2016-11-21,115.2300033569336,114.36000061035156,114.83999633789062,114.91999816894531,530300.0,109.84019470214844
2016-11-22,116.55999755859375,114.88999938964844,114.98999786376953,116.36000061035156,990200.0,111.2165298461914
2016-11-23,117.44000244140625,116.30999755859375,116.30999755859375,116.79000091552734,754300.0,111.62753295898438
2016-11-25,116.83999633789062,116.12000274658203,116.75,116.63999938964844,359300.0,111.4841537475586
2016-11-28,117.0,116.05000305175781,116.13999938964844,116.33999633789062,1070900.0,111.19741821289062
2016-11-29,116.9800033569336,115.77999877929688,116.04000091552734,116.41000366210938,725800.0,111.26433563232422
2016-11-30,117.37000274658203,116.16000366210938,116.58999633789062,116.7300033569336,1276500.0,111.57019805908203
2016-12-01,118.55000305175781,116.70999908447266,116.91000366210938,118.48999786376953,1925500.0,113.25238800048828
2016-12-02,118.73999786376953,116.41000366210938,118.43000030517578,116.88999938964844,1166000.0,111.72311401367188
2016-12-05,119.05000305175781,117.0,117.3499984741211,118.55999755859375,1008400.0,113.31929016113281
2016-12-06,118.37999725341797,116.41999816894531,118.22000122070312,116.88999938964844,1136900.0,111.72311401367188
2016-12-07,118.81999969482422,116.63999938964844,116.9800033569336,118.80999755859375,1134300.0,113.55823516845703
2016-12-08,119.76000213623047,118.41999816894531,118.8499984741211,119.61000061035156,922600.0,114.32286834716797
2016-12-09,120.51000213623047,119.1500015258789,119.5199966430664,120.5,1121900.0,115.17353820800781
2016-12-12,121.80999755859375,120.48999786376953,120.68000030517578,121.47000122070312,833900.0,116.10065460205078
2016-12-13,122.25,121.25,122.0,122.22000122070312,1521400.0,116.8175048828125
2016-12-14,122.27999877929688,120.83000183105469,122.18000030517578,121.05000305175781,876600.0,115.69922637939453
2016-12-15,122.08999633789062,119.75,120.66000366210938,122.04000091552734,1199900.0,116.64545440673828
2016-12-16,122.0,120.19999694824219,121.75,120.2699966430664,2066000.0,115.30325317382812
2016-12-19,120.86000061035156,120.11000061035156,120.58000183105469,120.56999969482422,707700.0,115.59088897705078
2016-12-20,121.19000244140625,119.98999786376953,120.91000366210938,120.41999816894531,848000.0,115.44706726074219
2016-12-21,120.55999755859375,119.3499984741211,120.37999725341797,119.37000274658203,1105200.0,114.44044494628906
2016-12-22,119.4800033569336,118.3499984741211,119.18000030517578,118.58999633789062,942300.0,113.6926498413086
2016-12-23,119.12999725341797,118.5,118.79000091552734,118.76000213623047,815900.0,113.85564422607422
2016-12-27,119.5999984741211,118.63999938964844,118.76000213623047,119.20999908447266,457700.0,114.28705596923828
2016-12-28,119.73999786376953,117.95999908447266,119.55000305175781,118.0,574800.0,113.12702178955078
2016-12-29,118.33999633789062,117.4800033569336,117.94999694824219,117.70999908447266,450500.0,112.84899139404297
2016-12-30,118.2699966430664,116.91999816894531,118.05000305175781,117.22000122070312,715200.0,112.37923431396484
2017-01-03,118.41000366210938,117.29000091552734,118.12000274658203,118.04000091552734,1080600.0,113.16537475585938
2017-01-04,119.12000274658203,118.01000213623047,118.25,118.79000091552734,720000.0,113.88440704345703
2017-01-05,118.76000213623047,117.69999694824219,118.41999816894531,118.61000061035156,731500.0,113.71183013916016
2017-01-06,119.56999969482422,118.30999755859375,118.69999694824219,118.91999816894531,864600.0,114.009033203125
2017-01-09,119.38999938964844,118.37999725341797,118.87000274658203,118.83999633789062,914200.0,113.93233489990234
2017-01-10,119.0199966430664,117.77999877929688,118.5,117.86000061035156,784900.0,112.99280548095703
2017-01-11,118.4800033569336,117.33000183105469,117.5,118.31999969482422,771200.0,113.4338150024414
2017-01-12,118.70999908447266,117.52999877929688,117.7699966430664,118.63999938964844,897600.0,113.7405776977539
2017-01-13,119.22000122070312,118.36000061035156,118.75,118.56999969482422,596200.0,113.6734848022461
2017-01-17,119.04000091552734,117.69000244140625,118.23999786376953,118.68000030517578,754800.0,113.7789306640625
2017-01-18,119.19000244140625,117.98999786376953,118.80999755859375,119.06999969482422,1031600.0,114.15283966064453
2017-01-19,119.48999786376953,118.45999908447266,118.87999725341797,118.8499984741211,711400.0,113.94190979003906
2017-01-20,119.55999755859375,117.55000305175781,119.1500015258789,118.4000015258789,1355800.0,113.51050567626953
2017-01-23,119.41999816894531,118.0999984741211,118.31999969482422,119.3499984741211,927900.0,114.4212646484375
2017-01-24,122.0,119.4000015258789,119.8499984741211,121.6500015258789,1255900.0,116.62629699707031
2017-01-25,122.54000091552734,121.56999969482422,121.70999908447266,122.48999786376953,1127500.0,117.43158721923828
2017-01-26,122.63999938964844,120.56999969482422,122.63999938964844,120.94999694824219,910100.0,115.9552001953125
2017-01-27,121.51000213623047,120.43000030517578,120.77999877929688,121.29000091552734,671800.0,116.2811508178711
2017-01-30,121.54000091552734,120.06999969482422,121.22000122070312,121.48999786376953,975800.0,116.47289276123047
2017-01-31,121.75,119.7699966430664,121.19000244140625,120.12999725341797,1094100.0,115.16905212402344
2017-02-01,120.88999938964844,119.51000213623047,119.73999786376953,120.77999877929688,795600.0,115.7922134399414
2017-02-02,121.23999786376953,120.16000366210938,120.88999938964844,120.20999908447266,756200.0,115.24574279785156
2017-02-03,120.94000244140625,120.01000213623047,120.36000061035156,120.75,937900.0,115.76347351074219
2017-02-06,120.4800033569336,119.08999633789062,120.4000015258789,119.69999694824219,813100.0,114.7568130493164
2017-02-07,120.7300033569336,119.41999816894531,119.98999786376953,120.25,708800.0,115.28409576416016
2017-02-08,120.51000213623047,119.61000061035156,120.11000061035156,120.33999633789062,604300.0,115.37036895751953
2017-02-09,120.83999633789062,120.11000061035156,120.33999633789062,120.61000061035156,573600.0,115.62924194335938
2017-02-10,121.4000015258789,120.45999908447266,120.75,121.19999694824219,642300.0,116.19487762451172
2017-02-13,122.31999969482422,120.79000091552734,121.22000122070312,121.76000213623047,732800.0,116.73175048828125
2017-02-14,122.94999694824219,121.55999755859375,121.83999633789062,122.83999633789062,861600.0,117.76714324951172
2017-02-15,123.91000366210938,122.05000305175781,122.3499984741211,123.4000015258789,1045700.0,118.30402374267578
2017-02-16,123.5,122.26000213623047,123.2699966430664,123.27999877929688,829600.0,118.18896484375
2017-02-17,124.08999633789062,122.55000305175781,123.31999969482422,123.94999694824219,1249100.0,118.831298828125
2017-02-21,124.30000305175781,121.81999969482422,122.80000305175781,124.02999877929688,2200000.0,118.90800476074219
2017-02-22,124.2699966430664,121.5,121.7699966430664,123.0999984741211,1290700.0,118.01639556884766
2017-02-23,123.62000274658203,122.5199966430664,123.5,122.76000213623047,1005200.0,117.6904525756836
2017-02-24,125.5,122.30000305175781,122.30000305175781,125.5,1758000.0,120.31729125976562
2017-02-27,125.9800033569336,123.80999755859375,125.5,123.83999633789062,1056800.0,118.725830078125
2017-02-28,124.81999969482422,123.55000305175781,123.8499984741211,123.97000122070312,1328000.0,118.85047149658203
2017-03-01,126.16999816894531,124.73999786376953,125.0,125.87000274658203,1051300.0,120.67203521728516
2017-03-02,125.83000183105469,125.01000213623047,125.58999633789062,125.08999633789062,763700.0,119.92420196533203
2017-03-03,125.62999725341797,124.68000030517578,124.93000030517578,125.25,909300.0,120.07762145996094
2017-03-06,125.4800033569336,124.73999786376953,124.7699966430664,125.05999755859375,729000.0,119.89544677734375
2017-03-07,125.44999694824219,124.44000244140625,125.16999816894531,124.72000122070312,842900.0,119.56951904296875
2017-03-08,125.66000366210938,124.30000305175781,124.63999938964844,124.5,1081800.0,119.35858917236328
2017-03-09,124.55000305175781,123.33999633789062,124.22000122070312,123.69000244140625,1338900.0,118.58204650878906
2017-03-10,124.91000366210938,123.87999725341797,124.38999938964844,124.25,1125300.0,119.1189193725586
2017-03-13,124.77999877929688,123.95999908447266,124.25,124.7699966430664,925600.0,119.61743927001953
2017-03-14,124.69000244140625,123.4800033569336,124.05999755859375,123.68000030517578,931100.0,118.57245635986328
2017-03-15,125.66999816894531,123.6500015258789,124.30999755859375,125.37000274658203,929600.0,120.19265747070312
2017-03-16,125.62000274658203,124.48999786376953,125.37000274658203,125.19000244140625,928300.0,120.02009582519531
2017-03-17,125.81999969482422,125.0199966430664,125.33999633789062,125.41000366210938,1732800.0,120.58740997314453
2017-03-20,125.7699966430664,124.81999969482422,125.11000061035156,125.12999725341797,766300.0,120.31816864013672
2017-03-21,125.54000091552734,123.95999908447266,125.0199966430664,124.19999694824219,913500.0,119.42393493652344
2017-03-22,124.86000061035156,123.91000366210938,124.29000091552734,124.23999786376953,732400.0,119.46238708496094
2017-03-23,124.97000122070312,123.6500015258789,124.13999938964844,124.18000030517578,996700.0,119.40470123291016
2017-03-24,124.5999984741211,123.51000213623047,124.16999816894531,123.83000183105469,1007500.0,119.06815338134766
2017-03-27,124.18000030517578,122.58000183105469,122.58000183105469,124.11000061035156,791400.0,119.33739471435547
2017-03-28,125.11000061035156,123.6500015258789,124.01000213623047,124.87000274658203,1083000.0,120.06817626953125
2017-03-29,125.0999984741211,124.37999725341797,124.58999633789062,124.77999877929688,670400.0,119.98163604736328
2017-03-30,125.41999816894531,124.76000213623047,125.08999633789062,125.33999633789062,575700.0,120.52008819580078
2017-03-31,125.9800033569336,124.66000366210938,124.66000366210938,125.33999633789062,1167300.0,120.52008819580078
2017-04-03,127.05999755859375,124.9800033569336,126.0,125.87999725341797,1514500.0,121.0393295288086
2017-04-04,126.04000091552734,124.41999816894531,125.8499984741211,125.05999755859375,1140000.0,120.2508544921875
2017-04-05,125.83000183105469,124.4800033569336,125.4000015258789,124.83000183105469,1102400.0,120.02970123291016
2017-04-06,125.77999877929688,124.77999877929688,124.87999725341797,125.20999908447266,795600.0,120.39510345458984
2017-04-07,125.58999633789062,124.69999694824219,124.8499984741211,125.25,841100.0,120.43354797363281
2017-04-10,126.3499984741211,125.0999984741211,125.29000091552734,125.87000274658203,750600.0,121.02972412109375
2017-04-11,126.13999938964844,125.0999984741211,125.5999984741211,125.66000366210938,617600.0,120.82779693603516
2017-04-12,125.81999969482422,124.68000030517578,125.13999938964844,124.95999908447266,854800.0,120.15472412109375
2017-04-13,125.44000244140625,124.45999908447266,124.75,124.47000122070312,598000.0,119.68354797363281
2017-04-17,125.41999816894531,124.7300033569336,124.97000122070312,125.41999816894531,472500.0,120.59701538085938
2017-04-18,125.38999938964844,124.56999969482422,124.56999969482422,125.30999755859375,672800.0,120.49125671386719
2017-04-19,126.19999694824219,125.52999877929688,125.68000030517578,125.70999908447266,885300.0,120.87586975097656
2017-04-20,126.58999633789062,125.63999938964844,125.93000030517578,126.3499984741211,676000.0,121.49127197265625
2017-04-21,126.75,126.0199966430664,126.41999816894531,126.19999694824219,656600.0,121.34703063964844
2017-04-24,127.62999725341797,126.79000091552734,127.26000213623047,127.30000305175781,1243400.0,122.40473175048828
2017-04-25,128.5500030517578,127.5999984741211,127.77999877929688,128.25,773900.0,123.31817626953125
2017-04-26,129.0,127.9800033569336,128.24000549316406,128.8000030517578,1106400.0,123.84706115722656
2017-04-27,129.44000244140625,128.74000549316406,128.94000244140625,129.3699951171875,933100.0,124.3951187133789
2017-04-28,129.49000549316406,128.92999267578125,129.2100067138672,129.08999633789062,1384800.0,124.12589263916016
2017-05-01,129.85000610351562,128.4199981689453,128.69000244140625,129.25,1363600.0,124.27975463867188
2017-05-02,128.02000427246094,125.05000305175781,125.91999816894531,125.26000213623047,2895600.0,120.44318389892578
2017-05-03,126.01000213623047,125.30000305175781,125.5,125.56999969482422,1213500.0,120.74126434326172
2017-05-04,126.26000213623047,125.06999969482422,125.56999969482422,126.22000122070312,999200.0,121.36626434326172
2017-05-05,126.76000213623047,126.05000305175781,126.18000030517578,126.47000122070312,803300.0,121.60665130615234
2017-05-08,127.33000183105469,125.77999877929688,126.55000305175781,125.94999694824219,802500.0,121.10663604736328
2017-05-09,126.3499984741211,125.05000305175781,125.94999694824219,125.61000061035156,831900.0,120.77973175048828
2017-05-10,126.9000015258789,125.5,125.5,126.66000366210938,968200.0,121.78934478759766
2017-05-11,126.95999908447266,125.97000122070312,126.66999816894531,126.7300033569336,849500.0,121.85665893554688
2017-05-12,127.38999938964844,126.44999694824219,126.62999725341797,126.51000213623047,932400.0,121.64511108398438
2017-05-15,128.4199981689453,126.51000213623047,126.51000213623047,127.2699966430664,847500.0,122.3758773803711
2017-05-16,128.0800018310547,127.1500015258789,127.1500015258789,127.37999725341797,843100.0,122.48165893554688
2017-05-17,127.37999725341797,126.2300033569336,127.37999725341797,126.38999938964844,926900.0,121.52973175048828
2017-05-18,127.25,126.26000213623047,126.54000091552734,126.73999786376953,1079500.0,121.86625671386719
2017-05-19,127.31999969482422,126.66000366210938,126.98999786376953,127.08999633789062,2893200.0,122.20279693603516
2017-05-22,128.3000030517578,127.31999969482422,127.61000061035156,127.81999969482422,1122300.0,122.90473937988281
2017-05-23,128.27999877929688,127.68000030517578,127.68000030517578,128.0500030517578,730000.0,123.12588500976562
2017-05-24,129.77999877929688,128.07000732421875,128.3000030517578,129.30999755859375,872300.0,124.33744049072266
2017-05-25,130.52000427246094,129.50999450683594,129.8000030517578,130.30999755859375,803200.0,125.29898071289062
2017-05-26,131.49000549316406,130.75,130.75999450683594,131.3000030517578,870100.0,126.25091552734375
2017-05-30,131.64999389648438,130.63999938964844,131.16000366210938,131.55999755859375,1037300.0,126.50090026855469
2017-05-31,133.00999450683594,131.25999450683594,131.85000610351562,132.83999633789062,946000.0,127.7316665649414
2017-06-01,133.9600067138672,132.83999633789062,132.99000549316406,133.77999877929688,982400.0,128.63552856445312
2017-06-02,134.39999389648438,133.25999450683594,133.86000061035156,134.3300018310547,818800.0,129.16441345214844
2017-06-05,134.3699951171875,133.6300048828125,134.36000061035156,133.66000366210938,836500.0,128.52017211914062
2017-06-06,133.92999267578125,132.4199981689453,133.35000610351562,133.35000610351562,745700.0,128.2220916748047
2017-06-07,133.9600067138672,133.25,133.57000732421875,133.52000427246094,727400.0,128.38555908203125
2017-06-08,133.60000610351562,132.4499969482422,133.52000427246094,132.72999572753906,882800.0,127.62592315673828
2017-06-09,133.83999633789062,132.83999633789062,133.30999755859375,133.80999755859375,1091000.0,128.66439819335938
2017-06-12,133.97000122070312,132.8000030517578,133.80999755859375,133.17999267578125,775600.0,128.05862426757812
2017-06-13,134.60000610351562,132.75999450683594,133.22000122070312,134.49000549316406,774800.0,129.31826782226562
2017-06-14,134.88999938964844,133.63999938964844,134.7899932861328,133.8800048828125,650600.0,128.73171997070312
2017-06-15,134.3800048828125,132.86000061035156,133.72999572753906,133.85000610351562,980800.0,128.70286560058594
2017-06-16,134.27999877929688,133.5,133.69000244140625,134.27999877929688,1609100.0,129.4741973876953
2017-06-19,134.74000549316406,133.89999389648438,134.42999267578125,134.61000061035156,670400.0,129.7924041748047
2017-06-20,134.4499969482422,133.8800048828125,134.16000366210938,134.11000061035156,605700.0,129.31031799316406
2017-06-21,134.5399932861328,132.0399932861328,134.02999877929688,132.13999938964844,1084300.0,127.41079711914062
2017-06-22,132.8000030517578,131.6300048828125,132.13999938964844,131.67999267578125,780300.0,126.96723937988281
2017-06-23,132.36000061035156,131.30999755859375,131.6999969482422,131.66000366210938,1038800.0,126.94799041748047
2017-06-26,132.5,131.52000427246094,131.74000549316406,132.02000427246094,948700.0,127.29510498046875
2017-06-27,132.4600067138672,131.6999969482422,132.0,131.77999877929688,869000.0,127.06368255615234
2017-06-28,133.3000030517578,132.3699951171875,132.6199951171875,132.89999389648438,620400.0,128.1436004638672
2017-06-29,132.99000549316406,130.8800048828125,132.88999938964844,131.4499969482422,826300.0,126.74549865722656
2017-06-30,133.22999572753906,131.80999755859375,132.0,132.75,995800.0,127.99900817871094
2017-07-03,133.47000122070312,132.49000549316406,133.19000244140625,132.94000244140625,715600.0,128.18214416503906
2017-07-05,133.99000549316406,133.1199951171875,133.27999877929688,133.27000427246094,970500.0,128.5003662109375
2017-07-06,133.47000122070312,132.13999938964844,133.07000732421875,132.17999267578125,768500.0,127.44938659667969
2017-07-07,132.7899932861328,131.6199951171875,132.17999267578125,132.6199951171875,886700.0,127.87364959716797
2017-07-10,132.83999633789062,131.67999267578125,132.6300048828125,132.0500030517578,767800.0,127.32403564453125
2017-07-11,132.64999389648438,131.4499969482422,132.1699981689453,131.88999938964844,607100.0,127.16976165771484
2017-07-12,133.41000366210938,132.55999755859375,132.66000366210938,133.0399932861328,819500.0,128.278564453125
2017-07-13,133.11000061035156,131.85000610351562,133.0500030517578,132.05999755859375,576800.0,127.33365631103516
2017-07-14,132.94000244140625,131.92999267578125,132.27999877929688,132.72000122070312,542000.0,127.97004699707031
2017-07-17,132.99000549316406,131.7899932861328,132.8000030517578,132.1699981689453,1017700.0,127.4397201538086
2017-07-18,132.7100067138672,131.9499969482422,132.00999450683594,132.4499969482422,630300.0,127.70967864990234
2017-07-19,133.05999755859375,132.33999633789062,132.67999267578125,133.0500030517578,812200.0,128.28822326660156
2017-07-20,133.14999389648438,132.11000061035156,132.85000610351562,132.4499969482422,812700.0,127.70967864990234
2017-07-21,133.4199981689453,132.25999450683594,132.2899932861328,133.0500030517578,611500.0,128.28822326660156
2017-07-24,133.17999267578125,131.63999938964844,132.75999450683594,132.0399932861328,710700.0,127.31438446044922
2017-07-25,133.25999450683594,132.5399932861328,132.75999450683594,132.89999389648438,584200.0,128.1436004638672
2017-07-26,132.8300018310547,132.14999389648438,132.8300018310547,132.4499969482422,595400.0,127.70967864990234
2017-07-27,132.82000732421875,131.11000061035156,132.47999572753906,131.82000732421875,829600.0,127.1022720336914
2017-07-28,132.55999755859375,131.38999938964844,131.94000244140625,131.9199981689453,847800.0,127.19867706298828
2017-07-31,133.05999755859375,131.5,132.5,131.6699981689453,1392900.0,126.9576187133789
2017-08-01,131.6199951171875,127.18000030517578,131.0800018310547,131.42999267578125,1603400.0,126.72618865966797
2017-08-02,133.05999755859375,131.19000244140625,131.38999938964844,132.89999389648438,1046600.0,128.1436004638672
2017-08-03,133.0,132.24000549316406,132.89999389648438,132.6199951171875,899100.0,127.87364959716797
2017-08-04,133.25,132.35000610351562,132.69000244140625,132.89999389648438,628200.0,128.1436004638672
2017-08-07,133.19000244140625,131.9199981689453,133.0,131.9499969482422,892800.0,127.22756958007812
2017-08-08,132.07000732421875,130.8300018310547,131.9499969482422,131.24000549316406,636800.0,126.54303741455078
2017-08-09,132.3800048828125,131.35000610351562,131.36000061035156,132.36000061035156,690600.0,127.62296295166016
2017-08-10,132.3300018310547,130.19000244140625,132.05999755859375,130.22999572753906,770300.0,125.56916809082031
2017-08-11,130.8800048828125,129.74000549316406,130.72000122070312,129.80999755859375,618700.0,125.1641845703125
2017-08-14,131.4600067138672,130.0,130.42999267578125,131.4600067138672,674800.0,126.7551498413086
2017-08-15,131.8800048828125,130.97000122070312,131.16000366210938,131.14999389648438,824000.0,126.45621490478516
2017-08-16,132.72999572753906,131.42999267578125,131.42999267578125,132.41000366210938,678900.0,127.67115783691406
2017-08-17,132.16000366210938,130.22000122070312,131.50999450683594,130.22999572753906,727400.0,125.56916809082031
2017-08-18,130.64999389648438,129.72999572753906,130.35000610351562,130.11000061035156,720800.0,125.4534683227539
2017-08-21,130.74000549316406,129.6300048828125,130.16000366210938,130.39999389648438,559800.0,125.73304748535156
2017-08-22,131.63999938964844,130.41000366210938,130.6300048828125,131.47999572753906,506200.0,126.77442932128906
2017-08-23,131.3699951171875,130.63999938964844,131.1999969482422,130.77999877929688,471000.0,126.09947967529297
2017-08-24,131.27000427246094,130.00999450683594,130.77999877929688,130.3300018310547,701900.0,125.66558837890625
2017-08-25,131.52000427246094,130.75999450683594,131.08999633789062,131.0399932861328,470400.0,126.35015106201172
2017-08-28,131.52000427246094,130.50999450683594,131.00999450683594,131.4600067138672,745000.0,126.7551498413086
2017-08-29,131.02000427246094,130.47000122070312,130.97000122070312,130.8699951171875,573500.0,126.18626403808594
2017-08-30,131.0399932861328,130.4600067138672,130.8699951171875,130.97999572753906,605400.0,126.29232025146484
2017-08-31,133.4600067138672,131.35000610351562,131.5800018310547,133.3000030517578,1254900.0,128.52928161621094
2017-09-01,133.67999267578125,131.97999572753906,133.57000732421875,132.85000610351562,726100.0,128.0954132080078
2017-09-05,133.38999938964844,132.1999969482422,132.9199981689453,133.22999572753906,856900.0,128.46182250976562
2017-09-06,134.27999877929688,129.97000122070312,132.86000061035156,130.88999938964844,1968200.0,126.20556640625
2017-09-07,131.6199951171875,130.52000427246094,131.10000610351562,131.52999877929688,999000.0,126.82263946533203
2017-09-08,131.3699951171875,130.47999572753906,131.13999938964844,131.1199951171875,716100.0,126.42732238769531
2017-09-11,131.49000549316406,129.5800018310547,131.49000549316406,129.8300018310547,1716400.0,125.1834716796875
2017-09-12,130.3800048828125,129.1999969482422,129.82000732421875,129.97999572753906,1154700.0,125.328125
2017-09-13,129.91000366210938,129.24000549316406,129.72999572753906,129.4199981689453,747200.0,124.78813934326172
2017-09-14,131.02999877929688,129.2100067138672,129.32000732421875,131.00999450683594,1101700.0,126.32125091552734
2017-09-15,131.49000549316406,130.5399932861328,131.02999877929688,131.0500030517578,1208200.0,126.35981750488281
2017-09-18,131.44000244140625,130.47000122070312,131.0500030517578,130.52999877929688,886600.0,126.21477508544922
2017-09-19,131.1199951171875,130.3800048828125,130.9600067138672,130.74000549316406,652600.0,126.4178466796875
2017-09-20,131.3800048828125,130.24000549316406,130.9499969482422,130.8000030517578,833600.0,126.47584533691406
2017-09-21,131.17999267578125,130.5800018310547,130.86000061035156,130.94000244140625,1095900.0,126.61121368408203
2017-09-22,131.44000244140625,130.74000549316406,131.0,131.3300018310547,761900.0,126.98832702636719
2017-09-25,131.66000366210938,130.47000122070312,131.33999633789062,131.49000549316406,861800.0,127.14305877685547
2017-09-26,131.99000549316406,130.1699981689453,131.8000030517578,130.22999572753906,563000.0,125.92469787597656
2017-09-27,130.27999877929688,127.62999725341797,130.27999877929688,128.97000122070312,1054200.0,124.70635223388672
2017-09-28,129.5800018310547,128.75,128.9499969482422,129.27000427246094,586000.0,124.9964599609375
2017-09-29,129.64999389648438,128.52999877929688,129.27000427246094,128.61000061035156,858200.0,124.35826873779297
2017-10-02,130.75,128.3800048828125,128.5800018310547,130.64999389648438,1175000.0,126.33080291748047
2017-10-03,131.42999267578125,130.38999938964844,130.89999389648438,130.55999755859375,849600.0,126.24375915527344
2017-10-04,131.52000427246094,130.39999389648438,130.72000122070312,130.75999450683594,835600.0,126.43717193603516
2017-10-05,131.80999755859375,130.42999267578125,131.1699981689453,131.74000549316406,772200.0,127.38478088378906
2017-10-06,132.02000427246094,131.27000427246094,131.3699951171875,131.97000122070312,769100.0,127.60718536376953
2017-10-09,132.1999969482422,131.52000427246094,132.00999450683594,132.05999755859375,619200.0,127.69416809082031
2017-10-10,132.9499969482422,132.05999755859375,132.05999755859375,132.6999969482422,776500.0,128.3130340576172
2017-10-11,133.0800018310547,131.52999877929688,132.92999267578125,132.5500030517578,677000.0,128.16799926757812
2017-10-12,133.9199981689453,132.42999267578125,132.42999267578125,133.91000366210938,679900.0,129.48301696777344
2017-10-13,134.8699951171875,133.85000610351562,134.22999572753906,134.08999633789062,888500.0,129.65708923339844
2017-10-16,134.80999755859375,134.1199951171875,134.32000732421875,134.4499969482422,949700.0,130.00518798828125
2017-10-17,134.5,132.33999633789062,134.13999938964844,132.5800018310547,1266700.0,128.19700622558594
2017-10-18,133.3000030517578,131.2899932861328,132.6699981689453,131.6999969482422,1102300.0,127.3460922241211
2017-10-19,131.9600067138672,130.9499969482422,131.55999755859375,131.74000549316406,626200.0,127.38478088378906
2017-10-20,132.8000030517578,131.85000610351562,132.2100067138672,132.8000030517578,622500.0,128.4097137451172
2017-10-23,133.2899932861328,132.39999389648438,132.60000610351562,132.60000610351562,686800.0,128.2163543701172
2017-10-24,133.3000030517578,132.1999969482422,133.0800018310547,132.3000030517578,710200.0,127.92626190185547
2017-10-25,132.83999633789062,131.6300048828125,132.3800048828125,132.49000549316406,1079000.0,128.11000061035156
2017-10-26,133.8800048828125,132.4199981689453,133.3000030517578,132.6699981689453,806200.0,128.28402709960938
2017-10-27,132.88999938964844,131.32000732421875,132.52000427246094,131.99000549316406,923400.0,127.62651824951172
2017-10-30,131.85000610351562,130.82000732421875,131.64999389648438,130.9199981689453,1103100.0,126.59188079833984
2017-10-31,133.74000549316406,129.14999389648438,131.75999450683594,130.66000366210938,2009300.0,126.3404541015625
2017-11-01,131.72000122070312,129.16000366210938,130.08999633789062,131.27000427246094,1269200.0,126.93031311035156
2017-11-02,131.6199951171875,130.42999267578125,131.35000610351562,131.24000549316406,1144000.0,126.90132904052734
2017-11-03,132.41000366210938,130.83999633789062,131.22999572753906,131.3800048828125,1869800.0,127.03670501708984
2017-11-06,132.88999938964844,131.16000366210938,131.1999969482422,131.91000366210938,710600.0,127.54914855957031
2017-11-07,132.10000610351562,130.57000732421875,131.5800018310547,130.9499969482422,958500.0,126.62088775634766
2017-11-08,131.35000610351562,130.11000061035156,130.9499969482422,130.38999938964844,1012100.0,126.07939147949219
2017-11-09,130.6699981689453,129.50999450683594,130.42999267578125,130.25,825400.0,125.94403839111328
2017-11-10,130.6300048828125,129.25,129.82000732421875,130.3000030517578,1298400.0,125.99240112304688
2017-11-13,131.8000030517578,129.8000030517578,130.22000122070312,131.63999938964844,1072600.0,127.28804779052734
2017-11-14,131.97000122070312,130.24000549316406,131.17999267578125,131.39999389648438,1359800.0,127.05603790283203
2017-11-15,131.35000610351562,130.1199951171875,131.1999969482422,130.22999572753906,1104500.0,125.92469787597656
2017-11-16,132.52999877929688,130.36000061035156,130.52000427246094,131.99000549316406,1423100.0,127.62651824951172
2017-11-17,131.9499969482422,130.83999633789062,131.5800018310547,131.4499969482422,1425200.0,127.10433959960938
2017-11-20,132.6999969482422,131.07000732421875,131.27999877929688,132.1300048828125,1222400.0,127.76189422607422
2017-11-21,133.25,132.14999389648438,132.6199951171875,132.4499969482422,1247300.0,128.07127380371094
2017-11-22,133.61000061035156,132.22999572753906,132.86000061035156,132.99000549316406,1331200.0,128.59347534179688
2017-11-24,133.5500030517578,132.66000366210938,133.2899932861328,132.86000061035156,281900.0,128.46774291992188
2017-11-27,133.58999633789062,132.58999633789062,132.97000122070312,132.80999755859375,880200.0,128.41940307617188
2017-11-28,134.25,133.47000122070312,133.47000122070312,134.25,1827900.0,129.81182861328125
2017-11-29,135.07000732421875,133.63999938964844,134.27000427246094,135.0,897600.0,130.53701782226562
2017-11-30,136.77999877929688,135.14999389648438,135.22999572753906,135.9199981689453,1453200.0,131.4265899658203
2017-12-01,136.6199951171875,133.9600067138672,136.4499969482422,134.88999938964844,1019100.0,130.43064880371094
2017-12-04,137.7899932861328,135.07000732421875,135.47999572753906,137.25999450683594,1509100.0,132.7222900390625
2017-12-05,137.9600067138672,137.10000610351562,137.42999267578125,137.4199981689453,1154400.0,132.8769989013672
2017-12-06,137.55999755859375,136.6199951171875,137.2899932861328,136.8800048828125,1018100.0,132.3548583984375
2017-12-07,137.02999877929688,135.5399932861328,136.52000427246094,135.9199981689453,938100.0,131.4265899658203
2017-12-08,136.5800018310547,135.0800018310547,136.5800018310547,135.3300018310547,862500.0,130.85604858398438
2017-12-11,136.0,134.4600067138672,135.8000030517578,134.6699981689453,1488800.0,130.2178955078125
2017-12-12,134.89999389648438,133.75999450683594,134.6999969482422,134.85000610351562,1143600.0,130.39193725585938
2017-12-13,135.74000549316406,134.5500030517578,135.00999450683594,135.0,801000.0,130.53701782226562
2017-12-14,135.47000122070312,134.35000610351562,135.0,134.3699951171875,977900.0,129.92782592773438
2017-12-15,135.49000549316406,134.2899932861328,134.72000122070312,135.19000244140625,1462900.0,130.72073364257812
2017-12-18,136.3000030517578,135.19000244140625,135.33999633789062,135.83999633789062,1475700.0,131.74879455566406
2017-12-19,136.25999450683594,134.83999633789062,136.1199951171875,135.08999633789062,868500.0,131.02137756347656
2017-12-20,135.7899932861328,134.02000427246094,135.41000366210938,134.0800018310547,1326800.0,130.04180908203125
2017-12-21,134.8800048828125,133.41000366210938,134.60000610351562,133.50999450683594,1570100.0,129.4889678955078
2017-12-22,134.19000244140625,133.22000122070312,133.75,133.97000122070312,655600.0,129.9351043701172
2017-12-26,134.25,133.52000427246094,133.99000549316406,133.6999969482422,324300.0,129.6732635498047
2017-12-27,134.55999755859375,133.55999755859375,133.99000549316406,134.10000610351562,710300.0,130.06118774414062
2017-12-28,134.6199951171875,133.80999755859375,134.52000427246094,134.52999877929688,862100.0,130.47825622558594
2017-12-29,135.50999450683594,134.17999267578125,135.02999877929688,134.17999267578125,613900.0,130.13876342773438
2018-01-02,134.8000030517578,133.41000366210938,134.1999969482422,134.5,940700.0,130.4491424560547
2018-01-03,135.49000549316406,134.0,134.72999572753906,135.3699951171875,764500.0,131.29296875
2018-01-04,136.82000732421875,135.5500030517578,135.72000122070312,136.47000122070312,723200.0,132.35980224609375
2018-01-05,137.27000427246094,135.1999969482422,135.89999389648438,137.17999267578125,1048900.0,133.04843139648438
2018-01-08,137.0,136.0399932861328,136.63999938964844,136.6999969482422,1099900.0,132.5828857421875
2018-01-09,137.41000366210938,136.3699951171875,136.6199951171875,136.66000366210938,887400.0,132.54409790039062
2018-01-10,136.52000427246094,134.6300048828125,136.52000427246094,135.1199951171875,881000.0,131.0504913330078
2018-01-11,137.05999755859375,135.11000061035156,135.27999877929688,137.02999877929688,1563400.0,132.90293884277344
2018-01-12,138.1199951171875,137.02999877929688,137.4499969482422,137.67999267578125,1267000.0,133.53334045410156
2018-01-16,138.67999267578125,136.61000061035156,138.41000366210938,137.02000427246094,1133700.0,132.89324951171875
2018-01-17,137.8300018310547,136.25,137.75999450683594,137.42999267578125,1131700.0,133.2908935546875
2018-01-18,139.07000732421875,137.14999389648438,137.27999877929688,138.35000610351562,911500.0,134.18321228027344
2018-01-19,139.97000122070312,138.3699951171875,139.22000122070312,139.75,1068300.0,135.541015625
2018-01-22,140.42999267578125,139.32000732421875,139.7899932861328,140.33999633789062,1543100.0,136.11326599121094
2018-01-23,140.5,136.41000366210938,140.5,137.75999450683594,2388000.0,133.61094665527344
2018-01-24,138.24000549316406,136.60000610351562,137.75999450683594,137.30999755859375,2012500.0,133.1745147705078
2018-01-25,138.77999877929688,137.25999450683594,137.97999572753906,138.32000732421875,1319800.0,134.15408325195312
2018-01-26,138.97000122070312,137.6699981689453,138.67999267578125,138.14999389648438,1189200.0,133.98922729492188
2018-01-29,138.30999755859375,136.97000122070312,137.5399932861328,137.5,1109800.0,133.35879516601562
2018-01-30,138.25,137.0800018310547,137.0800018310547,137.5800018310547,1019000.0,133.43638610839844
2018-01-31,138.5800018310547,137.17999267578125,137.88999938964844,137.67999267578125,1738700.0,133.53334045410156
2018-02-01,138.72999572753906,137.0,137.3000030517578,138.49000549316406,1556300.0,134.3189697265625
2018-02-02,139.3000030517578,136.91000366210938,137.72999572753906,137.05999755859375,1641100.0,132.93206787109375
2018-02-05,138.10000610351562,132.0500030517578,136.6199951171875,132.0500030517578,1862600.0,128.07293701171875
2018-02-06,132.77000427246094,128.63999938964844,130.39999389648438,131.74000549316406,2828200.0,127.77227783203125
2018-02-07,135.42999267578125,130.94000244140625,130.94000244140625,133.1199951171875,2052300.0,129.1107177734375
2018-02-08,133.63999938964844,127.66000366210938,133.22999572753906,127.76000213623047,2457200.0,123.91215515136719
2018-02-09,129.8000030517578,125.73999786376953,128.8800048828125,128.52000427246094,2224200.0,124.64925384521484
2018-02-12,131.02999877929688,129.00999450683594,129.24000549316406,130.16000366210938,1551400.0,126.2398681640625
2018-02-13,129.97000122070312,127.19000244140625,129.08999633789062,129.33999633789062,1385600.0,125.44454193115234
2018-02-14,130.41000366210938,128.10000610351562,128.47999572753906,129.8000030517578,1339800.0,125.89071655273438
2018-02-15,131.77000427246094,130.3300018310547,130.67999267578125,131.77000427246094,1447200.0,127.80140686035156
2018-02-16,132.91000366210938,130.9499969482422,131.22000122070312,131.49000549316406,1301800.0,127.52982330322266
2018-02-20,133.44000244140625,130.13999938964844,131.49000549316406,131.72000122070312,1390400.0,127.75286865234375
2018-02-21,132.52999877929688,129.8300018310547,132.0800018310547,129.89999389648438,1597200.0,125.98768615722656
2018-02-22,131.3699951171875,129.13999938964844,130.52000427246094,129.4499969482422,1332600.0,125.55123901367188
2018-02-23,130.9600067138672,129.32000732421875,130.19000244140625,130.83999633789062,1529500.0,126.89937591552734
2018-02-26,132.2100067138672,130.85000610351562,131.22999572753906,131.99000549316406,1100600.0,128.01473999023438
2018-02-27,132.4199981689453,131.05999755859375,132.0,131.08999633789062,908900.0,127.14185333251953
2018-02-28,132.0500030517578,130.44000244140625,131.4499969482422,130.4499969482422,1314400.0,126.52112579345703
2018-03-01,131.05999755859375,128.0800018310547,129.89999389648438,128.7100067138672,1309300.0,124.83352661132812
2018-03-02,129.05999755859375,127.2300033569336,128.22000122070312,127.86000061035156,1204600.0,124.00912475585938
2018-03-05,130.39999389648438,127.30000305175781,127.30000305175781,129.9499969482422,1186600.0,126.03618621826172
2018-03-06,131.63999938964844,129.36000061035156,130.2899932861328,131.00999450683594,933900.0,127.06423950195312
2018-03-07,133.19000244140625,129.89999389648438,130.14999389648438,132.8000030517578,2000000.0,128.80032348632812
2018-03-08,134.41000366210938,132.8000030517578,133.19000244140625,134.33999633789062,1887900.0,130.2939453125
2018-03-09,134.9499969482422,133.75,133.94000244140625,134.91000366210938,2136600.0,130.84681701660156
2018-03-12,137.22000122070312,134.72999572753906,135.0,136.77999877929688,1450200.0,132.66046142578125
2018-03-13,137.50999450683594,136.0,137.07000732421875,136.8300018310547,1403600.0,132.708984375
2018-03-14,137.72999572753906,136.0500030517578,137.3699951171875,136.30999755859375,1536700.0,132.2046356201172
2018-03-15,136.9199981689453,135.9199981689453,136.38999938964844,136.6999969482422,1259900.0,132.5828857421875
2018-03-16,138.44000244140625,136.6999969482422,136.83999633789062,138.0800018310547,1852400.0,133.9213409423828
2018-03-19,138.08999633789062,136.0500030517578,137.38999938964844,136.47999572753906,1333700.0,132.7637481689453
2018-03-20,137.00999450683594,135.3800048828125,136.47999572753906,136.6300048828125,1160700.0,132.90965270996094
2018-03-21,137.82000732421875,136.1300048828125,136.6199951171875,136.4199981689453,931200.0,132.7053680419922
2018-03-22,136.3000030517578,133.92999267578125,135.5,134.1199951171875,1093600.0,130.46795654296875
2018-03-23,135.13999938964844,132.25,134.5500030517578,132.25,1289900.0,128.64889526367188
2018-03-26,134.85000610351562,132.6199951171875,133.61000061035156,134.74000549316406,1790400.0,131.0711212158203
2018-03-27,137.02000427246094,134.19000244140625,134.9199981689453,134.97999572753906,1397100.0,131.3045654296875
2018-03-28,136.7100067138672,134.9600067138672,135.5399932861328,135.30999755859375,1224400.0,131.62557983398438
2018-03-29,137.92999267578125,134.94000244140625,135.92999267578125,137.07000732421875,1319200.0,133.337646484375
2018-04-02,137.0,132.7899932861328,136.7100067138672,133.97000122070312,1112000.0,130.32205200195312
2018-04-03,137.4199981689453,133.97999572753906,134.66000366210938,136.89999389648438,1611000.0,133.1722869873047
2018-04-04,139.02000427246094,134.88999938964844,135.27999877929688,138.8699951171875,1525400.0,135.088623046875
2018-04-05,141.8699951171875,139.1199951171875,139.5800018310547,141.25,1666100.0,137.40383911132812
2018-04-06,141.99000549316406,139.0,140.52000427246094,139.77999877929688,1791800.0,135.97386169433594
2018-04-09,141.91000366210938,139.9199981689453,140.6300048828125,140.25,1470500.0,136.4310760498047
2018-04-10,142.63999938964844,140.5800018310547,141.4499969482422,141.63999938964844,1319100.0,137.78323364257812
2018-04-11,141.13999938964844,139.85000610351562,140.6699981689453,140.64999389648438,1047100.0,136.82015991210938
2018-04-12,142.07000732421875,140.6999969482422,141.27000427246094,141.3800048828125,921700.0,137.53028869628906
2018-04-13,142.1300048828125,140.82000732421875,142.10000610351562,141.17999267578125,847900.0,137.33575439453125
2018-04-16,147.0500030517578,141.2899932861328,142.30999755859375,146.9600067138672,3491100.0,142.95838928222656
2018-04-17,148.50999450683594,145.89999389648438,147.77999877929688,148.07000732421875,1550900.0,144.0381317138672
2018-04-18,150.4600067138672,147.86000061035156,148.41000366210938,149.83999633789062,1416100.0,145.7599334716797
2018-04-19,149.97999572753906,148.49000549316406,149.97999572753906,148.97999572753906,1129000.0,144.92337036132812
2018-04-20,149.1699981689453,147.61000061035156,148.77999877929688,148.5500030517578,1160600.0,144.5050811767578
2018-04-23,149.6199951171875,148.22000122070312,148.22000122070312,149.14999389648438,1334300.0,145.0887451171875
2018-04-24,149.63999938964844,144.88999938964844,149.39999389648438,146.25,1538400.0,142.26768493652344
2018-04-25,146.02999877929688,143.74000549316406,146.02999877929688,145.1699981689453,1845800.0,141.2171173095703
2018-04-26,146.82000732421875,144.82000732421875,145.77999877929688,146.17999267578125,1021400.0,142.19956970214844
2018-04-27,147.08999633789062,144.64999389648438,145.92999267578125,146.7100067138672,1196800.0,142.7151641845703
2018-04-30,147.99000549316406,144.4199981689453,147.3800048828125,144.77000427246094,2107700.0,140.8280029296875
2018-05-01,147.47999572753906,136.0,136.0,147.1300048828125,1998400.0,143.12374877929688
2018-05-02,146.85000610351562,143.72999572753906,145.5800018310547,144.24000549316406,1641500.0,140.3124237060547
2018-05-03,145.11000061035156,142.9199981689453,143.41000366210938,144.17999267578125,1432100.0,140.25404357910156
2018-05-04,146.4499969482422,143.1999969482422,143.74000549316406,145.38999938964844,949900.0,141.4311065673828
2018-05-07,146.6199951171875,145.3699951171875,145.92999267578125,145.7899932861328,999600.0,141.82022094726562
2018-05-08,146.4600067138672,145.05999755859375,145.6699981689453,145.49000549316406,1126000.0,141.52841186523438
2018-05-09,147.30999755859375,145.22999572753906,145.92999267578125,146.97999572753906,1397200.0,142.97779846191406
2018-05-10,148.0,146.89999389648438,147.47000122070312,147.66000366210938,779600.0,143.6392822265625
2018-05-11,147.86000061035156,146.85000610351562,147.66000366210938,147.14999389648438,730900.0,143.1431884765625
2018-05-14,147.75,145.9199981689453,147.44000244140625,146.2899932861328,1364500.0,142.30662536621094
2018-05-15,146.3000030517578,145.5399932861328,146.0500030517578,146.2100067138672,1208900.0,142.22879028320312
2018-05-16,148.41000366210938,146.32000732421875,146.6999969482422,147.7100067138672,1101300.0,143.68795776367188
2018-05-17,148.22999572753906,146.83999633789062,147.42999267578125,147.07000732421875,940600.0,143.0653839111328
2018-05-18,148.17999267578125,146.88999938964844,146.88999938964844,147.8300018310547,1020700.0,143.8046875
2018-05-21,148.63999938964844,147.57000732421875,148.27999877929688,148.0,711300.0,143.97006225585938
2018-05-22,148.44000244140625,146.3800048828125,148.3000030517578,146.50999450683594,911400.0,142.52059936523438
2018-05-23,146.24000549316406,144.99000549316406,145.49000549316406,145.6300048828125,1016200.0,141.66458129882812
2018-05-24,146.25,145.27000427246094,145.52000427246094,145.47000122070312,913000.0,141.5089569091797
2018-05-25,145.6300048828125,144.2100067138672,145.02999877929688,144.7100067138672,932200.0,140.7696533203125
2018-05-29,144.1699981689453,141.58999633789062,143.67999267578125,141.75,1613400.0,137.89022827148438
2018-05-30,144.63999938964844,142.44000244140625,142.47999572753906,144.02999877929688,1057300.0,140.10813903808594
2018-05-31,144.32000732421875,142.27000427246094,144.0,142.61000061035156,1042700.0,138.72683715820312
2018-06-01,144.00999450683594,143.2899932861328,143.55999755859375,143.60000610351562,766700.0,139.68984985351562
2018-06-04,144.64999389648438,143.9600067138672,144.27999877929688,144.25999450683594,573900.0,140.33184814453125
2018-06-05,144.85000610351562,144.00999450683594,144.00999450683594,144.61000061035156,1115200.0,140.6723175048828
2018-06-06,146.67999267578125,143.9600067138672,144.97999572753906,146.5800018310547,1509700.0,142.58872985839844
2018-06-07,146.97999572753906,145.19000244140625,146.52999877929688,145.8699951171875,834000.0,141.89804077148438
2018-06-08,146.74000549316406,145.4199981689453,145.8699951171875,146.19000244140625,743600.0,142.20933532714844
2018-06-11,146.4600067138672,145.25,145.85000610351562,145.3000030517578,1015900.0,141.3435821533203
2018-06-12,146.41000366210938,144.77999877929688,145.8699951171875,145.0500030517578,868000.0,141.10037231445312
2018-06-13,145.89999389648438,144.27000427246094,145.0,144.7100067138672,657200.0,140.7696533203125
2018-06-14,145.67999267578125,144.4199981689453,145.30999755859375,145.39999389648438,785500.0,141.44082641601562
2018-06-15,146.60000610351562,144.02000427246094,145.55999755859375,146.57000732421875,2301700.0,142.5789794921875
2018-06-18,145.82000732421875,144.27000427246094,145.22999572753906,144.92999267578125,746400.0,141.37911987304688
2018-06-19,145.1699981689453,143.13999938964844,143.77000427246094,144.58999633789062,1416900.0,141.04742431640625
2018-06-20,145.14999389648438,143.47000122070312,144.60000610351562,143.64999389648438,716900.0,140.13047790527344
2018-06-21,143.8300018310547,141.0,143.30999755859375,141.55999755859375,1134100.0,138.09169006347656
2018-06-22,140.72000122070312,137.60000610351562,139.64999389648438,138.8699951171875,2700900.0,135.46759033203125
2018-06-25,139.83999633789062,137.6199951171875,139.0,138.4199981689453,1128500.0,135.02862548828125
2018-06-26,140.0500030517578,138.3300018310547,139.08999633789062,138.4199981689453,1178100.0,135.02862548828125
2018-06-27,140.35000610351562,138.32000732421875,139.1199951171875,138.3300018310547,1825300.0,134.94082641601562
2018-06-28,140.36000061035156,138.5399932861328,138.5399932861328,140.0800018310547,1057200.0,136.64794921875
2018-06-29,141.6699981689453,140.27999877929688,140.42999267578125,140.3300018310547,1405200.0,136.89183044433594
2018-07-02,140.3300018310547,138.64999389648438,139.75,140.24000549316406,950300.0,136.80401611328125
2018-07-03,141.72999572753906,139.75999450683594,141.02000427246094,139.97000122070312,441700.0,136.5406494140625
2018-07-05,141.2100067138672,140.25999450683594,140.4499969482422,140.74000549316406,778400.0,137.29177856445312
2018-07-06,142.22000122070312,140.4199981689453,140.9199981689453,141.75999450683594,664900.0,138.28675842285156
2018-07-09,142.52999877929688,141.69000244140625,142.02000427246094,142.0500030517578,621500.0,138.56967163085938
2018-07-10,143.00999450683594,142.0500030517578,142.27000427246094,142.91000366210938,519000.0,139.4086151123047
2018-07-11,143.39999389648438,141.60000610351562,142.25999450683594,141.94000244140625,523200.0,138.46238708496094
2018-07-12,142.8699951171875,142.1300048828125,142.6699981689453,142.66000366210938,543400.0,139.16473388671875
2018-07-13,143.39999389648438,142.61000061035156,142.85000610351562,143.16000366210938,670900.0,139.65249633789062
2018-07-16,143.41000366210938,142.30999755859375,143.25999450683594,142.6199951171875,690000.0,139.125732421875
2018-07-17,144.0800018310547,142.2100067138672,142.41000366210938,143.72000122070312,663700.0,140.19876098632812
2018-07-18,144.55999755859375,143.52000427246094,144.0,144.0,770200.0,140.471923828125
2018-07-19,143.61000061035156,141.8300018310547,143.14999389648438,141.89999389648438,1149000.0,138.42333984375
2018-07-20,141.6199951171875,140.5800018310547,141.2899932861328,140.91000366210938,1027800.0,137.45762634277344
2018-07-23,141.0800018310547,139.6999969482422,140.94000244140625,140.33999633789062,877800.0,136.90159606933594
2018-07-24,141.61000061035156,140.24000549316406,141.1199951171875,140.61000061035156,899900.0,137.1649627685547
2018-07-25,141.6999969482422,139.8000030517578,140.66000366210938,141.60000610351562,1238600.0,138.13070678710938
2018-07-26,143.1199951171875,141.99000549316406,142.1300048828125,142.6999969482422,919100.0,139.2037353515625
2018-07-27,143.0500030517578,140.3300018310547,142.72000122070312,140.9499969482422,1006400.0,137.49661254882812
2018-07-30,142.5399932861328,140.52999877929688,140.8699951171875,140.74000549316406,1390000.0,137.29177856445312
2018-07-31,142.85000610351562,139.50999450683594,140.5800018310547,140.6999969482422,2095900.0,137.25277709960938
2018-08-01,145.27999877929688,141.25,141.39999389648438,144.6999969482422,2380800.0,141.15475463867188
2018-08-02,147.16000366210938,143.77000427246094,144.30999755859375,146.33999633789062,2127000.0,142.7545623779297
2018-08-03,147.1999969482422,146.30999755859375,146.8000030517578,147.1199951171875,1077300.0,143.5154571533203
2018-08-06,148.7899932861328,146.5,146.5500030517578,148.1699981689453,1155700.0,144.5397491455078
2018-08-07,149.30999755859375,147.6699981689453,148.16000366210938,148.9600067138672,1090200.0,145.31039428710938
2018-08-08,149.2100067138672,147.72999572753906,148.89999389648438,148.4199981689453,963500.0,144.78359985351562
2018-08-09,148.9600067138672,147.67999267578125,148.86000061035156,147.83999633789062,891500.0,144.21783447265625
2018-08-10,147.66000366210938,146.7100067138672,147.44000244140625,146.86000061035156,838300.0,143.26182556152344
2018-08-13,148.0500030517578,145.69000244140625,146.89999389648438,145.97000122070312,983500.0,142.39364624023438
2018-08-14,147.57000732421875,145.92999267578125,146.10000610351562,147.0399932861328,777500.0,143.43740844726562
2018-08-15,146.89999389648438,145.0,146.61000061035156,146.07000732421875,798900.0,142.4912109375
2018-08-16,147.25999450683594,146.14999389648438,146.52999877929688,146.69000244140625,649800.0,143.09600830078125
2018-08-17,147.44000244140625,146.39999389648438,146.86000061035156,147.30999755859375,830200.0,143.70079040527344
2018-08-20,148.57000732421875,147.63999938964844,147.8699951171875,148.2899932861328,607300.0,144.6567840576172
2018-08-21,148.8000030517578,147.64999389648438,148.67999267578125,148.07000732421875,545700.0,144.44219970703125
2018-08-22,148.05999755859375,147.14999389648438,148.02000427246094,147.19000244140625,476300.0,143.583740234375
2018-08-23,147.32000732421875,146.4499969482422,147.0,147.16000366210938,564500.0,143.55447387695312
2018-08-24,149.32000732421875,147.2100067138672,147.49000549316406,148.92999267578125,757800.0,145.28109741210938
2018-08-27,149.97999572753906,149.10000610351562,149.10000610351562,149.82000732421875,694900.0,146.1493377685547
2018-08-28,150.9499969482422,149.25999450683594,150.0,149.5,696600.0,145.837158203125
2018-08-29,151.00999450683594,149.27000427246094,149.75999450683594,150.8699951171875,617400.0,147.17356872558594
2018-08-30,151.02000427246094,149.64999389648438,150.72000122070312,150.1199951171875,674800.0,146.44195556640625
2018-08-31,151.05999755859375,149.57000732421875,149.83999633789062,150.47999572753906,942100.0,146.7931365966797
2018-09-04,151.33999633789062,150.1999969482422,150.61000061035156,150.63999938964844,1018600.0,146.94923400878906
2018-09-05,152.52000427246094,150.32000732421875,150.47999572753906,152.47000122070312,1015300.0,148.73440551757812
2018-09-06,153.6199951171875,152.3300018310547,152.3300018310547,153.1999969482422,870000.0,149.446533203125
2018-09-07,153.58999633789062,151.8699951171875,152.7100067138672,153.35000610351562,873900.0,149.5928192138672
2018-09-10,154.25,153.33999633789062,153.8000030517578,153.83999633789062,839700.0,150.07083129882812
2018-09-11,155.05999755859375,153.19000244140625,153.63999938964844,154.89999389648438,754800.0,151.1048583984375
2018-09-12,156.3000030517578,154.66000366210938,154.97999572753906,155.72000122070312,763400.0,151.90476989746094
2018-09-13,156.7100067138672,155.1999969482422,156.0,156.5399932861328,906200.0,152.7046661376953
2018-09-14,157.22999572753906,156.0399932861328,156.66000366210938,157.1199951171875,726800.0,153.2704315185547
2018-09-17,157.1999969482422,155.91000366210938,156.80999755859375,156.24000549316406,657700.0,152.81076049804688
2018-09-18,157.11000061035156,155.3300018310547,156.47000122070312,156.64999389648438,684500.0,153.21177673339844
2018-09-19,158.07000732421875,156.61000061035156,156.89999389648438,157.8300018310547,789700.0,154.3658905029297
2018-09-20,159.39999389648438,158.08999633789062,158.1699981689453,159.1999969482422,983500.0,155.70582580566406
2018-09-21,159.9199981689453,158.77000427246094,159.9199981689453,159.39999389648438,2139700.0,155.9014129638672
2018-09-24,159.14999389648438,157.25999450683594,159.0,157.97999572753906,866200.0,154.51260375976562
2018-09-25,158.6199951171875,156.8699951171875,158.39999389648438,157.32000732421875,754600.0,153.86708068847656
2018-09-26,157.77000427246094,155.5800018310547,157.22999572753906,156.85000610351562,848400.0,153.40740966796875
2018-09-27,157.94000244140625,156.47999572753906,156.82000732421875,156.8300018310547,539600.0,153.38783264160156
2018-09-28,157.61000061035156,155.67999267578125,156.5,156.77999877929688,1153700.0,153.33889770507812
2018-10-01,158.0399932861328,156.49000549316406,157.57000732421875,157.39999389648438,530700.0,153.9453125
2018-10-02,157.72999572753906,156.52000427246094,157.66000366210938,157.22000122070312,732300.0,153.76927185058594
2018-10-03,158.1199951171875,155.91000366210938,157.64999389648438,156.11000061035156,891600.0,152.6836395263672
2018-10-04,156.33999633789062,154.8699951171875,155.6199951171875,156.11000061035156,885600.0,152.6836395263672
2018-10-05,157.7899932861328,156.0,156.27000427246094,157.58999633789062,935400.0,154.13113403320312
2018-10-08,158.10000610351562,157.0500030517578,157.58999633789062,157.3699951171875,1128200.0,153.91595458984375
2018-10-09,157.92999267578125,154.5399932861328,156.52999877929688,154.9600067138672,966700.0,151.5588836669922
2018-10-10,155.99000549316406,150.69000244140625,155.0399932861328,150.80999755859375,1657900.0,147.4999542236328
2018-10-11,150.7100067138672,145.85000610351562,150.27999877929688,145.9499969482422,2256500.0,142.74664306640625
2018-10-12,148.36000061035156,144.27999877929688,147.75,145.97999572753906,1491900.0,142.7759552001953
2018-10-15,147.99000549316406,145.69000244140625,145.80999755859375,146.35000610351562,938600.0,143.13784790039062
2018-10-16,148.52999877929688,145.67999267578125,147.27999877929688,148.47000122070312,1159800.0,145.21131896972656
2018-10-17,149.25999450683594,147.3800048828125,148.10000610351562,148.52000427246094,1271500.0,145.26022338867188
2018-10-18,149.69000244140625,146.88999938964844,148.0,147.5,951900.0,144.26258850097656
2018-10-19,149.14999389648438,147.89999389648438,148.0800018310547,148.5500030517578,913400.0,145.28958129882812
2018-10-22,149.22999572753906,146.25999450683594,148.89999389648438,147.0,931800.0,143.77357482910156
2018-10-23,148.75,145.0,146.22000122070312,147.99000549316406,1559100.0,144.7418212890625
2018-10-24,149.97999572753906,147.41000366210938,148.89999389648438,147.66000366210938,1584000.0,144.41908264160156
2018-10-25,151.3699951171875,148.33999633789062,148.55999755859375,150.10000610351562,1836100.0,146.80555725097656
2018-10-26,149.33999633789062,146.4199981689453,148.74000549316406,147.33999633789062,1936400.0,144.10610961914062
2018-10-29,150.6300048828125,144.5399932861328,149.27999877929688,146.55999755859375,2317700.0,143.34323120117188
2018-10-30,149.86000061035156,137.6999969482422,137.6999969482422,149.0,2967200.0,145.72967529296875
2018-10-31,153.92999267578125,149.9199981689453,151.00999450683594,153.14999389648438,2396300.0,149.78858947753906
2018-11-01,153.5800018310547,151.61000061035156,153.27000427246094,152.72999572753906,1564500.0,149.37782287597656
2018-11-02,155.9600067138672,152.22999572753906,154.0500030517578,154.58999633789062,1269400.0,151.19700622558594
2018-11-05,156.57000732421875,154.6199951171875,154.9499969482422,155.97000122070312,829800.0,152.54669189453125
2018-11-06,157.17999267578125,154.57000732421875,156.14999389648438,156.8699951171875,1144900.0,153.4269561767578
2018-11-07,160.5500030517578,157.47000122070312,157.97999572753906,160.3800048828125,1259200.0,156.85992431640625
2018-11-08,160.61000061035156,158.75,160.00999450683594,159.47999572753906,1000300.0,155.97962951660156
2018-11-09,159.75999450683594,157.6300048828125,158.97000122070312,159.3300018310547,736200.0,155.8329620361328
2018-11-12,160.47999572753906,157.5399932861328,159.5,158.0,1060100.0,154.53213500976562
2018-11-13,159.05999755859375,156.5399932861328,157.97000122070312,157.52000427246094,723900.0,154.06268310546875
2018-11-14,159.10000610351562,155.91000366210938,158.25999450683594,156.9199981689453,816200.0,153.47584533691406
2018-11-15,158.69000244140625,155.57000732421875,156.2899932861328,158.30999755859375,856500.0,154.83534240722656
2018-11-16,159.6699981689453,156.49000549316406,157.17999267578125,159.36000061035156,986600.0,155.86228942871094
2018-11-19,160.66000366210938,157.5500030517578,159.30999755859375,160.3000030517578,1225500.0,156.7816619873047
2018-11-20,159.58999633789062,155.02000427246094,159.02999877929688,156.05999755859375,1791600.0,152.63473510742188
2018-11-21,155.9499969482422,154.0,154.97999572753906,155.02000427246094,1143600.0,151.61752319335938
2018-11-23,155.25,153.13999938964844,154.02999877929688,153.24000549316406,704500.0,149.8766326904297
2018-11-26,155.75999450683594,152.91000366210938,154.60000610351562,154.75,1251800.0,151.35348510742188
2018-11-27,155.22999572753906,153.3699951171875,153.97999572753906,153.9499969482422,1159300.0,150.571044921875
2018-11-28,156.3699951171875,153.97999572753906,154.35000610351562,156.25,1301200.0,152.82058715820312
2018-11-29,159.32000732421875,156.4499969482422,156.4499969482422,158.38999938964844,1025700.0,154.91360473632812
2018-11-30,160.9199981689453,158.30999755859375,158.30999755859375,160.49000549316406,2510600.0,156.96749877929688
2018-12-03,162.91000366210938,157.38999938964844,162.3699951171875,159.52000427246094,1406400.0,156.018798828125
2018-12-04,160.5,156.52999877929688,159.0500030517578,156.74000549316406,1263800.0,153.2998046875
2018-12-06,157.63999938964844,153.13999938964844,155.57000732421875,157.5500030517578,1408100.0,154.09202575683594
2018-12-07,157.94000244140625,153.0,157.47000122070312,154.07000732421875,877500.0,150.6884002685547
2018-12-10,155.1300048828125,151.85000610351562,153.67999267578125,154.60000610351562,871100.0,151.20677185058594
2018-12-11,157.17999267578125,155.0,156.42999267578125,155.27000427246094,1016200.0,151.862060546875
2018-12-12,157.8300018310547,154.75999450683594,157.36000061035156,154.89999389648438,1189600.0,151.50018310546875
2018-12-13,156.57000732421875,153.8000030517578,155.22000122070312,155.0399932861328,1017200.0,151.63710021972656
2018-12-14,154.91000366210938,153.3000030517578,154.00999450683594,154.47000122070312,1052700.0,151.0796356201172
2018-12-17,153.8000030517578,148.63999938964844,153.35000610351562,149.63999938964844,1306200.0,146.7927703857422
2018-12-18,151.24000549316406,147.8699951171875,150.39999389648438,148.99000549316406,1198900.0,146.1551513671875
2018-12-19,151.5,146.4499969482422,149.47999572753906,147.4199981689453,1144700.0,144.614990234375
2018-12-20,147.9600067138672,143.5399932861328,147.3300018310547,145.7100067138672,1394700.0,142.9375457763672
2018-12-21,149.0,143.41000366210938,145.4199981689453,143.9600067138672,2722400.0,141.22084045410156
2018-12-24,143.3800048828125,137.89999389648438,143.3800048828125,137.89999389648438,850600.0,135.27613830566406
2018-12-26,142.8300018310547,135.77000427246094,138.2100067138672,142.8300018310547,1492200.0,140.11236572265625
2018-12-27,144.89999389648438,140.0500030517578,141.25999450683594,144.89999389648438,1039000.0,142.1429443359375
2018-12-28,146.2899932861328,143.77999877929688,145.41000366210938,144.3699951171875,841800.0,141.62301635742188
2018-12-31,147.5800018310547,144.47999572753906,144.8699951171875,147.35000610351562,1199400.0,144.54637145996094
2019-01-02,146.30999755859375,143.5399932861328,145.5,144.9199981689453,1429900.0,142.16258239746094
2019-01-03,145.35000610351562,141.3000030517578,144.66000366210938,141.5399932861328,1238600.0,138.84686279296875
2019-01-04,147.77000427246094,142.58999633789062,143.74000549316406,146.6699981689453,1238600.0,143.87928771972656
2019-01-07,148.9199981689453,146.1999969482422,146.5800018310547,147.10000610351562,871400.0,144.30111694335938
2019-01-08,149.07000732421875,147.16000366210938,148.08999633789062,148.88999938964844,1092400.0,146.05703735351562
2019-01-09,150.2100067138672,147.89999389648438,149.52999877929688,148.7100067138672,902700.0,145.8804931640625
2019-01-10,149.74000549316406,147.5800018310547,147.5800018310547,149.6300048828125,957200.0,146.78297424316406
2019-01-11,149.66000366210938,148.3699951171875,148.72000122070312,149.57000732421875,703900.0,146.72409057617188
2019-01-14,150.4199981689453,148.32000732421875,148.80999755859375,148.75999450683594,1241400.0,145.9295196533203
2019-01-15,150.08999633789062,148.0,148.0,150.02999877929688,588500.0,147.1753387451172
2019-01-16,151.1300048828125,149.6300048828125,150.47999572753906,150.25999450683594,623200.0,147.40097045898438
2019-01-17,152.8000030517578,150.24000549316406,150.5800018310547,152.52000427246094,1064300.0,149.61795043945312
2019-01-18,155.19000244140625,152.72999572753906,153.66000366210938,154.5,1202000.0,151.560302734375
2019-01-22,154.5800018310547,151.6999969482422,154.1300048828125,152.9199981689453,956000.0,150.01036071777344
2019-01-23,153.72999572753906,151.24000549316406,153.33999633789062,152.97000122070312,686300.0,150.05938720703125
2019-01-24,153.13999938964844,151.17999267578125,152.52999877929688,151.9199981689453,793500.0,149.02940368652344
2019-01-25,155.0800018310547,152.91000366210938,152.91000366210938,153.88999938964844,722000.0,150.9619140625
2019-01-28,154.99000549316406,153.11000061035156,153.14999389648438,154.97999572753906,708600.0,152.03115844726562
2019-01-29,155.92999267578125,154.63999938964844,155.07000732421875,155.00999450683594,887600.0,152.0605926513672
2019-01-30,157.2899932861328,155.07000732421875,155.60000610351562,156.8800048828125,729700.0,153.89501953125
2019-01-31,158.8699951171875,155.58999633789062,156.25999450683594,158.1699981689453,2186600.0,155.16046142578125
2019-02-01,159.50999450683594,157.99000549316406,158.49000549316406,158.9600067138672,1221900.0,155.93545532226562
2019-02-04,159.52000427246094,157.11000061035156,158.9499969482422,159.17999267578125,852000.0,156.15126037597656
2019-02-05,162.3800048828125,158.3300018310547,161.11000061035156,158.66000366210938,2036400.0,155.64114379882812
2019-02-06,159.60000610351562,158.17999267578125,158.22000122070312,159.1699981689453,1142600.0,156.14141845703125
2019-02-07,159.07000732421875,157.1999969482422,158.2899932861328,158.61000061035156,698700.0,155.59210205078125
2019-02-08,159.19000244140625,157.19000244140625,158.07000732421875,159.1699981689453,747200.0,156.14141845703125
2019-02-11,160.49000549316406,159.02000427246094,159.38999938964844,160.10000610351562,827900.0,157.0537567138672
2019-02-12,162.6199951171875,160.11000061035156,160.97999572753906,162.3800048828125,915200.0,159.2903594970703
2019-02-13,163.77999877929688,162.2899932861328,162.92999267578125,162.64999389648438,965700.0,159.5552215576172
2019-02-14,162.47000122070312,160.8300018310547,161.6300048828125,161.61000061035156,805600.0,158.5350341796875
2019-02-15,164.19000244140625,162.2100067138672,163.35000610351562,163.47999572753906,1209400.0,160.36941528320312
2019-02-19,168.32000732421875,163.5,165.0,167.30999755859375,2009800.0,164.1265411376953
2019-02-20,166.66000366210938,164.55999755859375,165.66000366210938,165.2899932861328,1774900.0,162.14498901367188
2019-02-21,167.22000122070312,165.22000122070312,165.22000122070312,167.08999633789062,1083800.0,163.91073608398438
2019-02-22,167.41000366210938,165.94000244140625,167.41000366210938,167.00999450683594,858400.0,163.83226013183594
2019-02-25,168.49000549316406,166.72999572753906,167.7100067138672,168.22000122070312,971300.0,165.0192413330078
2019-02-26,169.42999267578125,167.7899932861328,168.0,168.22000122070312,823400.0,165.0192413330078
2019-02-27,168.9199981689453,167.2100067138672,167.88999938964844,168.49000549316406,725900.0,165.2841339111328
2019-02-28,169.27999877929688,168.07000732421875,168.55999755859375,168.91000366210938,1500000.0,165.6961212158203
2019-03-01,170.66000366210938,168.92999267578125,169.75,170.16000366210938,1717400.0,166.92233276367188
2019-03-04,171.7100067138672,168.00999450683594,171.0500030517578,169.5800018310547,1338400.0,166.35336303710938
2019-03-05,171.11000061035156,169.47000122070312,169.47000122070312,170.52000427246094,787000.0,167.27548217773438
2019-03-06,171.97999572753906,170.0,170.8699951171875,170.3300018310547,1070400.0,167.089111328125
2019-03-07,170.8000030517578,168.85000610351562,170.0,169.60000610351562,861800.0,166.3730010986328
2019-03-08,169.72999572753906,168.0500030517578,168.91000366210938,169.57000732421875,782000.0,166.34356689453125
2019-03-11,170.9600067138672,169.08999633789062,170.27999877929688,170.2100067138672,1509900.0,166.9713897705078
2019-03-12,171.4600067138672,169.86000061035156,170.64999389648438,170.99000549316406,942400.0,167.73654174804688
2019-03-13,173.6199951171875,171.22999572753906,171.5800018310547,173.1199951171875,971500.0,169.8260040283203
2019-03-14,174.0,172.82000732421875,172.82000732421875,173.60000610351562,1059200.0,170.29689025878906
2019-03-15,174.97999572753906,173.25,173.25,174.47000122070312,1545100.0,171.1503143310547
2019-03-18,182.19000244140625,173.6999969482422,182.17999267578125,175.14999389648438,1272200.0,172.27157592773438
2019-03-19,175.9499969482422,174.58999633789062,175.0399932861328,175.0500030517578,1079600.0,172.1732177734375
2019-03-20,175.6699981689453,173.75,175.14999389648438,174.47000122070312,739400.0,171.602783203125
2019-03-21,175.97999572753906,174.3000030517578,174.55999755859375,175.82000732421875,864600.0,172.93057250976562
2019-03-22,175.4600067138672,172.8699951171875,174.6699981689453,173.3800048828125,831000.0,170.5306854248047
2019-03-25,174.5800018310547,172.5399932861328,173.35000610351562,174.08999633789062,811200.0,171.22898864746094
2019-03-26,176.1300048828125,173.77999877929688,174.94000244140625,175.35000610351562,959300.0,172.4683074951172
2019-03-27,176.69000244140625,174.0800018310547,175.57000732421875,175.24000549316406,828800.0,172.36013793945312
2019-03-28,176.86000061035156,175.4199981689453,175.8800048828125,175.9499969482422,793200.0,173.05844116210938
2019-03-29,176.75999450683594,175.2899932861328,176.57000732421875,176.5399932861328,1031400.0,173.6387481689453
2019-04-01,178.75,177.1699981689453,177.47999572753906,178.6699981689453,1009900.0,175.73373413085938
2019-04-02,178.75,177.24000549316406,178.75,178.13999938964844,634900.0,175.21246337890625
2019-04-03,182.5500030517578,178.27999877929688,178.75,181.4499969482422,2009400.0,178.46803283691406
2019-04-04,182.58999633789062,180.2100067138672,181.1300048828125,182.55999755859375,1377100.0,179.55984497070312
2019-04-05,183.41000366210938,180.8800048828125,182.55999755859375,181.7100067138672,889900.0,178.72377014160156
2019-04-08,181.77999877929688,180.1699981689453,181.3000030517578,181.24000549316406,685200.0,178.2615203857422
2019-04-09,181.5399932861328,179.74000549316406,180.6300048828125,181.5,860600.0,178.51724243164062
2019-04-10,182.60000610351562,179.92999267578125,181.61000061035156,182.5800018310547,688700.0,179.5795135498047
2019-04-11,183.1699981689453,181.8300018310547,182.35000610351562,182.97999572753906,610900.0,179.972900390625
2019-04-12,185.30999755859375,182.82000732421875,183.77999877929688,185.08999633789062,769300.0,182.0482177734375
2019-04-15,185.02999877929688,183.05999755859375,184.89999389648438,183.77000427246094,1125800.0,180.7499237060547
2019-04-16,185.75999450683594,183.8300018310547,184.27999877929688,185.36000061035156,1170600.0,182.3137969970703
2019-04-17,186.27000427246094,182.85000610351562,185.9199981689453,182.9600067138672,775300.0,179.95326232910156
2019-04-18,183.52999877929688,180.05999755859375,182.00999450683594,183.1999969482422,1026900.0,180.1892852783203
2019-04-22,183.83999633789062,182.3800048828125,182.9199981689453,182.8699951171875,578900.0,179.86473083496094
2019-04-23,186.33999633789062,182.17999267578125,183.0,184.38999938964844,1023900.0,181.3597412109375
2019-04-24,184.9499969482422,183.72999572753906,184.38999938964844,184.5399932861328,881800.0,181.50726318359375
2019-04-25,184.16000366210938,182.22999572753906,183.89999389648438,183.38999938964844,625700.0,180.3761749267578
2019-04-26,184.89999389648438,182.8699951171875,184.05999755859375,184.88999938964844,793600.0,181.85153198242188
2019-04-29,185.41000366210938,183.72999572753906,185.19000244140625,184.41000366210938,958300.0,181.37942504882812
2019-04-30,185.1999969482422,179.1300048828125,180.77000427246094,184.0800018310547,1942000.0,181.05482482910156
2019-05-01,184.77000427246094,182.25999450683594,183.47000122070312,182.3800048828125,977500.0,179.3827667236328
2019-05-02,184.32000732421875,181.63999938964844,182.50999450683594,184.32000732421875,930000.0,181.2908935546875
2019-05-03,185.38999938964844,183.8800048828125,185.0,185.0,777600.0,181.959716796875
2019-05-06,184.19000244140625,182.92999267578125,182.92999267578125,183.63999938964844,1087700.0,180.62205505371094
2019-05-07,182.92999267578125,178.5500030517578,182.1699981689453,179.61000061035156,1305400.0,176.65830993652344
2019-05-08,181.8800048828125,178.80999755859375,179.60000610351562,181.30999755859375,1266800.0,178.33035278320312
2019-05-09,181.25,177.77000427246094,179.80999755859375,180.75,819500.0,177.77955627441406
2019-05-10,181.3000030517578,178.32000732421875,180.35000610351562,181.07000732421875,1184200.0,178.0943145751953
2019-05-13,179.74000549316406,177.47999572753906,178.80999755859375,178.22999572753906,782300.0,175.3009490966797
2019-05-14,180.4199981689453,177.9600067138672,178.8699951171875,179.25,1059200.0,176.30419921875
2019-05-15,181.00999450683594,177.75999450683594,178.35000610351562,179.86000061035156,605300.0,176.90419006347656
2019-05-16,182.97000122070312,180.94000244140625,181.2100067138672,182.17999267578125,1070400.0,179.18603515625
2019-05-17,182.97999572753906,180.69000244140625,180.72999572753906,181.52999877929688,856400.0,178.54672241210938
2019-05-20,181.97999572753906,179.77000427246094,180.75999450683594,180.97000122070312,689400.0,177.99595642089844
2019-05-21,183.82000732421875,181.75,182.42999267578125,183.14999389648438,892800.0,180.14010620117188
2019-05-22,185.22999572753906,182.74000549316406,183.22999572753906,183.74000549316406,900900.0,180.72042846679688
2019-05-23,184.41000366210938,181.60000610351562,182.92999267578125,182.47999572753906,1139600.0,179.4811553955078
2019-05-24,184.22000122070312,181.97999572753906,183.66000366210938,182.47999572753906,673200.0,179.4811553955078
2019-05-28,184.0500030517578,181.66000366210938,182.3000030517578,182.0,1154400.0,179.009033203125
2019-05-29,183.17999267578125,180.8000030517578,181.44000244140625,182.58999633789062,793100.0,179.5893096923828
2019-05-30,183.74000549316406,182.22000122070312,182.22000122070312,183.3800048828125,570600.0,180.36634826660156
2019-05-31,184.52999877929688,181.57000732421875,181.57000732421875,184.08999633789062,819900.0,181.06466674804688
2019-06-03,185.75999450683594,183.41000366210938,184.14999389648438,185.63999938964844,2045700.0,182.58921813964844
2019-06-04,190.39999389648438,185.69000244140625,187.41000366210938,190.39999389648438,1723800.0,187.27098083496094
2019-06-05,193.1199951171875,188.72000122070312,190.25999450683594,193.1199951171875,1628700.0,189.94627380371094
2019-06-06,197.16000366210938,192.69000244140625,194.0500030517578,196.77000427246094,1625500.0,193.5363006591797
2019-06-07,200.14999389648438,197.0,197.13999938964844,198.75,1242900.0,195.48374938964844
2019-06-10,200.44000244140625,198.1999969482422,200.19000244140625,199.69000244140625,880100.0,196.40830993652344
2019-06-11,200.92999267578125,197.11000061035156,200.55999755859375,197.63999938964844,1412300.0,194.39198303222656
2019-06-12,199.67999267578125,197.3699951171875,198.25999450683594,199.1199951171875,747400.0,195.84765625
2019-06-13,200.77000427246094,198.02000427246094,199.66000366210938,198.75999450683594,733500.0,195.4935760498047
2019-06-14,199.30999755859375,197.7100067138672,198.7100067138672,198.8699951171875,749700.0,195.6017608642578
2019-06-17,197.92999267578125,189.4600067138672,197.92999267578125,190.44000244140625,2251300.0,187.74456787109375
2019-06-18,192.27999877929688,187.91000366210938,190.1300048828125,188.97999572753906,1986100.0,186.30523681640625
2019-06-19,189.3300018310547,186.44000244140625,188.97999572753906,188.57000732421875,1653100.0,185.9010772705078
2019-06-20,192.66000366210938,189.6199951171875,190.30999755859375,192.36000061035156,1494000.0,189.63742065429688
2019-06-21,192.4499969482422,189.32000732421875,192.25999450683594,189.58999633789062,1888900.0,186.90658569335938
2019-06-24,192.38999938964844,189.60000610351562,190.25999450683594,191.63999938964844,929100.0,188.92759704589844
2019-06-25,192.50999450683594,190.33999633789062,191.99000549316406,191.6300048828125,909900.0,188.91773986816406
2019-06-26,192.22000122070312,188.1199951171875,192.07000732421875,188.25,1192200.0,185.58558654785156
2019-06-27,192.72999572753906,189.13999938964844,189.52999877929688,192.1999969482422,1467300.0,189.4796600341797
2019-06-28,197.44000244140625,192.19000244140625,192.74000549316406,197.44000244140625,5929200.0,194.6455078125
2019-07-01,198.33999633789062,193.0800018310547,197.9600067138672,195.75999450683594,1371700.0,192.98928833007812
2019-07-02,198.0399932861328,195.30999755859375,195.9600067138672,197.97000122070312,908000.0,195.16799926757812
2019-07-03,199.80999755859375,197.64999389648438,198.2899932861328,199.77999877929688,586500.0,196.952392578125
2019-07-05,197.77999877929688,194.1999969482422,197.77999877929688,197.07000732421875,850200.0,194.28074645996094
2019-07-08,198.91000366210938,195.82000732421875,197.0,197.5500030517578,871700.0,194.7539520263672
2019-07-09,197.25,195.1300048828125,196.74000549316406,195.86000061035156,737000.0,193.08787536621094
2019-07-10,199.22000122070312,196.6199951171875,197.44000244140625,198.1300048828125,1676700.0,195.32574462890625
2019-07-11,199.60000610351562,196.77999877929688,198.1199951171875,199.55999755859375,1103400.0,196.73548889160156
2019-07-12,200.38999938964844,197.9600067138672,200.1999969482422,199.8000030517578,813200.0,196.97210693359375
2019-07-15,200.0,198.24000549316406,199.99000549316406,198.92999267578125,656500.0,196.11441040039062
2019-07-16,199.6199951171875,197.4600067138672,199.02999877929688,197.92999267578125,847800.0,195.12855529785156
2019-07-17,198.33999633789062,195.8000030517578,198.0,195.9499969482422,887400.0,193.1765899658203
2019-07-18,197.72000122070312,195.27000427246094,196.4600067138672,197.69000244140625,688200.0,194.89198303222656
2019-07-19,198.77999877929688,197.1300048828125,198.24000549316406,197.27999877929688,627600.0,194.48776245117188
2019-07-22,198.05999755859375,196.64999389648438,197.97999572753906,197.24000549316406,494100.0,194.44834899902344
2019-07-23,199.99000549316406,197.8699951171875,198.2100067138672,199.9600067138672,594800.0,197.1298370361328
2019-07-24,199.5800018310547,197.47999572753906,199.5800018310547,197.9499969482422,765100.0,195.14830017089844
2019-07-25,199.0800018310547,195.88999938964844,198.27000427246094,198.3300018310547,738300.0,195.5229034423828
2019-07-26,199.82000732421875,196.47999572753906,198.3000030517578,199.6199951171875,623100.0,196.79464721679688
2019-07-29,201.1999969482422,199.66000366210938,199.6699981689453,200.6199951171875,1606300.0,197.78048706054688
2019-07-30,209.24000549316406,198.42999267578125,199.3699951171875,205.67999267578125,2193400.0,202.7688751220703
2019-07-31,207.85000610351562,199.10000610351562,206.00999450683594,201.72999572753906,1590500.0,198.87478637695312
2019-08-01,204.72000122070312,199.4499969482422,202.41000366210938,200.92999267578125,1150100.0,198.08609008789062
2019-08-02,201.22000122070312,198.27000427246094,200.66000366210938,199.99000549316406,1178800.0,197.159423828125
2019-08-05,198.49000549316406,192.17999267578125,197.6699981689453,194.35000610351562,1325200.0,191.59922790527344
2019-08-06,197.02999877929688,192.52999877929688,195.80999755859375,196.72999572753906,1364300.0,193.945556640625
2019-08-07,201.07000732421875,195.0,196.02000427246094,200.19000244140625,1196300.0,197.35658264160156
2019-08-08,205.1699981689453,201.22999572753906,202.02000427246094,205.0399932861328,806500.0,202.13792419433594
2019-08-09,206.9199981689453,203.39999389648438,204.6699981689453,205.97000122070312,704200.0,203.05477905273438
2019-08-12,206.85000610351562,204.33999633789062,205.72000122070312,204.8699951171875,938200.0,201.9703369140625
2019-08-13,208.3000030517578,203.75999450683594,205.22000122070312,207.4600067138672,833200.0,204.52369689941406
2019-08-14,206.22999572753906,201.22000122070312,205.0,201.63999938964844,1091600.0,198.7860565185547
2019-08-15,204.1300048828125,201.82000732421875,202.94000244140625,203.6699981689453,945900.0,200.78733825683594
2019-08-16,207.6300048828125,203.8699951171875,204.24000549316406,206.80999755859375,1177100.0,203.88290405273438
2019-08-19,209.8699951171875,206.00999450683594,209.22000122070312,208.57000732421875,963700.0,205.61798095703125
2019-08-20,208.57000732421875,206.25999450683594,208.3000030517578,206.60000610351562,734100.0,203.6758575439453
2019-08-21,208.25999450683594,206.42999267578125,207.75999450683594,207.10000610351562,677500.0,204.16880798339844
2019-08-22,209.08999633789062,204.86000061035156,208.11000061035156,206.8800048828125,794400.0,203.951904296875
2019-08-23,207.83999633789062,200.6699981689453,206.64999389648438,201.82000732421875,1167100.0,198.9635009765625
2019-08-26,203.77000427246094,202.22999572753906,203.16000366210938,202.89999389648438,1109500.0,200.02822875976562
2019-08-27,206.92999267578125,203.9600067138672,204.75999450683594,204.72000122070312,1761000.0,201.82247924804688
2019-08-28,205.1999969482422,202.7899932861328,203.55999755859375,204.77999877929688,1157800.0,201.8816375732422
2019-08-29,207.9600067138672,205.80999755859375,206.0,207.0,1084500.0,204.0701904296875
2019-08-30,208.38999938964844,205.6999969482422,208.0,206.30999755859375,1079800.0,203.3899688720703
2019-09-03,205.82000732421875,203.10000610351562,204.97000122070312,204.49000549316406,1110300.0,201.59573364257812
2019-09-04,207.22999572753906,205.5399932861328,206.86000061035156,206.8300018310547,856100.0,203.90260314941406
2019-09-05,208.75,205.24000549316406,208.1699981689453,205.3300018310547,900900.0,202.42384338378906
2019-09-06,207.6999969482422,205.0500030517578,206.4600067138672,206.69000244140625,988900.0,203.76458740234375
2019-09-09,208.0,198.94000244140625,208.0,200.77999877929688,1381500.0,197.938232421875
2019-09-10,200.22999572753906,195.86000061035156,199.9199981689453,197.25999450683594,1978500.0,194.46804809570312
2019-09-11,198.39999389648438,195.3699951171875,197.3000030517578,197.19000244140625,1335000.0,194.3990478515625
2019-09-12,202.0,196.94000244140625,199.4199981689453,197.77000427246094,1036000.0,194.9708251953125
2019-09-13,199.0800018310547,196.6699981689453,198.42999267578125,198.88999938964844,948800.0,196.07498168945312
2019-09-16,197.9499969482422,191.55999755859375,197.27999877929688,192.11000061035156,1396700.0,189.8300018310547
2019-09-17,196.52999877929688,192.3300018310547,192.91000366210938,194.82000732421875,1095900.0,192.50784301757812
2019-09-18,196.3699951171875,194.25,195.5,196.05999755859375,820200.0,193.73309326171875
2019-09-19,197.3300018310547,195.16000366210938,195.16000366210938,196.5,764100.0,194.16790771484375
2019-09-20,197.72000122070312,195.60000610351562,196.7899932861328,196.05999755859375,1585700.0,193.73309326171875
2019-09-23,196.64999389648438,195.22000122070312,195.25,195.8300018310547,541400.0,193.50582885742188
2019-09-24,198.85000610351562,194.66000366210938,197.30999755859375,194.86000061035156,1075500.0,192.54737854003906
2019-09-25,197.3800048828125,194.4199981689453,195.6199951171875,197.3000030517578,752600.0,194.95838928222656
2019-09-26,199.36000061035156,196.10000610351562,197.02000427246094,198.42999267578125,746100.0,196.07498168945312
2019-09-27,200.0,196.4199981689453,199.77999877929688,197.7899932861328,985000.0,195.4425506591797
2019-09-30,199.10000610351562,197.5500030517578,197.99000549316406,198.0399932861328,786700.0,195.68960571289062
2019-10-01,199.42999267578125,195.38999938964844,198.97000122070312,195.86000061035156,965600.0,193.53550720214844
2019-10-02,195.6999969482422,190.6199951171875,194.4600067138672,191.8300018310547,946000.0,189.55332946777344
2019-10-03,192.94000244140625,189.00999450683594,191.64999389648438,192.8300018310547,775100.0,190.54144287109375
2019-10-04,196.3800048828125,193.14999389648438,193.22999572753906,194.6199951171875,783200.0,192.31021118164062
2019-10-07,194.4600067138672,191.05999755859375,193.5399932861328,191.11000061035156,1328900.0,188.8418731689453
2019-10-08,191.38999938964844,189.2899932861328,190.8699951171875,189.64999389648438,1103100.0,187.39918518066406
2019-10-09,192.58999633789062,190.5800018310547,191.49000549316406,191.30999755859375,833400.0,189.03948974609375
2019-10-10,193.38999938964844,190.47999572753906,190.92999267578125,193.19000244140625,695800.0,190.89718627929688
2019-10-11,197.44000244140625,194.5,195.0800018310547,194.74000549316406,794100.0,192.42880249023438
2019-10-14,195.7100067138672,193.94000244140625,194.38999938964844,194.00999450683594,691200.0,191.7074432373047
2019-10-15,195.74000549316406,194.3800048828125,195.3699951171875,194.64999389648438,644700.0,192.33984375
2019-10-16,195.91000366210938,193.2899932861328,194.55999755859375,195.22999572753906,784900.0,192.9129638671875
2019-10-17,196.44000244140625,193.07000732421875,196.11000061035156,194.0399932861328,739600.0,191.737060546875
2019-10-18,194.86000061035156,192.30999755859375,194.1999969482422,193.82000732421875,673300.0,191.51971435546875
2019-10-21,194.5,190.7899932861328,194.05999755859375,191.61000061035156,1111700.0,189.33592224121094
2019-10-22,191.85000610351562,188.33999633789062,191.61000061035156,188.39999389648438,1151800.0,186.1640167236328
2019-10-23,190.50999450683594,187.5399932861328,189.24000549316406,188.35000610351562,1588400.0,186.11460876464844
2019-10-24,192.25999450683594,188.52000427246094,188.9199981689453,190.8300018310547,1416400.0,188.56520080566406
2019-10-25,192.0399932861328,189.80999755859375,190.75,191.94000244140625,573200.0,189.66201782226562
2019-10-28,193.35000610351562,190.58999633789062,192.8000030517578,191.58999633789062,923800.0,189.316162109375
2019-10-29,194.9499969482422,185.05999755859375,186.47999572753906,194.52000427246094,2174300.0,192.21139526367188
2019-10-30,195.22999572753906,192.33999633789062,194.64999389648438,193.7100067138672,1341600.0,191.4110107421875
2019-10-31,195.16000366210938,190.9600067138672,193.9199981689453,192.07000732421875,796900.0,189.7904815673828
2019-11-01,193.72999572753906,190.41000366210938,193.39999389648438,190.97999572753906,927200.0,188.71339416503906
2019-11-04,192.6999969482422,189.47999572753906,191.9600067138672,189.83999633789062,885100.0,187.58692932128906
2019-11-05,193.2100067138672,188.9499969482422,189.0,192.97000122070312,1325200.0,190.67979431152344
2019-11-06,193.88999938964844,192.25,193.49000549316406,192.9600067138672,739400.0,190.66990661621094
2019-11-07,193.25,189.6300048828125,193.0500030517578,190.8000030517578,775800.0,188.53553771972656
2019-11-08,192.6300048828125,189.72999572753906,191.24000549316406,190.38999938964844,587800.0,188.13040161132812
2019-11-11,190.6999969482422,188.47999572753906,189.24000549316406,188.83999633789062,502700.0,186.5988006591797
2019-11-12,190.5500030517578,187.58999633789062,189.3300018310547,188.32000732421875,685000.0,186.08499145507812
2019-11-13,190.7899932861328,187.02999877929688,187.82000732421875,190.39999389648438,737800.0,188.14028930664062
2019-11-14,191.99000549316406,190.0500030517578,190.3300018310547,191.75999450683594,584900.0,189.484130859375
2019-11-15,193.22999572753906,190.99000549316406,192.9499969482422,191.74000549316406,750500.0,189.46438598632812
2019-11-18,192.30999755859375,190.36000061035156,191.88999938964844,191.25999450683594,757300.0,188.99008178710938
2019-11-19,192.05999755859375,189.2899932861328,191.5,189.42999267578125,1850900.0,187.18177795410156
2019-11-20,190.49000549316406,186.16000366210938,190.02000427246094,186.22000122070312,2228700.0,184.00990295410156
2019-11-21,186.13999938964844,182.85000610351562,185.0,183.02000427246094,2366800.0,180.84786987304688
2019-11-22,184.02999877929688,182.10000610351562,183.24000549316406,182.50999450683594,1627200.0,180.34393310546875
2019-11-25,183.38999938964844,181.42999267578125,182.80999755859375,182.05999755859375,1418600.0,179.89927673339844
2019-11-26,186.66000366210938,181.82000732421875,182.4499969482422,186.22999572753906,2211500.0,184.01976013183594
2019-11-27,187.85000610351562,185.3699951171875,186.5399932861328,186.9499969482422,745400.0,184.73123168945312
2019-11-29,187.5500030517578,185.75,186.16000366210938,186.6699981689453,458200.0,184.45455932617188
2019-12-02,187.30999755859375,185.07000732421875,187.30999755859375,185.16000366210938,996800.0,182.9624786376953
2019-12-03,185.72999572753906,183.0500030517578,184.11000061035156,185.33999633789062,1110600.0,183.1403350830078
2019-12-04,187.35000610351562,183.7899932861328,185.97000122070312,183.8800048828125,1128800.0,181.69766235351562
2019-12-05,186.0500030517578,184.1300048828125,184.7899932861328,185.0500030517578,1432500.0,182.85377502441406
2019-12-06,187.91000366210938,186.0500030517578,187.1300048828125,186.41000366210938,690600.0,184.19764709472656
2019-12-09,186.58999633789062,184.77000427246094,186.0,185.1999969482422,645400.0,183.0019989013672
2019-12-10,186.94000244140625,185.02000427246094,185.82000732421875,185.14999389648438,790000.0,182.95257568359375
2019-12-11,186.41000366210938,184.14999389648438,185.8800048828125,185.11000061035156,1087200.0,182.91307067871094
2019-12-12,186.52000427246094,184.75,185.52999877929688,185.17999267578125,895300.0,182.9822235107422
2019-12-13,186.5800018310547,184.5800018310547,184.6699981689453,185.5,653300.0,183.29844665527344
2019-12-16,187.38999938964844,185.67999267578125,186.11000061035156,185.97999572753906,1274800.0,184.23953247070312
2019-12-17,187.36000061035156,185.1699981689453,185.8699951171875,186.89999389648438,909900.0,185.15093994140625
2019-12-18,187.80999755859375,185.42999267578125,187.52000427246094,185.69000244140625,1717800.0,183.9522705078125
2019-12-19,192.97000122070312,188.3000030517578,189.58999633789062,191.77999877929688,1790300.0,189.98526000976562
2019-12-20,193.3800048828125,189.02999877929688,192.85000610351562,191.22000122070312,2500800.0,189.4304962158203
2019-12-23,193.1699981689453,190.67999267578125,191.83999633789062,192.1999969482422,948700.0,190.40133666992188
2019-12-24,192.64999389648438,191.1199951171875,191.97999572753906,191.4499969482422,249500.0,189.65835571289062
2019-12-26,191.77999877929688,190.72999572753906,191.25,191.63999938964844,454300.0,189.84658813476562
2019-12-27,192.9499969482422,191.30999755859375,192.4600067138672,191.67999267578125,646100.0,189.88619995117188
2019-12-30,192.22000122070312,190.4499969482422,191.75,191.6199951171875,523000.0,189.82676696777344
2019-12-31,193.1199951171875,191.0,191.77999877929688,192.99000549316406,775100.0,191.1839599609375
2020-01-02,193.88999938964844,189.85000610351562,193.66000366210938,190.22999572753906,1590500.0,188.4497528076172
2020-01-03,191.5399932861328,187.36000061035156,188.60000610351562,189.32000732421875,1251100.0,187.54830932617188
2020-01-06,189.2899932861328,187.67999267578125,188.3300018310547,187.7100067138672,1294800.0,185.953369140625
2020-01-07,189.89999389648438,186.3300018310547,187.11000061035156,187.47000122070312,1556700.0,185.71560668945312
2020-01-08,188.8300018310547,186.19000244140625,187.5,187.5399932861328,1185900.0,185.78494262695312
2020-01-09,190.2899932861328,187.91000366210938,187.91000366210938,190.0399932861328,1115600.0,188.2615509033203
2020-01-10,190.52999877929688,188.72000122070312,190.4499969482422,188.92999267578125,828600.0,187.16192626953125
2020-01-13,191.47000122070312,189.27000427246094,189.27000427246094,191.41000366210938,645400.0,189.6187286376953
2020-01-14,191.80999755859375,189.4600067138672,190.9499969482422,189.9600067138672,1212600.0,188.18231201171875
2020-01-15,192.39999389648438,189.82000732421875,189.86000061035156,191.4499969482422,657000.0,189.65835571289062
2020-01-16,193.49000549316406,191.8699951171875,192.32000732421875,193.0,1393700.0,191.19384765625
2020-01-17,195.60000610351562,192.25,193.47999572753906,195.5800018310547,1157300.0,193.74969482421875
2020-01-21,197.00999450683594,194.7100067138672,195.39999389648438,195.5399932861328,1273100.0,193.71006774902344
2020-01-22,197.49000549316406,195.6699981689453,196.47000122070312,196.39999389648438,1408200.0,194.56202697753906
2020-01-23,198.4600067138672,195.74000549316406,197.05999755859375,198.3000030517578,1253300.0,196.44424438476562
2020-01-24,199.2899932861328,197.0,198.5500030517578,198.00999450683594,891100.0,196.15696716308594
2020-01-27,197.41000366210938,195.4600067138672,196.19000244140625,196.75,1156700.0,194.90875244140625
2020-01-28,198.8699951171875,196.16000366210938,196.88999938964844,198.17999267578125,894900.0,196.3253631591797
2020-01-29,199.6699981689453,197.7100067138672,199.0,197.80999755859375,587700.0,195.95883178710938
2020-01-30,199.67999267578125,196.27000427246094,197.60000610351562,199.47999572753906,654100.0,197.6132049560547
2020-01-31,199.25,195.57000732421875,198.27000427246094,196.11000061035156,1095000.0,194.27474975585938
2020-02-03,201.82000732421875,196.1999969482422,197.05999755859375,201.52999877929688,1612700.0,199.64404296875
2020-02-04,204.5800018310547,201.74000549316406,202.32000732421875,203.4499969482422,1388800.0,201.5460662841797
2020-02-05,206.5,202.49000549316406,204.82000732421875,206.3000030517578,1443900.0,204.369384765625
2020-02-06,207.1699981689453,205.3000030517578,206.5,207.11000061035156,1235600.0,205.17181396484375
2020-02-07,207.5,205.11000061035156,206.97999572753906,205.63999938964844,832200.0,203.71554565429688
2020-02-10,205.72000122070312,204.3300018310547,204.99000549316406,204.94000244140625,877500.0,203.02212524414062
2020-02-11,205.8800048828125,204.52000427246094,204.8000030517578,204.6199951171875,901100.0,202.70510864257812
2020-02-12,207.5,204.80999755859375,205.63999938964844,206.82000732421875,1100000.0,204.884521484375
2020-02-13,208.64999389648438,205.30999755859375,206.36000061035156,207.05999755859375,1088300.0,205.1222686767578
2020-02-14,208.1300048828125,206.49000549316406,207.52000427246094,207.30999755859375,1377300.0,205.36993408203125
2020-02-18,209.6699981689453,204.7100067138672,207.17999267578125,207.67999267578125,1355800.0,205.73646545410156
2020-02-19,210.7100067138672,208.22000122070312,208.6199951171875,210.30999755859375,1200800.0,208.34185791015625
2020-02-20,211.24000549316406,205.02000427246094,210.0,206.30999755859375,1200200.0,204.37928771972656
2020-02-21,208.8300018310547,205.58999633789062,205.80999755859375,207.5,1053800.0,205.5581512451172
2020-02-24,205.50999450683594,202.25999450683594,203.83999633789062,202.52000427246094,1307000.0,200.624755859375
2020-02-25,203.41000366210938,193.72000122070312,202.0,194.77999877929688,1285800.0,192.95718383789062
2020-02-26,197.63999938964844,193.83999633789062,195.5,194.42999267578125,1716300.0,192.61045837402344
2020-02-27,192.7100067138672,183.42999267578125,191.3800048828125,183.47999572753906,2116600.0,181.76292419433594
2020-02-28,180.61000061035156,174.00999450683594,178.33999633789062,180.4499969482422,3424800.0,178.7613067626953
2020-03-02,191.27999877929688,182.08999633789062,182.6999969482422,191.22000122070312,1778700.0,189.4304962158203
2020-03-03,197.0399932861328,191.0,192.1999969482422,193.9199981689453,3065700.0,192.10525512695312
2020-03-04,204.52999877929688,195.39999389648438,197.91000366210938,204.33999633789062,1897700.0,202.42771911621094
2020-03-05,202.74000549316406,197.5500030517578,199.2899932861328,198.91000366210938,1599100.0,197.04855346679688
2020-03-06,195.75,188.8800048828125,193.91000366210938,194.41000366210938,1864400.0,192.5906524658203
2020-03-09,189.97000122070312,181.25,182.75,183.83999633789062,2081600.0,182.11956787109375
2020-03-10,191.72999572753906,180.91000366210938,188.9600067138672,190.85000610351562,2935700.0,189.06398010253906
2020-03-11,187.63999938964844,182.3000030517578,185.36000061035156,186.5800018310547,2145400.0,184.8339385986328
2020-03-12,178.38999938964844,165.0,174.6300048828125,165.05999755859375,2583500.0,163.51531982421875
2020-03-13,180.86000061035156,164.4499969482422,173.85000610351562,180.07000732421875,1908600.0,178.38487243652344
2020-03-16,173.2899932861328,157.41000366210938,163.3000030517578,166.1199951171875,2419400.0,164.9960479736328
2020-03-17,176.6999969482422,163.63999938964844,167.58999633789062,169.5,2791100.0,168.3531951904297
2020-03-18,170.89999389648438,143.61000061035156,164.97999572753906,156.52999877929688,2395700.0,155.470947265625
2020-03-19,164.4499969482422,151.47999572753906,155.57000732421875,159.5800018310547,2084600.0,158.50030517578125
2020-03-20,159.42999267578125,140.57000732421875,159.4199981689453,141.8800048828125,2746200.0,140.92007446289062
2020-03-23,141.32000732421875,124.5999984741211,141.32000732421875,125.22000122070312,3445300.0,124.3727798461914
2020-03-24,154.4600067138672,132.02999877929688,135.41000366210938,152.97000122070312,3078900.0,151.93502807617188
2020-03-25,157.00999450683594,148.2100067138672,151.02000427246094,151.77999877929688,2236400.0,150.75308227539062
2020-03-26,163.2100067138672,153.02000427246094,154.69000244140625,161.69000244140625,2426000.0,160.59603881835938
2020-03-27,162.1999969482422,153.4199981689453,154.97000122070312,157.47999572753906,1800600.0,156.4145050048828
2020-03-30,162.5800018310547,157.25999450683594,160.02000427246094,161.39999389648438,1773800.0,160.3079833984375
2020-03-31,160.6999969482422,155.3800048828125,160.13999938964844,155.8300018310547,2442800.0,154.77566528320312
2020-04-01,151.22000122070312,145.30999755859375,150.4199981689453,146.6999969482422,2659600.0,145.7074432373047
2020-04-02,152.97000122070312,145.77000427246094,147.2100067138672,152.16000366210938,2486500.0,151.13050842285156
2020-04-03,154.72000122070312,146.57000732421875,151.3000030517578,147.25999450683594,1635000.0,146.26365661621094
2020-04-06,158.6300048828125,153.9600067138672,154.97000122070312,157.38999938964844,1708100.0,156.3251190185547
2020-04-07,164.7899932861328,158.1300048828125,162.91000366210938,159.11000061035156,1464700.0,158.0334930419922
2020-04-08,171.77999877929688,158.4199981689453,159.97999572753906,170.80999755859375,1723200.0,169.65431213378906
2020-04-09,180.33999633789062,172.00999450683594,173.33999633789062,179.86000061035156,2170900.0,178.64309692382812
2020-04-13,180.10000610351562,171.77999877929688,176.33999633789062,174.66000366210938,1287800.0,173.47828674316406
2020-04-14,181.5399932861328,177.36000061035156,180.0,180.8000030517578,1748400.0,179.5767364501953
2020-04-15,178.3800048828125,173.64999389648438,178.08999633789062,174.66000366210938,1069800.0,173.47828674316406
2020-04-16,176.19000244140625,170.35000610351562,175.35000610351562,172.49000549316406,921300.0,171.3229522705078
2020-04-17,179.25999450683594,175.0,176.66000366210938,178.75,1265900.0,177.54058837890625
2020-04-20,176.88999938964844,172.75,175.77000427246094,172.9600067138672,1011100.0,171.78977966308594
2020-04-21,172.38999938964844,168.55999755859375,170.0,170.16000366210938,875200.0,169.00872802734375
2020-04-22,175.60000610351562,171.9499969482422,173.07000732421875,174.75999450683594,985400.0,173.57760620117188
2020-04-23,178.0800018310547,175.00999450683594,175.42999267578125,175.0399932861328,1296900.0,173.85569763183594
2020-04-24,180.22000122070312,174.94000244140625,177.1300048828125,180.0800018310547,1272900.0,178.86160278320312
2020-04-27,189.0,180.52000427246094,180.72999572753906,187.50999450683594,1783300.0,186.2413330078125
2020-04-28,199.82000732421875,191.25999450683594,194.0,197.5800018310547,2385200.0,196.2432098388672
2020-04-29,199.9499969482422,196.66000366210938,197.83999633789062,197.5800018310547,1638100.0,196.2432098388672
2020-04-30,195.3300018310547,192.0500030517578,194.1199951171875,193.5,2138400.0,192.19081115722656
2020-05-01,191.22000122070312,187.83999633789062,190.2100067138672,190.0,1356600.0,188.71449279785156
2020-05-04,191.8000030517578,185.85000610351562,188.94000244140625,191.52000427246094,1101800.0,190.22421264648438
2020-05-05,196.69000244140625,192.92999267578125,195.3699951171875,193.32000732421875,1092700.0,192.0120391845703
2020-05-06,196.5,192.22000122070312,193.25,193.02999877929688,1185300.0,191.72398376464844
2020-05-07,197.02999877929688,193.47999572753906,196.25,194.1199951171875,1014400.0,192.80661010742188
2020-05-08,198.44000244140625,194.86000061035156,197.0,197.75999450683594,1052600.0,196.4219970703125
2020-05-11,196.8000030517578,193.49000549316406,195.9199981689453,196.0800018310547,1193000.0,194.7533416748047
2020-05-12,197.9600067138672,194.17999267578125,196.92999267578125,194.1999969482422,919100.0,192.88607788085938
2020-05-13,194.4600067138672,190.13999938964844,193.3000030517578,191.97000122070312,1433000.0,190.67117309570312
2020-05-14,192.64999389648438,186.22999572753906,189.6999969482422,192.44000244140625,1748900.0,191.1379852294922
2020-05-15,195.3300018310547,189.35000610351562,190.8000030517578,194.75,3032000.0,193.43235778808594
2020-05-18,206.97999572753906,199.52999877929688,200.0,204.88999938964844,3021800.0,203.5037384033203
2020-05-19,205.85000610351562,201.08999633789062,204.39999389648438,201.24000549316406,2594400.0,199.87844848632812
2020-05-20,208.0800018310547,201.77000427246094,205.0,202.4499969482422,3473400.0,201.08026123046875
2020-05-21,203.92999267578125,199.6999969482422,202.8300018310547,200.39999389648438,3440600.0,199.0441131591797
2020-05-22,201.57000732421875,199.02000427246094,200.10000610351562,200.5,1656100.0,199.14344787597656
2020-05-26,207.94000244140625,202.1999969482422,204.17999267578125,204.58999633789062,5241700.0,203.2057647705078
2020-05-27,207.63999938964844,202.35000610351562,207.02000427246094,207.35000610351562,10254900.0,205.9470977783203
2020-05-28,212.7899932861328,205.1300048828125,210.02000427246094,211.41000366210938,14058400.0,209.97962951660156
2020-05-29,216.91000366210938,208.1999969482422,211.3800048828125,212.5800018310547,21059600.0,211.1417236328125
2020-06-01,213.0399932861328,207.8300018310547,212.66000366210938,209.0500030517578,24301200.0,207.63558959960938
2020-06-02,220.38999938964844,209.30999755859375,209.30999755859375,212.13999938964844,38401500.0,210.70469665527344
2020-06-03,221.7899932861328,215.07000732421875,215.6300048828125,220.86000061035156,27343300.0,219.36569213867188
2020-06-04,222.13999938964844,217.11000061035156,219.1699981689453,222.0,5127500.0,220.49798583984375
2020-06-05,231.36000061035156,224.9499969482422,225.14999389648438,229.55999755859375,14131100.0,228.00682067871094
2020-06-08,230.60000610351562,225.5500030517578,228.3300018310547,230.11000061035156,5622300.0,228.5531005859375
2020-06-09,229.2100067138672,225.88999938964844,226.9199981689453,226.7100067138672,9422300.0,225.17611694335938
2020-06-10,228.4499969482422,223.69000244140625,227.83999633789062,225.91000366210938,4439400.0,224.3815155029297
2020-06-11,220.64999389648438,201.8699951171875,219.8800048828125,202.5399932861328,2292000.0,201.1696319580078
2020-06-12,210.39999389648438,199.19000244140625,208.5800018310547,204.05999755859375,2066500.0,202.6793670654297
2020-06-15,200.8000030517578,196.69000244140625,198.72999572753906,199.88999938964844,3616200.0,198.99591064453125
2020-06-16,208.47000122070312,203.17999267578125,208.05999755859375,206.22999572753906,1848400.0,205.3075408935547
2020-06-17,207.75999450683594,203.63999938964844,207.75999450683594,205.05999755859375,1421000.0,204.14279174804688
2020-06-18,205.97000122070312,203.11000061035156,204.33999633789062,205.24000549316406,1374400.0,204.32199096679688
2020-06-19,209.94000244140625,199.41000366210938,209.44000244140625,199.75,2531800.0,198.85653686523438
2020-06-22,202.47000122070312,196.52000427246094,199.0800018310547,201.64999389648438,1211700.0,200.74803161621094
2020-06-23,204.55999755859375,199.72000122070312,203.05999755859375,199.80999755859375,1004100.0,198.916259765625
2020-06-24,198.86000061035156,196.52999877929688,198.50999450683594,196.6699981689453,1296200.0,195.79031372070312
2020-06-25,196.7100067138672,192.3000030517578,195.49000549316406,196.02999877929688,1098500.0,195.15318298339844
2020-06-26,199.92999267578125,190.97999572753906,197.14999389648438,191.75,3866400.0,190.89231872558594
2020-06-29,196.42999267578125,192.58999633789062,194.47000122070312,195.6199951171875,1030400.0,194.74501037597656
2020-06-30,199.77999877929688,194.6999969482422,196.33999633789062,198.9499969482422,1302000.0,198.0601043701172
2020-07-01,201.27000427246094,197.7100067138672,199.22000122070312,200.24000549316406,1470200.0,199.34434509277344
2020-07-02,204.14999389648438,200.14999389648438,202.9600067138672,200.89999389648438,1727300.0,200.0013885498047
2020-07-06,204.52000427246094,197.86000061035156,203.3300018310547,201.72999572753906,1972400.0,200.82766723632812
2020-07-07,203.7899932861328,200.0,200.2899932861328,202.94000244140625,1475700.0,202.0322723388672
2020-07-08,203.2100067138672,194.0,202.13999938964844,196.77000427246094,1939200.0,195.88986206054688
2020-07-09,198.63999938964844,194.5399932861328,197.64999389648438,197.5,1229200.0,196.61660766601562
2020-07-10,201.22000122070312,196.27000427246094,197.50999450683594,200.66000366210938,886200.0,199.76246643066406
2020-07-13,204.77000427246094,199.94000244140625,201.97000122070312,200.3000030517578,1206700.0,199.40406799316406
2020-07-14,204.35000610351562,199.0,199.33999633789062,204.13999938964844,803100.0,203.22689819335938
2020-07-15,208.5399932861328,205.30999755859375,206.1300048828125,207.89999389648438,917800.0,206.97007751464844
2020-07-16,210.02000427246094,206.7899932861328,207.0,208.2899932861328,838300.0,207.3583221435547
2020-07-17,210.9199981689453,208.3699951171875,209.00999450683594,210.36000061035156,826300.0,209.41908264160156
2020-07-20,211.52999877929688,208.41000366210938,209.8699951171875,209.85000610351562,1297900.0,208.911376953125
2020-07-21,211.17999267578125,207.19000244140625,210.4199981689453,207.64999389648438,852100.0,206.72119140625
2020-07-22,210.55999755859375,207.16000366210938,207.60000610351562,210.32000732421875,633900.0,209.3792724609375
2020-07-23,212.6699981689453,208.7899932861328,210.91000366210938,209.5399932861328,764700.0,208.6027374267578
2020-07-24,210.19000244140625,207.85000610351562,209.02000427246094,210.05999755859375,702300.0,209.12042236328125
2020-07-27,213.41000366210938,208.57000732421875,210.1300048828125,212.0399932861328,896800.0,211.091552734375
2020-07-28,205.5,193.30999755859375,205.5,193.72000122070312,2566900.0,192.853515625
2020-07-29,196.24000549316406,193.14999389648438,193.25999450683594,194.8300018310547,2339900.0,193.9585418701172
2020-07-30,193.64999389648438,189.35000610351562,192.1300048828125,191.0500030517578,1447500.0,190.19546508789062
2020-07-31,191.1999969482422,183.27999877929688,190.35000610351562,187.0800018310547,1797400.0,186.2432098388672
2020-08-03,189.1199951171875,184.3000030517578,188.00999450683594,184.41000366210938,1586800.0,183.5851593017578
2020-08-04,190.60000610351562,183.0399932861328,184.42999267578125,189.30999755859375,2265900.0,188.46322631835938
2020-08-05,193.97999572753906,190.25999450683594,190.25999450683594,191.94000244140625,1613500.0,191.0814666748047
2020-08-06,195.1199951171875,191.00999450683594,192.3800048828125,194.1999969482422,1378500.0,193.33135986328125
2020-08-07,196.08999633789062,192.27000427246094,194.0,194.89999389648438,1354900.0,194.02821350097656
2020-08-10,197.22999572753906,194.2100067138672,194.97000122070312,195.3000030517578,761100.0,194.4264373779297
2020-08-11,199.97999572753906,195.61000061035156,198.6199951171875,196.22000122070312,786100.0,195.3423309326172
2020-08-12,199.92999267578125,197.2899932861328,197.5,198.69000244140625,850000.0,197.80126953125
2020-08-13,198.91000366210938,195.9499969482422,196.77000427246094,196.5500030517578,618200.0,195.6708526611328
2020-08-14,196.83999633789062,193.86000061035156,196.07000732421875,194.7100067138672,630900.0,193.83908081054688
2020-08-17,197.38999938964844,193.72999572753906,195.77000427246094,194.85000610351562,637700.0,193.97845458984375
2020-08-18,195.80999755859375,193.5800018310547,195.41000366210938,194.3699951171875,619900.0,193.50059509277344
2020-08-19,196.0399932861328,193.85000610351562,195.39999389648438,194.05999755859375,688100.0,193.19198608398438
2020-08-20,194.77999877929688,192.16000366210938,192.16000366210938,194.41000366210938,508100.0,193.54042053222656
2020-08-21,195.36000061035156,193.02999877929688,194.64999389648438,194.85000610351562,704300.0,193.97845458984375
2020-08-24,198.5,196.11000061035156,196.5800018310547,197.52000427246094,578000.0,196.6365203857422
2020-08-25,199.3699951171875,195.74000549316406,197.92999267578125,195.99000549316406,664100.0,195.1133575439453
2020-08-26,198.27000427246094,195.42999267578125,195.75,197.11000061035156,783800.0,196.2283477783203
2020-08-27,199.89999389648438,197.58999633789062,197.61000061035156,197.67999267578125,869000.0,196.79579162597656
2020-08-28,200.6699981689453,196.60000610351562,197.8800048828125,200.5,748800.0,199.60317993164062
2020-08-31,200.99000549316406,196.9600067138672,200.5,197.0800018310547,826100.0,196.19847106933594
2020-09-01,201.66000366210938,195.7899932861328,196.6199951171875,201.66000366210938,1124900.0,200.75799560546875
2020-09-02,209.6699981689453,201.25,201.25,209.17999267578125,1372800.0,208.24435424804688
2020-09-03,209.38999938964844,202.17999267578125,208.52999877929688,204.83999633789062,2042300.0,203.92376708984375
2020-09-04,206.82000732421875,202.8699951171875,204.85000610351562,204.75999450683594,1632800.0,203.8441162109375
2020-09-08,203.2899932861328,195.1699981689453,202.8699951171875,197.8800048828125,1322700.0,196.99490356445312
2020-09-09,205.08999633789062,199.9600067138672,200.1999969482422,203.0,1342700.0,202.09201049804688
2020-09-10,205.6199951171875,201.4600067138672,204.24000549316406,201.8699951171875,828600.0,200.967041015625
2020-09-11,204.86000061035156,202.13999938964844,203.63999938964844,203.60000610351562,1012500.0,202.68931579589844
2020-09-14,207.02999877929688,204.39999389648438,205.49000549316406,204.88999938964844,1029500.0,204.44549560546875
2020-09-15,208.3300018310547,205.97999572753906,206.6699981689453,206.6300048828125,1433300.0,206.1817169189453
2020-09-16,209.5399932861328,207.64999389648438,208.0,207.82000732421875,1574000.0,207.369140625
2020-09-17,208.49000549316406,204.9199981689453,205.97000122070312,207.5,1343900.0,207.04983520507812
2020-09-18,208.1999969482422,203.80999755859375,207.0500030517578,204.02000427246094,1910000.0,203.57737731933594
2020-09-21,200.97000122070312,195.88999938964844,199.94000244140625,198.47000122070312,744500.0,198.0394287109375
2020-09-22,200.4600067138672,198.4499969482422,199.3699951171875,199.16000366210938,913300.0,198.72792053222656
2020-09-23,200.0,194.6999969482422,199.27000427246094,195.1999969482422,1131500.0,194.77651977539062
2020-09-24,197.3699951171875,192.4199981689453,194.11000061035156,194.61000061035156,961700.0,194.1877899169922
2020-09-25,196.72000122070312,193.0,193.7100067138672,196.02999877929688,1021300.0,195.60472106933594
2020-09-28,201.44000244140625,197.69000244140625,199.91000366210938,198.27000427246094,1316000.0,197.83985900878906
2020-09-29,199.25999450683594,196.82000732421875,199.0,197.4499969482422,776900.0,197.02163696289062
2020-09-30,201.6300048828125,198.0800018310547,198.69000244140625,199.83999633789062,1390400.0,199.4064483642578
2020-10-01,203.75,196.1199951171875,201.77999877929688,197.0800018310547,1192800.0,196.65243530273438
2020-10-02,199.83999633789062,194.5,195.07000732421875,198.05999755859375,1162000.0,197.63031005859375
2020-10-05,202.2899932861328,199.08999633789062,200.47999572753906,199.38999938964844,1295500.0,198.95742797851562
2020-10-06,201.89999389648438,196.19000244140625,200.0,196.42999267578125,1284300.0,196.00384521484375
2020-10-07,203.27999877929688,199.57000732421875,199.63999938964844,201.39999389648438,1357100.0,200.9630584716797
2020-10-08,203.47000122070312,201.32000732421875,203.33999633789062,201.4600067138672,842000.0,201.02293395996094
2020-10-09,204.72000122070312,202.91000366210938,203.63999938964844,203.16000366210938,670800.0,202.71925354003906
2020-10-12,206.17999267578125,201.97000122070312,204.35000610351562,202.72999572753906,1249000.0,202.29017639160156
2020-10-13,204.49000549316406,200.85000610351562,202.11000061035156,201.0500030517578,990400.0,200.61383056640625
2020-10-14,203.41000366210938,201.1199951171875,201.36000061035156,201.30999755859375,668100.0,200.87326049804688
2020-10-15,203.19000244140625,197.94000244140625,198.7899932861328,201.44000244140625,1054300.0,201.0029754638672
2020-10-16,206.8000030517578,202.16000366210938,202.52999877929688,204.52999877929688,1070600.0,204.08627319335938
2020-10-19,206.02999877929688,200.7899932861328,205.3000030517578,201.7899932861328,993900.0,201.3522186279297
2020-10-20,205.25,201.89999389648438,202.17999267578125,203.00999450683594,887200.0,202.56956481933594
2020-10-21,206.2100067138672,202.2899932861328,202.2899932861328,203.2100067138672,1039900.0,202.76914978027344
2020-10-22,205.8300018310547,202.3699951171875,203.27999877929688,204.8699951171875,689800.0,204.425537109375
2020-10-23,207.74000549316406,204.0399932861328,206.25,204.8699951171875,748200.0,204.425537109375
2020-10-26,203.35000610351562,197.82000732421875,202.4499969482422,198.1699981689453,1148100.0,197.7400665283203
2020-10-27,204.49000549316406,189.0399932861328,200.0,189.77000427246094,2387200.0,189.35830688476562
2020-10-28,189.19000244140625,185.0,185.9199981689453,185.35000610351562,1198900.0,184.94789123535156
2020-10-29,188.39999389648438,184.02000427246094,185.72999572753906,186.94000244140625,1206000.0,186.53443908691406
2020-10-30,188.30999755859375,181.25,185.63999938964844,183.58999633789062,1159000.0,183.1916961669922
2020-11-02,192.5800018310547,186.58999633789062,186.58999633789062,188.85000610351562,941500.0,188.44029235839844
2020-11-03,194.27000427246094,189.66000366210938,191.05999755859375,192.61000061035156,966500.0,192.192138671875
2020-11-04,194.8699951171875,190.1300048828125,192.97999572753906,191.88999938964844,837100.0,191.47369384765625
2020-11-05,198.02000427246094,194.44000244140625,195.25,196.4199981689453,917400.0,195.99386596679688
2020-11-06,200.82000732421875,196.7100067138672,198.49000549316406,199.38999938964844,914800.0,198.95742797851562
2020-11-09,220.2100067138672,208.85000610351562,210.0,216.89999389648438,2693800.0,216.42942810058594
2020-11-10,220.61000061035156,210.8300018310547,219.47000122070312,212.22999572753906,1829300.0,211.76956176757812
2020-11-11,213.8800048828125,207.72000122070312,213.39999389648438,209.8300018310547,1077900.0,209.37477111816406
2020-11-12,209.8800048828125,201.11000061035156,209.8800048828125,203.47999572753906,1180500.0,203.03854370117188
2020-11-13,208.7100067138672,204.9600067138672,205.22999572753906,208.42999267578125,1081700.0,207.97779846191406
2020-11-16,215.02000427246094,209.55999755859375,210.27000427246094,213.3800048828125,839600.0,212.91708374023438
2020-11-17,212.99000549316406,209.89999389648438,211.33999633789062,212.27000427246094,874000.0,211.8094940185547
2020-11-18,213.38999938964844,209.44000244140625,213.1300048828125,209.44000244140625,828300.0,208.98562622070312
2020-11-19,212.58999633789062,207.60000610351562,208.8800048828125,210.92999267578125,802700.0,210.47238159179688
2020-11-20,212.33999633789062,209.75,210.39999389648438,210.66000366210938,847000.0,210.20297241210938
2020-11-23,215.5,212.00999450683594,212.77999877929688,213.9199981689453,730500.0,213.45590209960938
2020-11-24,221.72000122070312,216.38999938964844,216.38999938964844,219.30999755859375,979600.0,218.83421325683594
2020-11-25,220.47999572753906,216.91000366210938,218.39999389648438,218.02999877929688,757800.0,217.55699157714844
2020-11-27,225.3800048828125,218.8300018310547,219.4499969482422,224.80999755859375,792700.0,224.32228088378906
2020-11-30,224.6999969482422,219.4600067138672,222.89999389648438,222.14999389648438,2060500.0,221.6680450439453
2020-12-01,226.32000732421875,221.58999633789062,224.97000122070312,224.02000427246094,997000.0,223.53399658203125
2020-12-02,224.5399932861328,218.9499969482422,223.38999938964844,219.13999938964844,898600.0,218.66458129882812
2020-12-03,223.80999755859375,219.00999450683594,219.1699981689453,219.75,992700.0,219.27325439453125
2020-12-04,225.86000061035156,221.1999969482422,221.1999969482422,225.61000061035156,781200.0,225.12054443359375
2020-12-07,225.02999877929688,221.75999450683594,224.8699951171875,222.74000549316406,794600.0,222.25677490234375
2020-12-08,224.60000610351562,221.9499969482422,222.60000610351562,224.41000366210938,712700.0,223.9231414794922
2020-12-09,226.55999755859375,222.9600067138672,225.22999572753906,225.89999389648438,734200.0,225.409912109375
2020-12-10,227.2899932861328,222.66000366210938,225.22999572753906,223.0800018310547,924000.0,222.59603881835938
2020-12-11,224.5,220.27999877929688,221.92999267578125,221.25,734500.0,220.77000427246094
2020-12-14,222.7899932861328,216.6199951171875,222.24000549316406,217.0,758300.0,217.0
2020-12-15,224.08999633789062,218.0800018310547,219.4499969482422,222.9499969482422,942100.0,222.9499969482422
2020-12-16,223.33999633789062,219.92999267578125,222.1300048828125,220.00999450683594,751600.0,220.00999450683594
2020-12-17,222.60000610351562,219.7899932861328,221.39999389648438,220.61000061035156,925500.0,220.61000061035156
2020-12-18,221.33999633789062,216.8699951171875,221.05999755859375,218.5800018310547,2178300.0,218.5800018310547
2020-12-21,215.89999389648438,210.7899932861328,215.5800018310547,215.80999755859375,1241600.0,215.80999755859375
2020-12-22,217.60000610351562,214.3800048828125,216.27999877929688,215.2100067138672,946900.0,215.2100067138672
2020-12-23,219.2100067138672,213.27999877929688,216.69000244140625,213.32000732421875,510600.0,213.32000732421875
2020-12-24,216.36000061035156,212.05999755859375,213.22000122070312,216.1199951171875,279200.0,216.1199951171875
2020-12-28,218.66000366210938,214.27000427246094,217.35000610351562,214.6999969482422,729600.0,214.6999969482422
2020-12-29,216.92999267578125,213.3699951171875,216.00999450683594,214.47000122070312,395100.0,214.47000122070312
2020-12-30,218.38999938964844,214.77000427246094,215.6699981689453,215.24000549316406,477300.0,215.24000549316406
2020-12-31,216.83999633789062,214.72999572753906,215.25,216.36000061035156,752300.0,216.36000061035156
2021-01-04,220.4499969482422,213.11000061035156,218.0,214.30999755859375,1459900.0,214.30999755859375
2021-01-05,216.85000610351562,212.42999267578125,214.27000427246094,216.55999755859375,721700.0,216.55999755859375
2021-01-06,227.17999267578125,217.9199981689453,219.50999450683594,225.42999267578125,1310800.0,225.42999267578125
2021-01-07,227.97000122070312,224.27000427246094,227.42999267578125,225.74000549316406,814200.0,225.74000549316406
2021-01-08,226.47999572753906,218.61000061035156,224.9499969482422,221.75,981500.0,221.75
2021-01-11,221.97000122070312,218.86000061035156,219.83999633789062,221.05999755859375,673200.0,221.05999755859375
2021-01-12,223.67999267578125,220.0,221.07000732421875,223.1300048828125,595100.0,223.1300048828125
2021-01-13,223.25999450683594,216.13999938964844,222.47999572753906,216.9600067138672,1058800.0,216.9600067138672
2021-01-14,219.02999877929688,212.1300048828125,217.55999755859375,212.42999267578125,814300.0,212.42999267578125
2021-01-15,213.97999572753906,209.7899932861328,213.1699981689453,210.77000427246094,1155500.0,210.77000427246094
2021-01-19,216.69000244140625,211.02000427246094,212.3800048828125,215.91000366210938,1003500.0,215.91000366210938
2021-01-20,219.42999267578125,216.33999633789062,217.3000030517578,218.3800048828125,702300.0,218.3800048828125
2021-01-21,220.0,213.92999267578125,218.30999755859375,214.00999450683594,724900.0,214.00999450683594
2021-01-22,213.9499969482422,210.75,213.80999755859375,212.38999938964844,856000.0,212.38999938964844
2021-01-25,213.0,208.0,212.1699981689453,211.25999450683594,743600.0,211.25999450683594
2021-01-26,212.0399932861328,209.07000732421875,211.27000427246094,209.3300018310547,875900.0,209.3300018310547
2021-01-27,209.0,201.5500030517578,206.72999572753906,207.3699951171875,1123700.0,207.3699951171875
2021-01-28,217.1199951171875,207.10000610351562,210.05999755859375,211.10000610351562,1203000.0,211.10000610351562
2021-01-29,211.55999755859375,203.6699981689453,209.3000030517578,204.50999450683594,1115100.0,204.50999450683594
2021-02-01,209.11000061035156,204.69000244140625,205.33999633789062,208.42999267578125,1125700.0,208.42999267578125
2021-02-02,211.49000549316406,208.16000366210938,209.9199981689453,210.27999877929688,920400.0,210.27999877929688
2021-02-03,210.94000244140625,207.0800018310547,209.82000732421875,208.97000122070312,876100.0,208.97000122070312
2021-02-04,210.60000610351562,205.7899932861328,209.55999755859375,208.1300048828125,993100.0,208.1300048828125
2021-02-05,214.07000732421875,210.8800048828125,210.89999389648438,212.77999877929688,818300.0,212.77999877929688
2021-02-08,217.3000030517578,213.14999389648438,214.07000732421875,217.0500030517578,754100.0,217.0500030517578
2021-02-09,217.67999267578125,215.1199951171875,217.30999755859375,215.55999755859375,922100.0,215.55999755859375
2021-02-10,217.97000122070312,215.27000427246094,217.4600067138672,215.64999389648438,581100.0,215.64999389648438
2021-02-11,218.5800018310547,214.47000122070312,215.7100067138672,216.39999389648438,911400.0,216.39999389648438
2021-02-12,220.0,215.3300018310547,215.69000244140625,219.8800048828125,1001500.0,219.8800048828125
2021-02-16,220.0,210.5,219.8000030517578,210.91000366210938,1091800.0,210.91000366210938
2021-02-17,210.63999938964844,205.6999969482422,209.60000610351562,208.7899932861328,953500.0,208.7899932861328
2021-02-18,211.07000732421875,206.2100067138672,206.85000610351562,209.8000030517578,783800.0,209.8000030517578
2021-02-19,211.4600067138672,208.00999450683594,210.24000549316406,208.0800018310547,856000.0,208.0800018310547
2021-02-22,207.88999938964844,206.0,207.0500030517578,206.5399932861328,955000.0,206.5399932861328
2021-02-23,211.8800048828125,205.5,207.22000122070312,211.16000366210938,1149000.0,211.16000366210938
2021-02-24,217.4199981689453,212.27999877929688,212.2899932861328,216.19000244140625,1004200.0,216.19000244140625
2021-02-25,216.16000366210938,210.92999267578125,215.69000244140625,211.9600067138672,960200.0,211.9600067138672
2021-02-26,213.16000366210938,209.13999938964844,212.05999755859375,209.36000061035156,1117600.0,209.36000061035156
2021-03-01,212.97000122070312,210.57000732421875,210.8000030517578,211.22000122070312,1080100.0,211.22000122070312
2021-03-02,213.82000732421875,210.22999572753906,211.74000549316406,211.5399932861328,702600.0,211.5399932861328
2021-03-03,212.2100067138672,208.17999267578125,211.0800018310547,208.32000732421875,1097700.0,208.32000732421875
2021-03-04,210.47000122070312,201.36000061035156,208.4499969482422,204.57000732421875,1282900.0,204.57000732421875
2021-03-05,208.72999572753906,201.14999389648438,206.42999267578125,207.91000366210938,1601900.0,207.91000366210938
2021-03-08,214.50999450683594,208.8300018310547,210.02000427246094,211.58999633789062,1041500.0,211.58999633789062
2021-03-09,216.8800048828125,212.4199981689453,213.60000610351562,214.47999572753906,1114500.0,214.47999572753906
2021-03-10,218.6999969482422,212.8000030517578,215.02000427246094,216.97000122070312,765700.0,216.97000122070312
2021-03-11,218.5,214.08999633789062,216.50999450683594,214.39999389648438,790900.0,214.39999389648438
2021-03-12,215.9199981689453,213.625,214.58999633789062,214.25,321817.0,214.25
